year,prediction,method
2016,45.12360752580386,bart_all
2016,45.767853625880704,bart_all
2016,47.13656151185687,bart_all
2016,46.73142978840492,bart_all
2016,46.48074657843058,bart_all
2016,45.839155180312645,bart_all
2016,46.03443375271232,bart_all
2016,45.609333971681764,bart_all
2016,45.85272156434808,bart_all
2016,45.76253090796702,bart_all
2016,46.05267278026283,bart_all
2016,46.1115395602801,bart_all
2016,46.1207291183832,bart_all
2016,45.94411660098163,bart_all
2016,45.850361477771685,bart_all
2016,45.899881230187376,bart_all
2016,46.13143943530736,bart_all
2016,46.22866340796336,bart_all
2016,46.21558283276876,bart_all
2016,46.412375358100526,bart_all
2016,46.20733334441997,bart_all
2016,46.184301562730376,bart_all
2016,46.27451186297715,bart_all
2016,46.51450270149731,bart_all
2016,46.61850114263234,bart_all
2016,46.67346681012651,bart_all
2016,46.60855775320866,bart_all
2016,46.60481722456589,bart_all
2016,46.79601997111495,bart_all
2016,46.820270115423035,bart_all
2016,46.92454245715548,bart_all
2016,47.0198679659087,bart_all
2016,47.07032152846353,bart_all
2016,47.17074524725703,bart_all
2016,47.33493554253203,bart_all
2016,47.29915513651417,bart_all
2016,47.408396591183404,bart_all
2016,47.386253694632494,bart_all
2016,47.38533826679114,bart_all
2016,47.47113596869945,bart_all
2016,47.51746236735078,bart_all
2016,47.544081309495894,bart_all
2016,47.60996944522449,bart_all
2016,47.461107009443424,bart_all
2016,47.479809000347124,bart_all
2016,47.649298967213625,bart_all
2016,47.63153023418933,bart_all
2016,47.621886596821994,bart_all
2016,47.65488164039985,bart_all
2016,47.72858039739222,bart_all
2016,47.694893488200265,bart_all
2016,47.62420118574835,bart_all
2016,47.528741367702494,bart_all
2016,47.673493004814794,bart_all
2016,47.76637936327509,bart_all
2016,47.85081983070018,bart_all
2016,47.81241984577367,bart_all
2016,47.756838633781086,bart_all
2016,47.765197365789845,bart_all
2016,47.79895738102485,bart_all
2016,47.78267450361838,bart_all
2016,47.73055833613452,bart_all
2016,47.674938432836484,bart_all
2016,47.583352847668564,bart_all
2016,47.562444001220065,bart_all
2016,47.488091329774434,bart_all
2016,47.559019495051324,bart_all
2016,47.59790008744369,bart_all
2016,47.621255759769326,bart_all
2016,47.612484705426375,bart_all
2016,47.63257674283885,bart_all
2016,47.66789357160932,bart_all
2016,47.625626667730764,bart_all
2016,47.62524317285687,bart_all
2016,47.498866697375526,bart_all
2016,47.57698361125145,bart_all
2016,47.56763902902433,bart_all
2016,47.56282202716673,bart_all
2016,47.52055609476757,bart_all
2016,47.430688146450294,bart_all
2016,47.382905264929356,bart_all
2016,47.30792596304617,bart_all
2016,47.30667491378897,bart_all
2016,47.28022934645282,bart_all
2016,47.27857640457786,bart_all
2016,47.27395358910215,bart_all
2016,47.255448454041954,bart_all
2016,47.2715069004246,bart_all
2016,47.3271057029786,bart_all
2016,47.311306832474564,bart_all
2016,47.259941756808296,bart_all
2016,47.282298979144656,bart_all
2016,47.30868204278253,bart_all
2016,47.43035768787349,bart_all
2016,47.396623463814954,bart_all
2016,47.38771241116828,bart_all
2016,47.40359779024269,bart_all
2016,47.3804906802186,bart_all
2016,47.41051213825284,bart_all
2016,47.38141219125812,bart_all
2016,47.36177495298776,bart_all
2016,47.35654870728482,bart_all
2016,47.362718814128556,bart_all
2016,47.332255940988105,bart_all
2016,47.39101265179557,bart_all
2016,47.35958117322244,bart_all
2016,47.35441113980964,bart_all
2016,47.3463963662566,bart_all
2016,47.32740965199988,bart_all
2016,47.31717092486399,bart_all
2016,47.3193469440983,bart_all
2016,47.34829227803129,bart_all
2016,47.40329565750006,bart_all
2016,47.430175296122634,bart_all
2016,47.4392424791578,bart_all
2016,47.45133788805923,bart_all
2016,47.44209937379213,bart_all
2016,47.42766264043054,bart_all
2016,47.40431098242406,bart_all
2016,47.422569075510566,bart_all
2016,47.41405215477379,bart_all
2016,47.38258018269461,bart_all
2016,47.360102422674686,bart_all
2016,47.36201152684075,bart_all
2016,47.38181714599076,bart_all
2016,47.38246803327513,bart_all
2016,47.34629364416181,bart_all
2016,47.350321436657694,bart_all
2016,47.37233650351324,bart_all
2016,47.370368178368274,bart_all
2016,47.424819323309066,bart_all
2016,47.4387263672005,bart_all
2016,47.464926156146596,bart_all
2016,47.427829278969696,bart_all
2016,47.44064042900882,bart_all
2016,47.4359934040886,bart_all
2016,47.41739712704398,bart_all
2016,47.42578045735112,bart_all
2016,47.40041434252744,bart_all
2016,47.35977243078132,bart_all
2016,47.332179750729864,bart_all
2016,47.352806925833605,bart_all
2016,47.39589497472397,bart_all
2016,47.38728447351728,bart_all
2016,47.40120956766328,bart_all
2016,47.439579871208984,bart_all
2016,47.43817121042133,bart_all
2016,47.44130231854563,bart_all
2016,47.41638249312318,bart_all
2016,47.408049632960356,bart_all
2016,47.39789475481446,bart_all
2016,47.399219927270316,bart_all
2016,47.400243718249556,bart_all
2016,47.38512620301785,bart_all
2016,47.39752780961227,bart_all
2016,47.39452288030703,bart_all
2016,47.400367363878566,bart_all
2016,47.42306627707972,bart_all
2016,47.42407303683611,bart_all
2016,47.401640697258586,bart_all
2016,47.385382470293365,bart_all
2016,47.353996466423546,bart_all
2016,47.34514337424181,bart_all
2016,47.31985430597681,bart_all
2016,47.33532794787543,bart_all
2016,47.30877298735474,bart_all
2016,47.33523403737111,bart_all
2016,47.339376132207775,bart_all
2016,47.352902185523504,bart_all
2016,47.359389302358316,bart_all
2016,47.3132865837128,bart_all
2016,47.304598727016,bart_all
2016,47.295050741369145,bart_all
2016,47.275603260686495,bart_all
2016,47.295470307893396,bart_all
2016,47.287968154399394,bart_all
2016,47.26871375842545,bart_all
2016,47.23008503994928,bart_all
2016,47.23120166531628,bart_all
2016,47.236681931743874,bart_all
2016,47.21209488521198,bart_all
2016,47.20030121204742,bart_all
2016,47.19276172431232,bart_all
2016,47.188664758007604,bart_all
2016,47.171781222616474,bart_all
2016,47.16000493376154,bart_all
2016,47.173195451228146,bart_all
2016,47.19678886007046,bart_all
2016,47.20123788881214,bart_all
2016,47.1907608151746,bart_all
2016,47.20533218532026,bart_all
2016,47.196771829764074,bart_all
2016,47.216168300054754,bart_all
2016,47.228032245743236,bart_all
2016,47.22941774386497,bart_all
2016,47.2360174040742,bart_all
2016,47.23408027424711,bart_all
2016,47.22914151754682,bart_all
2016,47.23261923940143,bart_all
2016,47.2476553883386,bart_all
2016,47.28831831509236,bart_all
2016,47.27562625370221,bart_all
2016,47.269600542911896,bart_all
2016,47.29342209886516,bart_all
2016,47.28540377661669,bart_all
2016,47.28937599446529,bart_all
2016,47.312034930441655,bart_all
2016,47.319814025961236,bart_all
2016,47.34512031214159,bart_all
2016,47.33707819664066,bart_all
2016,47.29468445252799,bart_all
2016,47.309312756060336,bart_all
2016,47.301691054671146,bart_all
2016,47.31380659481784,bart_all
2016,47.32281540126387,bart_all
2016,47.31872766175941,bart_all
2016,47.34013830977204,bart_all
2016,47.3220842745347,bart_all
2016,47.32471907420866,bart_all
2016,47.29669952519216,bart_all
2016,47.31090847361167,bart_all
2016,47.31446831469691,bart_all
2016,47.35020988849425,bart_all
2016,47.330810346900115,bart_all
2016,47.34626536073589,bart_all
2016,47.36463413756749,bart_all
2016,47.34626713774409,bart_all
2016,47.331314137528466,bart_all
2016,47.33670042585781,bart_all
2016,47.362744083643335,bart_all
2016,47.3748520243673,bart_all
2016,47.33763362368347,bart_all
2016,47.34402544370678,bart_all
2016,47.34210712850229,bart_all
2016,47.348555392127544,bart_all
2016,47.34709410908784,bart_all
2016,47.33930398742011,bart_all
2016,47.32023029654667,bart_all
2016,47.32919213222482,bart_all
2016,47.33430807778159,bart_all
2016,47.337452837644186,bart_all
2016,47.3461960677631,bart_all
2016,47.34377129073793,bart_all
2016,47.37788164630467,bart_all
2016,47.39148655035755,bart_all
2016,47.39023363739785,bart_all
2016,47.40511864722177,bart_all
2016,47.391219327426676,bart_all
2016,47.37155634897647,bart_all
2016,47.36815285136963,bart_all
2016,47.37976634000146,bart_all
2016,47.39031599731848,bart_all
2016,47.38467403624246,bart_all
2016,47.37260822501882,bart_all
2016,47.36332117252843,bart_all
2016,47.3598928106568,bart_all
2016,47.36512345802121,bart_all
2016,47.36796995074881,bart_all
2016,47.368727967823034,bart_all
2016,47.36177472004476,bart_all
2016,47.34950796162566,bart_all
2016,47.360280389044355,bart_all
2016,47.37152424520346,bart_all
2016,47.36542796538749,bart_all
2016,47.36790311041473,bart_all
2016,47.37244958546248,bart_all
2016,47.38859624198073,bart_all
2016,47.38055822634274,bart_all
2016,47.36450390174846,bart_all
2016,47.38490085572552,bart_all
2016,47.40044545730753,bart_all
2016,47.38162918719835,bart_all
2016,47.37037969704901,bart_all
2016,47.38267999332491,bart_all
2016,47.38853500805177,bart_all
2016,47.38615988783569,bart_all
2016,47.3819207348714,bart_all
2016,47.393571291968655,bart_all
2016,47.41231155752823,bart_all
2016,47.411546332475055,bart_all
2016,47.42513144828981,bart_all
2016,47.446678814882596,bart_all
2016,47.46385129251962,bart_all
2016,47.47262265222835,bart_all
2016,47.465178356215276,bart_all
2016,47.45039236229766,bart_all
2016,47.44070077752327,bart_all
2016,47.444829452414055,bart_all
2016,47.46013464831015,bart_all
2016,47.451598343352195,bart_all
2016,47.45931117551408,bart_all
2016,47.47799100017055,bart_all
2016,47.48763672878278,bart_all
2016,47.47584061699916,bart_all
2016,47.46506243388783,bart_all
2016,47.47729628121097,bart_all
2016,47.51015371653183,bart_all
2016,47.51992645366832,bart_all
2016,47.515539215618354,bart_all
2016,47.520126955862054,bart_all
2016,47.51867673831862,bart_all
2016,47.5034870544606,bart_all
2016,47.50075877795476,bart_all
2016,47.49082403702819,bart_all
2016,47.4808798432784,bart_all
2016,47.46290149803602,bart_all
2016,47.46859694445313,bart_all
2016,47.49562161029215,bart_all
2016,47.50797172088099,bart_all
2016,47.50420537586307,bart_all
2016,47.48821511529048,bart_all
2016,47.4902384926209,bart_all
2016,47.48256627778987,bart_all
2016,47.4824091914051,bart_all
2016,47.48286343442689,bart_all
2016,47.480272580823026,bart_all
2016,47.47976354354872,bart_all
2016,47.49365138502074,bart_all
2016,47.47825310341257,bart_all
2016,47.490240639448835,bart_all
2016,47.47897942522841,bart_all
2016,47.49562649587787,bart_all
2016,47.48509534678858,bart_all
2016,47.47007390171247,bart_all
2016,47.47276904428195,bart_all
2016,47.461307726653736,bart_all
2016,47.440003511064205,bart_all
2016,47.43002004930787,bart_all
2016,47.43121346675251,bart_all
2016,47.43060998613856,bart_all
2016,47.42991174965886,bart_all
2016,47.4262935494787,bart_all
2016,47.434314117089464,bart_all
2016,47.43155894037493,bart_all
2016,47.422409338293235,bart_all
2016,47.42615833084531,bart_all
2016,47.41671782624296,bart_all
2016,47.42048961111342,bart_all
2016,47.427862322241225,bart_all
2016,47.43848758328518,bart_all
2016,47.436237039248525,bart_all
2016,47.426996459795525,bart_all
2016,47.452440704775135,bart_all
2016,47.44451831408128,bart_all
2016,47.43992670303514,bart_all
2016,47.44810067726837,bart_all
2016,47.43694216633726,bart_all
2016,47.42452349707482,bart_all
2016,47.408534538330024,bart_all
2016,47.41688124086238,bart_all
2016,47.42969122743045,bart_all
2016,47.424726740377835,bart_all
2016,47.42975874007551,bart_all
2016,47.43695284725755,bart_all
2016,47.42914119655492,bart_all
2016,47.425989416993396,bart_all
2016,47.426895802049685,bart_all
2016,47.42782289556315,bart_all
2016,47.440643087097556,bart_all
2016,47.43962267881581,bart_all
2016,47.442831986297215,bart_all
2016,47.43611259491462,bart_all
2016,47.42346995326049,bart_all
2016,47.40991454193579,bart_all
2016,47.40275976634156,bart_all
2016,47.415205454074055,bart_all
2016,47.399648806333175,bart_all
2016,47.39999968118468,bart_all
2016,47.40535815507916,bart_all
2016,47.39792436022856,bart_all
2016,47.39230744901527,bart_all
2016,47.38761462552659,bart_all
2016,47.39257501972104,bart_all
2016,47.40215246988395,bart_all
2016,47.40067188759895,bart_all
2016,47.3941133165148,bart_all
2016,47.40596750198716,bart_all
2016,47.40894929828461,bart_all
2016,47.41651904701822,bart_all
2016,47.40830640409676,bart_all
2016,47.40849710444928,bart_all
2016,47.41168425801588,bart_all
2016,47.41971577333338,bart_all
2016,47.41088709492154,bart_all
2016,47.405353968748884,bart_all
2016,47.3997363615524,bart_all
2016,47.39553866321072,bart_all
2016,47.39245963136075,bart_all
2016,47.40653499015296,bart_all
2016,47.4229970574154,bart_all
2016,47.413983348231234,bart_all
2016,47.403741965924326,bart_all
2016,47.398902934841914,bart_all
2016,47.396162873765405,bart_all
2016,47.39778446570105,bart_all
2016,47.38780182125477,bart_all
2016,47.36815656280874,bart_all
2016,47.37469334308868,bart_all
2016,47.388382180163845,bart_all
2016,47.38626618043506,bart_all
2016,47.392065407004004,bart_all
2016,47.38335576681232,bart_all
2016,47.38869867114059,bart_all
2016,47.38961579102332,bart_all
2016,47.397159709496435,bart_all
2016,47.39502931243371,bart_all
2016,47.39254072122126,bart_all
2016,47.38798730328178,bart_all
2016,47.38528873788719,bart_all
2016,47.381462015042985,bart_all
2016,47.38278408247596,bart_all
2016,47.38039486001245,bart_all
2016,47.37961961917785,bart_all
2016,47.381070907637316,bart_all
2016,47.36817570463854,bart_all
2016,47.37396015250586,bart_all
2016,47.380008428731564,bart_all
2016,47.3853485869413,bart_all
2016,47.380131531479925,bart_all
2016,47.37679885064497,bart_all
2016,47.36686658466064,bart_all
2016,47.37073111794879,bart_all
2016,47.38146240605553,bart_all
2016,47.37654717328875,bart_all
2016,47.3651347268207,bart_all
2016,47.36278352937855,bart_all
2016,47.357399261739445,bart_all
2016,47.360641231250135,bart_all
2016,47.35372636472283,bart_all
2016,47.36333708235246,bart_all
2016,47.35688862986438,bart_all
2016,47.36163049084666,bart_all
2016,47.37207365558824,bart_all
2016,47.37978940768818,bart_all
2016,47.38939695801511,bart_all
2016,47.39609392144502,bart_all
2016,47.40147577451081,bart_all
2016,47.40579363091426,bart_all
2016,47.40644157900494,bart_all
2016,47.408681595616166,bart_all
2016,47.41090373689187,bart_all
2016,47.42283957250211,bart_all
2016,47.41487612727518,bart_all
2016,47.41445940536599,bart_all
2016,47.409547463066254,bart_all
2016,47.414439625549505,bart_all
2016,47.41394456191957,bart_all
2016,47.420271507497716,bart_all
2016,47.40881360708978,bart_all
2016,47.40907260761861,bart_all
2016,47.40571335584236,bart_all
2016,47.39803326401224,bart_all
2016,47.410509676700855,bart_all
2016,47.40876635835488,bart_all
2016,47.41091252414998,bart_all
2016,47.4068676978082,bart_all
2016,47.4040848293458,bart_all
2016,47.4084118021346,bart_all
2016,47.407990566617755,bart_all
2016,47.40168303824899,bart_all
2016,47.39813031367599,bart_all
2016,47.39072022751422,bart_all
2016,47.39556946029917,bart_all
2016,47.389485094910086,bart_all
2016,47.39125159704795,bart_all
2016,47.38308090205639,bart_all
2016,47.37947904626627,bart_all
2016,47.36983472725831,bart_all
2016,47.38184616166077,bart_all
2016,47.392387049451365,bart_all
2016,47.400217852721205,bart_all
2016,47.409634971860086,bart_all
2016,47.41741683777115,bart_all
2016,47.404980541526065,bart_all
2016,47.40065270382497,bart_all
2016,47.39742599019418,bart_all
2016,47.40608191687112,bart_all
2016,47.40600476934718,bart_all
2016,47.40645400937932,bart_all
2016,47.40039174525481,bart_all
2016,47.39414715426369,bart_all
2016,47.393847300104824,bart_all
2016,47.39894312653346,bart_all
2016,47.39038952789265,bart_all
2016,47.38983389179483,bart_all
2016,47.404795438588586,bart_all
2016,47.39774856705407,bart_all
2016,47.38994416191385,bart_all
2016,47.3916069986614,bart_all
2016,47.39492342412765,bart_all
2016,47.39008104923656,bart_all
2016,47.381983186914304,bart_all
2016,47.37882534516671,bart_all
2016,47.37787205448279,bart_all
2016,47.372541685861165,bart_all
2016,47.36628030698499,bart_all
2016,47.36964644084349,bart_all
2016,47.38559972893558,bart_all
2016,47.38797896291718,bart_all
2016,47.383414617990695,bart_all
2016,47.389338300601636,bart_all
2016,47.38432187909957,bart_all
2016,47.385351360470366,bart_all
2016,47.39011400843809,bart_all
2016,47.388902603384125,bart_all
2016,47.384966996108766,bart_all
2016,47.38658058860607,bart_all
2016,47.390055703735634,bart_all
2016,47.400908252147445,bart_all
2016,47.410706778528514,bart_all
2016,47.405347665462294,bart_all
2016,47.40419241342986,bart_all
2016,47.406424917827174,bart_all
2016,47.40411455033334,bart_all
2016,47.41452661093203,bart_all
2016,47.40741656862879,bart_all
2016,47.40556473078329,bart_all
2016,47.4063819150146,bart_all
2016,47.399350377321,bart_all
2016,47.40363911825558,bart_all
2016,47.40559082715523,bart_all
2016,47.40395549839302,bart_all
2016,47.39749389837072,bart_all
2016,47.40718531545471,bart_all
2016,47.39939015250299,bart_all
2016,47.396590487818656,bart_all
2016,47.39523848529784,bart_all
2016,47.38708007119352,bart_all
2016,47.388723490333604,bart_all
2016,47.38557149510261,bart_all
2016,47.38711759165298,bart_all
2016,47.387943469725656,bart_all
2016,47.39069276547553,bart_all
2016,47.39040896699588,bart_all
2016,47.381580208768234,bart_all
2016,47.37900152542166,bart_all
2016,47.36941552535996,bart_all
2016,47.36783906023036,bart_all
2016,47.37466469821932,bart_all
2016,47.36745340171492,bart_all
2016,47.35910154512304,bart_all
2016,47.375081267778754,bart_all
2016,47.38153485788936,bart_all
2016,47.37436710410235,bart_all
2016,47.36463584734069,bart_all
2016,47.36813277493974,bart_all
2016,47.38026128447167,bart_all
2016,47.38776519824267,bart_all
2016,47.4005491717747,bart_all
2016,47.39891319375559,bart_all
2016,47.40315292810636,bart_all
2016,47.4056283718614,bart_all
2016,47.39348653119353,bart_all
2016,47.401796655848074,bart_all
2016,47.40460765755785,bart_all
2016,47.40787625906657,bart_all
2016,47.41014369836642,bart_all
2016,47.414312124343084,bart_all
2016,47.41875696684203,bart_all
2016,47.42037039438434,bart_all
2016,47.41391649901401,bart_all
2016,47.41032360390986,bart_all
2016,47.40591213800261,bart_all
2016,47.39372403034398,bart_all
2016,47.39112873810332,bart_all
2016,47.398079674165096,bart_all
2016,47.404007298080174,bart_all
2016,47.40195245006982,bart_all
2016,47.409623563652275,bart_all
2016,47.41070158205482,bart_all
2016,47.40661767709732,bart_all
2016,47.40349514055353,bart_all
2016,47.40434607281544,bart_all
2016,47.401495357930585,bart_all
2016,47.40798771323006,bart_all
2016,47.405776406381335,bart_all
2016,47.40440028475125,bart_all
2016,47.403209556419824,bart_all
2016,47.39876872593845,bart_all
2016,47.38784130037405,bart_all
2016,47.3792788972724,bart_all
2016,47.377039287148,bart_all
2016,47.37473832215382,bart_all
2016,47.371128650699056,bart_all
2016,47.36844592599091,bart_all
2016,47.37456210373905,bart_all
2016,47.37437428563213,bart_all
2016,47.36211308602639,bart_all
2016,47.348700655120766,bart_all
2016,47.339608749266446,bart_all
2016,47.33495094715808,bart_all
2016,47.320720728306576,bart_all
2016,47.31630428016195,bart_all
2016,47.316269168106,bart_all
2016,47.313685452218444,bart_all
2016,47.31853868738739,bart_all
2016,47.315282180781765,bart_all
2016,47.319649499381796,bart_all
2016,47.31671376908079,bart_all
2016,47.308477225448705,bart_all
2016,47.30527806343103,bart_all
2016,47.29930988621025,bart_all
2016,47.29715445122129,bart_all
2016,47.29128402231891,bart_all
2016,47.2721622609415,bart_all
2016,47.270530573552314,bart_all
2016,47.27096038400167,bart_all
2016,47.27160095698394,bart_all
2016,47.266253258784744,bart_all
2016,47.26513159591356,bart_all
2016,47.2631411456948,bart_all
2016,47.26592757345699,bart_all
2016,47.27253608942012,bart_all
2016,47.272122885986974,bart_all
2016,47.264507006562596,bart_all
2016,47.26204210711688,bart_all
2016,47.26145173932929,bart_all
2016,47.269182775584014,bart_all
2016,47.28028711509454,bart_all
2016,47.27447763245477,bart_all
2016,47.26991639393372,bart_all
2016,47.262535475816506,bart_all
2016,47.26630086942956,bart_all
2016,47.263896042467024,bart_all
2016,47.26506859977186,bart_all
2016,47.258131016972,bart_all
2016,47.2532627801266,bart_all
2016,47.25347823794405,bart_all
2016,47.25556517215139,bart_all
2016,47.258241376721884,bart_all
2016,47.255921717848125,bart_all
2016,47.25332896159286,bart_all
2016,47.25766617551775,bart_all
2016,47.26001437026702,bart_all
2016,47.257223778082874,bart_all
2016,47.25007192609863,bart_all
2016,47.25299150987945,bart_all
2016,47.25623604353811,bart_all
2016,47.25061917216691,bart_all
2016,47.253987965433225,bart_all
2016,47.25031971726172,bart_all
2016,47.24959177089092,bart_all
2016,47.24714119006853,bart_all
2016,47.25313014577136,bart_all
2016,47.25220860127659,bart_all
2016,47.24504856864769,bart_all
2016,47.24257421422478,bart_all
2016,47.23881712205597,bart_all
2016,47.238716129009745,bart_all
2016,47.245440735380505,bart_all
2016,47.23466949905449,bart_all
2016,47.242739875131846,bart_all
2016,47.24949076474276,bart_all
2016,47.24509724974778,bart_all
2016,47.24525247652528,bart_all
2016,47.243946380651444,bart_all
2016,47.243331072016346,bart_all
2016,47.234864502784966,bart_all
2016,47.23725016281182,bart_all
2016,47.23538817124768,bart_all
2016,47.233904694721886,bart_all
2016,47.234807567221566,bart_all
2016,47.23654740977909,bart_all
2016,47.23851853788941,bart_all
2016,47.24124369157316,bart_all
2016,47.24422926714446,bart_all
2016,47.24756234698503,bart_all
2016,47.24898125133002,bart_all
2016,47.247483135140016,bart_all
2016,47.249371546296764,bart_all
2016,47.24489361197935,bart_all
2016,47.25196378039556,bart_all
2016,47.26150903647516,bart_all
2016,47.25671328850608,bart_all
2016,47.25385723820432,bart_all
2016,47.26314515559492,bart_all
2016,47.255373331865236,bart_all
2016,47.253533579171545,bart_all
2016,47.25563319229289,bart_all
2016,47.249615122656486,bart_all
2016,47.25221838886294,bart_all
2016,47.252063781945154,bart_all
2016,47.2377553870897,bart_all
2016,47.2313293586656,bart_all
2016,47.23581238204844,bart_all
2016,47.23041459605552,bart_all
2016,47.23784013754609,bart_all
2016,47.2335494550273,bart_all
2016,47.23337959848388,bart_all
2016,47.235263908833545,bart_all
2016,47.22767527157994,bart_all
2016,47.23527761737466,bart_all
2016,47.24050127254684,bart_all
2016,47.24569708792468,bart_all
2016,47.257187935140635,bart_all
2016,47.25810370589706,bart_all
2016,47.25914164960062,bart_all
2016,47.26798284715089,bart_all
2016,47.268880096834735,bart_all
2016,47.25993878692466,bart_all
2016,47.259924583252854,bart_all
2016,47.26031507132885,bart_all
2016,47.26420231055158,bart_all
2016,47.263504544885656,bart_all
2016,47.259738582415366,bart_all
2016,47.260093096297396,bart_all
2016,47.26356897713294,bart_all
2016,47.26307175921133,bart_all
2016,47.259116828396294,bart_all
2016,47.25505772143471,bart_all
2016,47.25459347816842,bart_all
2016,47.26139411260613,bart_all
2016,47.27030845678861,bart_all
2016,47.27602650940609,bart_all
2016,47.28751057151342,bart_all
2016,47.2900438773271,bart_all
2016,47.282526685896215,bart_all
2016,47.27936259139135,bart_all
2016,47.27510397658291,bart_all
2016,47.275446039793735,bart_all
2016,47.277236700714994,bart_all
2016,47.27849969004471,bart_all
2016,47.27467771562533,bart_all
2016,47.27280825081287,bart_all
2016,47.27123008545119,bart_all
2016,47.277362790500725,bart_all
2016,47.278656922665164,bart_all
2016,47.27572101285735,bart_all
2016,47.28190087570281,bart_all
2016,47.28969402225618,bart_all
2016,47.30217398541304,bart_all
2016,47.30827164034258,bart_all
2016,47.30602206049393,bart_all
2016,47.31126501523849,bart_all
2016,47.31796645618394,bart_all
2016,47.31265278963522,bart_all
2016,47.31582585351241,bart_all
2016,47.3126766333305,bart_all
2016,47.306141654101815,bart_all
2016,47.304391935960496,bart_all
2016,47.31094130771617,bart_all
2016,47.31137574881333,bart_all
2016,47.31317569640807,bart_all
2016,47.314573843659275,bart_all
2016,47.32290197678829,bart_all
2016,47.3269013457092,bart_all
2016,47.32442053036402,bart_all
2016,47.31960529003909,bart_all
2016,47.323030157633085,bart_all
2016,47.320110538129775,bart_all
2016,47.313593013566624,bart_all
2016,47.310297654827956,bart_all
2016,47.31070137268349,bart_all
2016,47.31067726358199,bart_all
2016,47.31365965410437,bart_all
2016,47.31210811849826,bart_all
2016,47.31102160980572,bart_all
2016,47.312245983588284,bart_all
2016,47.30835929166617,bart_all
2016,47.31559206066948,bart_all
2016,47.31331975957299,bart_all
2016,47.32388580163848,bart_all
2016,47.328312427010815,bart_all
2016,47.31863498432796,bart_all
2016,47.32266667620245,bart_all
2016,47.317571421622695,bart_all
2016,47.3159428221921,bart_all
2016,47.31652237935499,bart_all
2016,47.31996415217787,bart_all
2016,47.31392592419394,bart_all
2016,47.31070717598408,bart_all
2016,47.304867575362024,bart_all
2016,47.30546168224484,bart_all
2016,47.30917139633849,bart_all
2016,47.30973785037585,bart_all
2016,47.31773396311874,bart_all
2016,47.31089396180305,bart_all
2016,47.310115951856226,bart_all
2016,47.30913042199472,bart_all
2016,47.31072523549906,bart_all
2016,47.306344310190354,bart_all
2016,47.311373236791525,bart_all
2016,47.311879948034175,bart_all
2016,47.31314680927382,bart_all
2016,47.32189480428805,bart_all
2016,47.319443358648044,bart_all
2016,47.32096700866426,bart_all
2016,47.32269112373687,bart_all
2016,47.32629199242463,bart_all
2016,47.33381697251782,bart_all
2016,47.33882433036963,bart_all
2016,47.34088272977266,bart_all
2016,47.34248284969317,bart_all
2016,47.34723892466569,bart_all
2016,47.34711234469202,bart_all
2016,47.346515935485876,bart_all
2016,47.35172342994374,bart_all
2016,47.35343323606216,bart_all
2016,47.357513201159875,bart_all
2016,47.358771852930175,bart_all
2016,47.36010488838578,bart_all
2016,47.362922246923,bart_all
2016,47.36287467963594,bart_all
2016,47.366469239835276,bart_all
2016,47.37053700992157,bart_all
2016,47.365610841584584,bart_all
2016,47.36764437252167,bart_all
2016,47.368742480411186,bart_all
2016,47.36472286369068,bart_all
2016,47.367761500157336,bart_all
2016,47.36777364072828,bart_all
2016,47.36544758078691,bart_all
2016,47.37057655747511,bart_all
2016,47.37542040693834,bart_all
2016,47.378937569974944,bart_all
2016,47.381179852888614,bart_all
2016,47.374663907816576,bart_all
2016,47.37773665994098,bart_all
2016,47.38605326384107,bart_all
2016,47.38845645673835,bart_all
2016,47.38311299216748,bart_all
2016,47.3833439242845,bart_all
2016,47.385730852385535,bart_all
2016,47.3816497744905,bart_all
2016,47.37952122323566,bart_all
2016,47.37305688906571,bart_all
2016,47.36995541506989,bart_all
2016,47.366111602425576,bart_all
2016,47.369123936887796,bart_all
2016,47.373567182431685,bart_all
2016,47.37608504065264,bart_all
2016,47.37461493513936,bart_all
2016,47.37085047268363,bart_all
2016,47.371276484331545,bart_all
2016,47.375431730893894,bart_all
2016,47.37490917119368,bart_all
2016,47.366842291975985,bart_all
2016,47.36183264070678,bart_all
2016,47.36255370307838,bart_all
2016,47.36233355144558,bart_all
2016,47.35940182910343,bart_all
2016,47.35757132462474,bart_all
2016,47.35556276127642,bart_all
2016,47.344444019313855,bart_all
2016,47.348254548754554,bart_all
2016,47.35222333100201,bart_all
2016,47.354955278902075,bart_all
2016,47.35768087605851,bart_all
2016,47.359721852473264,bart_all
2016,47.35528457778646,bart_all
2016,47.359226714002446,bart_all
2016,47.365534896477165,bart_all
2016,47.36708393202511,bart_all
2016,47.37059145125127,bart_all
2016,47.364516830401165,bart_all
2016,47.35914641863478,bart_all
2016,47.357491636771485,bart_all
2016,47.35496334963203,bart_all
2016,47.35596303362685,bart_all
2016,47.35736262583205,bart_all
2016,47.360712810877715,bart_all
2016,47.35831390345004,bart_all
2016,47.35982062597429,bart_all
2016,47.36266767920797,bart_all
2016,47.36256746987559,bart_all
2016,47.3613692661561,bart_all
2016,47.368439079403274,bart_all
2016,47.36637916924461,bart_all
2016,47.37000588091921,bart_all
2016,47.37155113478818,bart_all
2016,47.37349434854633,bart_all
2016,47.374031840501715,bart_all
2016,47.38051237092173,bart_all
2016,47.38089062267268,bart_all
2016,47.374337641982024,bart_all
2016,47.371502168168796,bart_all
2016,47.369751045975974,bart_all
2016,47.375753089288054,bart_all
2016,47.37400627880154,bart_all
2016,47.376007225696924,bart_all
2016,47.37531990766576,bart_all
2016,47.37958600470366,bart_all
2016,47.38383996030618,bart_all
2016,47.38147772100625,bart_all
2016,47.38237188538362,bart_all
2016,47.380884022453614,bart_all
2016,47.374728297952025,bart_all
2016,47.36534696226311,bart_all
2016,47.368759586478646,bart_all
2016,47.37483009971547,bart_all
2016,47.377565316946836,bart_all
2016,47.375878950767074,bart_all
2016,47.37915101735838,bart_all
2016,47.37996569812663,bart_all
2016,47.376199869973526,bart_all
2016,47.37310190132821,bart_all
2016,47.3717916871704,bart_all
2016,47.37296159959382,bart_all
2016,47.37506336720458,bart_all
2016,47.37217623738104,bart_all
2016,47.37957822348518,bart_all
2016,47.382754767674406,bart_all
2016,47.38057202379958,bart_all
2016,47.37755860098383,bart_all
2016,47.37203733399696,bart_all
2016,47.3724760811135,bart_all
2016,47.37556725312102,bart_all
2016,47.378217786495185,bart_all
2016,47.38012673318853,bart_all
2016,47.37906490170222,bart_all
2016,47.38800448339998,bart_all
2016,47.38977250470233,bart_all
2016,47.386113744038475,bart_all
2016,47.38818028630662,bart_all
2016,47.385145517172646,bart_all
2016,47.38399778824415,bart_all
2016,47.380414331465985,bart_all
2016,47.38446681825959,bart_all
2016,47.38528035742562,bart_all
2016,47.384051456485494,bart_all
2016,47.381617299708445,bart_all
2016,47.382458147975825,bart_all
2016,47.38267940521217,bart_all
2016,47.38499132805822,bart_all
2016,47.38727955911213,bart_all
2016,47.387160564122055,bart_all
2016,47.387453695530375,bart_all
2016,47.38488554651808,bart_all
2016,47.383108530179385,bart_all
2016,47.38354431567761,bart_all
2016,47.37169309456124,bart_all
2016,47.366955358123164,bart_all
2016,47.36606268921285,bart_all
2016,47.36797393381851,bart_all
2016,47.37145444291892,bart_all
2016,47.37339847810963,bart_all
2016,47.37853559697009,bart_all
2016,47.378529505219824,bart_all
2016,47.37414063433965,bart_all
2016,47.370367611409435,bart_all
2016,47.36588110870683,bart_all
2016,47.364689730393934,bart_all
2016,47.35919925477533,bart_all
2016,47.359511030608076,bart_all
2016,47.35632062817327,bart_all
2016,47.356137073226726,bart_all
2016,47.35274903842746,bart_all
2016,47.35262907177377,bart_all
2016,47.34992104180069,bart_all
2016,47.34620146757533,bart_all
2016,47.34359549389826,bart_all
2016,47.34541352692179,bart_all
2016,47.34546964004757,bart_all
2016,47.348176426500885,bart_all
2016,47.34518955200805,bart_all
2016,47.349168761820756,bart_all
2016,47.34488736622503,bart_all
2016,47.349890402899135,bart_all
2016,47.35247350832982,bart_all
2016,47.353721656792494,bart_all
2016,47.35712291855499,bart_all
2016,47.360231151364495,bart_all
2016,47.356413019068164,bart_all
2016,47.3553437550742,bart_all
2016,47.350701382908966,bart_all
2016,47.3510280771295,bart_all
2016,47.34769633013806,bart_all
2016,47.34928931087234,bart_all
2016,47.35158980182576,bart_all
2016,47.35629404902329,bart_all
2016,47.35915334284738,bart_all
2016,47.36054468844942,bart_all
2016,47.35461942314167,bart_all
2016,47.35280512986022,bart_all
2016,47.3553941161656,bart_all
2016,47.36124137488664,bart_all
2016,47.36512865271624,bart_all
2016,47.37043755514719,bart_all
2016,47.36652647495997,bart_all
2016,47.366226118516714,bart_all
2016,47.363884570157346,bart_all
2016,47.37219063051997,bart_all
2016,47.37666779480165,bart_all
2016,47.38323374058204,bart_all
2016,47.385887601536226,bart_all
2016,47.386209618884635,bart_all
2016,47.385212085924294,bart_all
2016,47.384228776908486,bart_all
2016,47.38218721039029,bart_all
2016,47.38276633347116,bart_all
2016,47.378974793458454,bart_all
2016,47.37947682376119,bart_all
2016,47.37682576300616,bart_all
2016,47.367817419589414,bart_all
2016,47.368205633003896,bart_all
2016,47.36717226338254,bart_all
2016,47.36646249479196,bart_all
2016,47.364987803032896,bart_all
2016,47.362830282115446,bart_all
2016,47.361796129181755,bart_all
2020,48.4681525488796,bart_all
2020,46.88413693604755,bart_all
2020,46.572376896245174,bart_all
2020,47.253393927772535,bart_all
2020,47.60211613454491,bart_all
2020,47.33486265050768,bart_all
2020,47.28457407837007,bart_all
2020,46.68433085029169,bart_all
2020,46.78849664836784,bart_all
2020,47.08930811621982,bart_all
2020,46.88273902878318,bart_all
2020,46.81455772273061,bart_all
2020,47.02904467085271,bart_all
2020,46.71628204976092,bart_all
2020,46.43091109071305,bart_all
2020,46.61918695064577,bart_all
2020,46.55247298226626,bart_all
2020,46.66918314484738,bart_all
2020,46.45297556307115,bart_all
2020,46.79027946935237,bart_all
2020,47.04955257609322,bart_all
2020,47.145221881993855,bart_all
2020,47.09247275635846,bart_all
2020,47.32733945235799,bart_all
2020,47.302137910741266,bart_all
2020,47.235721572689286,bart_all
2020,47.204785714786816,bart_all
2020,47.327070015245,bart_all
2020,47.47495758742238,bart_all
2020,47.539325967202686,bart_all
2020,47.74265391930801,bart_all
2020,47.86227209285383,bart_all
2020,47.960086808000085,bart_all
2020,47.94700688439194,bart_all
2020,47.95511964167942,bart_all
2020,47.904231186928286,bart_all
2020,47.92726378277456,bart_all
2020,48.097622370101675,bart_all
2020,48.23483275761767,bart_all
2020,48.28610994681357,bart_all
2020,48.325921897852254,bart_all
2020,48.33515860463216,bart_all
2020,48.503120683001434,bart_all
2020,48.375219731381364,bart_all
2020,48.38503781649325,bart_all
2020,48.34868649608871,bart_all
2020,48.332782264165886,bart_all
2020,48.372636820529415,bart_all
2020,48.37248216786763,bart_all
2020,48.38393186558065,bart_all
2020,48.29232294155166,bart_all
2020,48.19904113123882,bart_all
2020,48.246168826721885,bart_all
2020,48.4704861861944,bart_all
2020,48.58263821800691,bart_all
2020,48.59518106170316,bart_all
2020,48.643061110692535,bart_all
2020,48.700194127655024,bart_all
2020,48.66598514191897,bart_all
2020,48.678786129440084,bart_all
2020,48.662798830594795,bart_all
2020,48.66987919296848,bart_all
2020,48.624214384272776,bart_all
2020,48.62170122451746,bart_all
2020,48.64189894144173,bart_all
2020,48.56948923093057,bart_all
2020,48.60216988604502,bart_all
2020,48.585984835636324,bart_all
2020,48.59597236258425,bart_all
2020,48.66501669544741,bart_all
2020,48.63055926379983,bart_all
2020,48.575011021250134,bart_all
2020,48.54621741147573,bart_all
2020,48.50232054855516,bart_all
2020,48.44225249979709,bart_all
2020,48.556308717981224,bart_all
2020,48.6134888407203,bart_all
2020,48.62028727146812,bart_all
2020,48.60852145301711,bart_all
2020,48.56734552023193,bart_all
2020,48.510450946872595,bart_all
2020,48.479832709990795,bart_all
2020,48.52523075023873,bart_all
2020,48.46537782686429,bart_all
2020,48.47247661181829,bart_all
2020,48.437326308582044,bart_all
2020,48.45989756091974,bart_all
2020,48.46779306414262,bart_all
2020,48.50908202214243,bart_all
2020,48.48511980437893,bart_all
2020,48.461698430676,bart_all
2020,48.48247845888823,bart_all
2020,48.45602425778286,bart_all
2020,48.53180535814826,bart_all
2020,48.5107809223785,bart_all
2020,48.48828032034342,bart_all
2020,48.51163116041114,bart_all
2020,48.53965674839779,bart_all
2020,48.560663326885475,bart_all
2020,48.578003766830655,bart_all
2020,48.56537124488269,bart_all
2020,48.62354646158329,bart_all
2020,48.59603860393505,bart_all
2020,48.62593467699628,bart_all
2020,48.647931732709466,bart_all
2020,48.640476758855804,bart_all
2020,48.60529073651763,bart_all
2020,48.559401927981014,bart_all
2020,48.538274990007395,bart_all
2020,48.50752028547684,bart_all
2020,48.5316479753576,bart_all
2020,48.596553682336875,bart_all
2020,48.604955058683956,bart_all
2020,48.63023785257127,bart_all
2020,48.65347257317955,bart_all
2020,48.63929373890724,bart_all
2020,48.65865884458521,bart_all
2020,48.62595344528138,bart_all
2020,48.569392525344114,bart_all
2020,48.5654876254886,bart_all
2020,48.57897184971574,bart_all
2020,48.5681061050312,bart_all
2020,48.50246747234543,bart_all
2020,48.51163112964649,bart_all
2020,48.532835529009056,bart_all
2020,48.51705923196797,bart_all
2020,48.52382270530892,bart_all
2020,48.538038552295674,bart_all
2020,48.58912422691332,bart_all
2020,48.583319121568394,bart_all
2020,48.63001235324309,bart_all
2020,48.65462628865348,bart_all
2020,48.65225645482636,bart_all
2020,48.609923597349464,bart_all
2020,48.639424806744195,bart_all
2020,48.63548273264294,bart_all
2020,48.608329007520695,bart_all
2020,48.64471402704553,bart_all
2020,48.586107691999274,bart_all
2020,48.54094793801049,bart_all
2020,48.52394583066049,bart_all
2020,48.54082962794945,bart_all
2020,48.56376051038166,bart_all
2020,48.55031765622967,bart_all
2020,48.55620599765899,bart_all
2020,48.58397726708477,bart_all
2020,48.59370413929344,bart_all
2020,48.6073398871178,bart_all
2020,48.584658399260576,bart_all
2020,48.5639717983093,bart_all
2020,48.5308863697539,bart_all
2020,48.5279556545336,bart_all
2020,48.55212262382834,bart_all
2020,48.52698273209066,bart_all
2020,48.5179475042011,bart_all
2020,48.5278250665956,bart_all
2020,48.50206841967217,bart_all
2020,48.506198590273414,bart_all
2020,48.49602001269188,bart_all
2020,48.46647671769577,bart_all
2020,48.45832621590477,bart_all
2020,48.39972365945256,bart_all
2020,48.39508970740354,bart_all
2020,48.354251317878024,bart_all
2020,48.33673547742551,bart_all
2020,48.35047404758765,bart_all
2020,48.38850285092826,bart_all
2020,48.37687242220435,bart_all
2020,48.36092671866807,bart_all
2020,48.346093848255784,bart_all
2020,48.33606519198881,bart_all
2020,48.34110101036278,bart_all
2020,48.32412534943689,bart_all
2020,48.35818605260539,bart_all
2020,48.34294705029261,bart_all
2020,48.35194232647846,bart_all
2020,48.35461036055488,bart_all
2020,48.325270983874354,bart_all
2020,48.3385726576282,bart_all
2020,48.34139536523816,bart_all
2020,48.34834199327194,bart_all
2020,48.330909850384515,bart_all
2020,48.36270317860249,bart_all
2020,48.34986940343994,bart_all
2020,48.33256099412278,bart_all
2020,48.33616161595791,bart_all
2020,48.37961279498637,bart_all
2020,48.41277389612157,bart_all
2020,48.40699059457514,bart_all
2020,48.38569909174204,bart_all
2020,48.39649243593742,bart_all
2020,48.40509100046842,bart_all
2020,48.42013509593285,bart_all
2020,48.424247917825646,bart_all
2020,48.44081788382927,bart_all
2020,48.431573156156055,bart_all
2020,48.44342262125912,bart_all
2020,48.43670525298889,bart_all
2020,48.419446177160566,bart_all
2020,48.42668398111974,bart_all
2020,48.44567710381663,bart_all
2020,48.441022541176025,bart_all
2020,48.43117684926761,bart_all
2020,48.436787431615635,bart_all
2020,48.44044662293889,bart_all
2020,48.46142131779756,bart_all
2020,48.45652857008381,bart_all
2020,48.46210830519114,bart_all
2020,48.470689175250584,bart_all
2020,48.48599584068545,bart_all
2020,48.44399691489855,bart_all
2020,48.44763225199778,bart_all
2020,48.441305122924476,bart_all
2020,48.45450912990117,bart_all
2020,48.468478578319306,bart_all
2020,48.47554366946366,bart_all
2020,48.47234791534488,bart_all
2020,48.45427858761764,bart_all
2020,48.460408979213554,bart_all
2020,48.45723105335496,bart_all
2020,48.472992308798595,bart_all
2020,48.46031277819685,bart_all
2020,48.4898972249713,bart_all
2020,48.47263190290677,bart_all
2020,48.4792774953028,bart_all
2020,48.46478330239744,bart_all
2020,48.43652613650191,bart_all
2020,48.4326371715719,bart_all
2020,48.40665289215343,bart_all
2020,48.41993584289084,bart_all
2020,48.43664606610017,bart_all
2020,48.41078436824374,bart_all
2020,48.39641902818161,bart_all
2020,48.38570098141744,bart_all
2020,48.375472808404226,bart_all
2020,48.37889617246929,bart_all
2020,48.369211902627136,bart_all
2020,48.340460152131804,bart_all
2020,48.32693715864376,bart_all
2020,48.324750301652855,bart_all
2020,48.335808813629455,bart_all
2020,48.32712913284493,bart_all
2020,48.34404858880984,bart_all
2020,48.352873153947456,bart_all
2020,48.339154266975086,bart_all
2020,48.325006340402986,bart_all
2020,48.32369059696141,bart_all
2020,48.32179914639652,bart_all
2020,48.30286229639114,bart_all
2020,48.28441007747406,bart_all
2020,48.2924955581224,bart_all
2020,48.27586964197061,bart_all
2020,48.27068595747761,bart_all
2020,48.25553309385514,bart_all
2020,48.26244295563217,bart_all
2020,48.24120227427927,bart_all
2020,48.2376863924465,bart_all
2020,48.22404763570286,bart_all
2020,48.22142404866916,bart_all
2020,48.22101314281444,bart_all
2020,48.21040326097636,bart_all
2020,48.21110350148303,bart_all
2020,48.211956160070805,bart_all
2020,48.20965618175791,bart_all
2020,48.20178420299748,bart_all
2020,48.197591198536664,bart_all
2020,48.21838219758874,bart_all
2020,48.23463577646357,bart_all
2020,48.229819662579814,bart_all
2020,48.248399288269745,bart_all
2020,48.24002774841682,bart_all
2020,48.21401045545917,bart_all
2020,48.19933401099092,bart_all
2020,48.22447839371698,bart_all
2020,48.224136840632404,bart_all
2020,48.21274845918653,bart_all
2020,48.218682199063785,bart_all
2020,48.22070611841676,bart_all
2020,48.23995210037515,bart_all
2020,48.23096168682787,bart_all
2020,48.22864948131627,bart_all
2020,48.252998549125266,bart_all
2020,48.24739246318792,bart_all
2020,48.24577872546565,bart_all
2020,48.2511315913638,bart_all
2020,48.22664423310573,bart_all
2020,48.21359054179058,bart_all
2020,48.20354133393694,bart_all
2020,48.20915907419801,bart_all
2020,48.18374951609576,bart_all
2020,48.18067852312144,bart_all
2020,48.17952571235307,bart_all
2020,48.17168216083344,bart_all
2020,48.15448913099779,bart_all
2020,48.15375605345209,bart_all
2020,48.16455020724439,bart_all
2020,48.19413951408632,bart_all
2020,48.19851689618571,bart_all
2020,48.19313669254052,bart_all
2020,48.19710955062569,bart_all
2020,48.18191621243264,bart_all
2020,48.172439429764616,bart_all
2020,48.172269357659005,bart_all
2020,48.153956583600916,bart_all
2020,48.14349939256913,bart_all
2020,48.122546406419126,bart_all
2020,48.10468383464959,bart_all
2020,48.11595801495636,bart_all
2020,48.13248004387614,bart_all
2020,48.14095342730489,bart_all
2020,48.14046420637035,bart_all
2020,48.16206881355998,bart_all
2020,48.15847919811257,bart_all
2020,48.1675698104931,bart_all
2020,48.162526627567985,bart_all
2020,48.159264204696754,bart_all
2020,48.16473134601409,bart_all
2020,48.18106641670977,bart_all
2020,48.161237426086814,bart_all
2020,48.18953758353229,bart_all
2020,48.18285200416048,bart_all
2020,48.19961661749426,bart_all
2020,48.20161911573512,bart_all
2020,48.20007055765842,bart_all
2020,48.212520465597784,bart_all
2020,48.19697762920852,bart_all
2020,48.179604828697634,bart_all
2020,48.1779703350886,bart_all
2020,48.18884185999614,bart_all
2020,48.19891836883901,bart_all
2020,48.20436922118535,bart_all
2020,48.20664120412577,bart_all
2020,48.220966048131935,bart_all
2020,48.22021895792548,bart_all
2020,48.232832172665745,bart_all
2020,48.22688558159611,bart_all
2020,48.20706343544444,bart_all
2020,48.216811685171685,bart_all
2020,48.21930368273074,bart_all
2020,48.216800037333925,bart_all
2020,48.21339495481776,bart_all
2020,48.199008106813906,bart_all
2020,48.22567094910116,bart_all
2020,48.222776587935336,bart_all
2020,48.20722014949302,bart_all
2020,48.2093583225555,bart_all
2020,48.204089401093334,bart_all
2020,48.19814631702048,bart_all
2020,48.19159708091125,bart_all
2020,48.19800748923063,bart_all
2020,48.2089045052797,bart_all
2020,48.199950787359,bart_all
2020,48.19630693576474,bart_all
2020,48.19996970469066,bart_all
2020,48.184755970272825,bart_all
2020,48.17705192959617,bart_all
2020,48.17839660844936,bart_all
2020,48.190738991554696,bart_all
2020,48.19941115516737,bart_all
2020,48.19261832000973,bart_all
2020,48.19367925827595,bart_all
2020,48.194651558498855,bart_all
2020,48.18128891247258,bart_all
2020,48.169750500120195,bart_all
2020,48.15868400686175,bart_all
2020,48.167837226948826,bart_all
2020,48.164594315251385,bart_all
2020,48.16090722621263,bart_all
2020,48.16680769328849,bart_all
2020,48.152054906555534,bart_all
2020,48.14690112740281,bart_all
2020,48.146286276352434,bart_all
2020,48.149952149760246,bart_all
2020,48.150325173660505,bart_all
2020,48.14848877295276,bart_all
2020,48.152077652837015,bart_all
2020,48.17174479181283,bart_all
2020,48.179018479713925,bart_all
2020,48.17434230025868,bart_all
2020,48.17637444193099,bart_all
2020,48.16820429500952,bart_all
2020,48.17097560750276,bart_all
2020,48.178836096303215,bart_all
2020,48.17531742591494,bart_all
2020,48.17806837126006,bart_all
2020,48.172583436409276,bart_all
2020,48.1490291549507,bart_all
2020,48.133364880312165,bart_all
2020,48.1479851266813,bart_all
2020,48.1529465272578,bart_all
2020,48.15067131306478,bart_all
2020,48.129928822458666,bart_all
2020,48.13888264021517,bart_all
2020,48.12789698508702,bart_all
2020,48.128668488186165,bart_all
2020,48.12222061354265,bart_all
2020,48.118844654942194,bart_all
2020,48.12909376247551,bart_all
2020,48.136812791622326,bart_all
2020,48.144201299561786,bart_all
2020,48.14855867967836,bart_all
2020,48.13692724528913,bart_all
2020,48.15356365625391,bart_all
2020,48.15538735259882,bart_all
2020,48.16235430368127,bart_all
2020,48.163860020599834,bart_all
2020,48.17914214330857,bart_all
2020,48.175616545276014,bart_all
2020,48.161571765588654,bart_all
2020,48.17115990680803,bart_all
2020,48.177586748699724,bart_all
2020,48.198383612588856,bart_all
2020,48.20458622978782,bart_all
2020,48.21786354569462,bart_all
2020,48.20447749785609,bart_all
2020,48.20415105002302,bart_all
2020,48.21334639752481,bart_all
2020,48.22636661304023,bart_all
2020,48.21334078919624,bart_all
2020,48.210592064739004,bart_all
2020,48.201610070302856,bart_all
2020,48.196196537071756,bart_all
2020,48.20318336845195,bart_all
2020,48.20737865333302,bart_all
2020,48.20602463051023,bart_all
2020,48.207605300320076,bart_all
2020,48.20654554935829,bart_all
2020,48.221649085186165,bart_all
2020,48.21292226134342,bart_all
2020,48.23218904065361,bart_all
2020,48.22722946808455,bart_all
2020,48.219275098525785,bart_all
2020,48.21992516459133,bart_all
2020,48.225107569225486,bart_all
2020,48.22094703649766,bart_all
2020,48.214279595623104,bart_all
2020,48.21288004947293,bart_all
2020,48.21495822826303,bart_all
2020,48.212752093676166,bart_all
2020,48.21298732895971,bart_all
2020,48.20662277604272,bart_all
2020,48.21295385410229,bart_all
2020,48.20316717043987,bart_all
2020,48.19211326751706,bart_all
2020,48.18450658394557,bart_all
2020,48.19112404540846,bart_all
2020,48.189034739508166,bart_all
2020,48.18470629138002,bart_all
2020,48.169524265254736,bart_all
2020,48.16735844187484,bart_all
2020,48.17344710303047,bart_all
2020,48.16250912163662,bart_all
2020,48.16998188551496,bart_all
2020,48.16073455906949,bart_all
2020,48.16074452773148,bart_all
2020,48.147310716029324,bart_all
2020,48.14306041570816,bart_all
2020,48.13819323101522,bart_all
2020,48.129133693577586,bart_all
2020,48.13227510425003,bart_all
2020,48.12804973614097,bart_all
2020,48.12769375846366,bart_all
2020,48.12688218364487,bart_all
2020,48.12859365047214,bart_all
2020,48.122027887776014,bart_all
2020,48.12500355001231,bart_all
2020,48.11911371512531,bart_all
2020,48.102733521307556,bart_all
2020,48.117560078044264,bart_all
2020,48.12057278613279,bart_all
2020,48.12342005684043,bart_all
2020,48.13167005779055,bart_all
2020,48.14262030882869,bart_all
2020,48.129779361916675,bart_all
2020,48.140219456210076,bart_all
2020,48.13569124772931,bart_all
2020,48.13417781122955,bart_all
2020,48.12709383496873,bart_all
2020,48.122901522528316,bart_all
2020,48.10875850276492,bart_all
2020,48.109980589943106,bart_all
2020,48.11401702749965,bart_all
2020,48.12064880574852,bart_all
2020,48.10807732784462,bart_all
2020,48.1098967443762,bart_all
2020,48.11519792286577,bart_all
2020,48.10578461251937,bart_all
2020,48.09663117201416,bart_all
2020,48.09469724687452,bart_all
2020,48.102685273446866,bart_all
2020,48.100096754869476,bart_all
2020,48.100965887310494,bart_all
2020,48.09964385544434,bart_all
2020,48.097268073981496,bart_all
2020,48.086387270378495,bart_all
2020,48.08138388156019,bart_all
2020,48.09009138054927,bart_all
2020,48.093936599583515,bart_all
2020,48.08228378480645,bart_all
2020,48.08126300397147,bart_all
2020,48.090777257165996,bart_all
2020,48.08401489212708,bart_all
2020,48.07671833273285,bart_all
2020,48.07870124632911,bart_all
2020,48.07203974151648,bart_all
2020,48.06149376729206,bart_all
2020,48.0550988929328,bart_all
2020,48.05932035826713,bart_all
2020,48.06203784175476,bart_all
2020,48.066719317250886,bart_all
2020,48.06099735117144,bart_all
2020,48.05755752000485,bart_all
2020,48.060627716699805,bart_all
2020,48.066649946839526,bart_all
2020,48.06500006323165,bart_all
2020,48.05293924419589,bart_all
2020,48.04912370842246,bart_all
2020,48.05354571657618,bart_all
2020,48.06061655939289,bart_all
2020,48.06419893630936,bart_all
2020,48.069154585092136,bart_all
2020,48.06285266731638,bart_all
2020,48.06204608618343,bart_all
2020,48.0789921098656,bart_all
2020,48.08033674315603,bart_all
2020,48.074859292660896,bart_all
2020,48.07386005690684,bart_all
2020,48.06965398225721,bart_all
2020,48.073239605501826,bart_all
2020,48.07358878894234,bart_all
2020,48.080352323945434,bart_all
2020,48.07943198639727,bart_all
2020,48.08511094129957,bart_all
2020,48.090418209271746,bart_all
2020,48.0822276036414,bart_all
2020,48.079757641215814,bart_all
2020,48.073649282775555,bart_all
2020,48.08150290126577,bart_all
2020,48.08156442157863,bart_all
2020,48.084523205005546,bart_all
2020,48.08221561479931,bart_all
2020,48.095870177083654,bart_all
2020,48.0992682178649,bart_all
2020,48.088804017955,bart_all
2020,48.08687133905549,bart_all
2020,48.08076535182182,bart_all
2020,48.099992835643064,bart_all
2020,48.10770982891283,bart_all
2020,48.10802735885281,bart_all
2020,48.10488644153353,bart_all
2020,48.10770375634223,bart_all
2020,48.10850296049688,bart_all
2020,48.109776226762804,bart_all
2020,48.11035593944507,bart_all
2020,48.10875916652411,bart_all
2020,48.1168948192022,bart_all
2020,48.11888820504427,bart_all
2020,48.12153933509725,bart_all
2020,48.13229980362774,bart_all
2020,48.1278444229238,bart_all
2020,48.11760439669051,bart_all
2020,48.11387447292415,bart_all
2020,48.106945915395194,bart_all
2020,48.09140027058186,bart_all
2020,48.09292078981588,bart_all
2020,48.08703427271561,bart_all
2020,48.08965051510303,bart_all
2020,48.08394251742727,bart_all
2020,48.07851582371533,bart_all
2020,48.07903038868035,bart_all
2020,48.06958486602271,bart_all
2020,48.07227766887911,bart_all
2020,48.0789369215895,bart_all
2020,48.08547297110766,bart_all
2020,48.08814190842343,bart_all
2020,48.08190228925862,bart_all
2020,48.07729420943632,bart_all
2020,48.07472538498296,bart_all
2020,48.06960016977757,bart_all
2020,48.057876164909224,bart_all
2020,48.04643456484788,bart_all
2020,48.04511499414137,bart_all
2020,48.04045088450988,bart_all
2020,48.033518293467445,bart_all
2020,48.04079063684577,bart_all
2020,48.0433688928634,bart_all
2020,48.05232259634877,bart_all
2020,48.0376089321301,bart_all
2020,48.033290426080036,bart_all
2020,48.03229912103362,bart_all
2020,48.04095055899719,bart_all
2020,48.03244027691769,bart_all
2020,48.03172241676354,bart_all
2020,48.03075991021631,bart_all
2020,48.02912286148278,bart_all
2020,48.03336285423058,bart_all
2020,48.03279394194162,bart_all
2020,48.032589557757404,bart_all
2020,48.02925106487288,bart_all
2020,48.02710364001775,bart_all
2020,48.0258559536242,bart_all
2020,48.025798538135874,bart_all
2020,48.02770704450884,bart_all
2020,48.02761109380454,bart_all
2020,48.016558051446395,bart_all
2020,48.018225009046866,bart_all
2020,48.014063814016225,bart_all
2020,48.01876235803592,bart_all
2020,48.0079347755842,bart_all
2020,48.00677225113088,bart_all
2020,47.99890101296241,bart_all
2020,48.00369782925775,bart_all
2020,48.01069274157138,bart_all
2020,48.013748787678445,bart_all
2020,47.998015756709776,bart_all
2020,47.99326245867063,bart_all
2020,47.9966559724065,bart_all
2020,48.0020633811354,bart_all
2020,48.003920480207384,bart_all
2020,48.00057828284006,bart_all
2020,47.993698172506534,bart_all
2020,47.99176944286052,bart_all
2020,47.99597937997614,bart_all
2020,47.996140020954826,bart_all
2020,47.998604538674215,bart_all
2020,47.9951059603804,bart_all
2020,47.98932416633328,bart_all
2020,47.99152774396462,bart_all
2020,47.99204369222984,bart_all
2020,47.98758751345001,bart_all
2020,47.988092550026664,bart_all
2020,47.99267574629525,bart_all
2020,47.98804822077669,bart_all
2020,47.988685157248085,bart_all
2020,47.98754981130382,bart_all
2020,47.98556182258572,bart_all
2020,47.9875229337814,bart_all
2020,47.990123746654845,bart_all
2020,47.98504030037424,bart_all
2020,47.985801783114496,bart_all
2020,47.98019455263605,bart_all
2020,47.9783841350294,bart_all
2020,47.973365718778,bart_all
2020,47.97966779577003,bart_all
2020,47.98592082852487,bart_all
2020,47.98067374462724,bart_all
2020,47.983150984108065,bart_all
2020,47.98557986993805,bart_all
2020,47.98926054804854,bart_all
2020,47.99687335225977,bart_all
2020,47.98905215618309,bart_all
2020,47.9921468875478,bart_all
2020,47.994144601811726,bart_all
2020,47.994085506821214,bart_all
2020,48.00143117445188,bart_all
2020,48.003190985455205,bart_all
2020,48.000397200859055,bart_all
2020,47.99450606902762,bart_all
2020,48.00032364260787,bart_all
2020,47.997960359955556,bart_all
2020,48.002866172909506,bart_all
2020,48.00647382687494,bart_all
2020,48.00130690097046,bart_all
2020,47.99529040856069,bart_all
2020,48.000371246019995,bart_all
2020,47.99830338172054,bart_all
2020,47.996084880328425,bart_all
2020,48.00144348674675,bart_all
2020,48.00702192170682,bart_all
2020,48.00588033467709,bart_all
2020,47.998987140281585,bart_all
2020,47.99853194190611,bart_all
2020,48.00474780259276,bart_all
2020,48.00425869001222,bart_all
2020,48.00250615380563,bart_all
2020,48.00346334201927,bart_all
2020,47.99741528602448,bart_all
2020,48.00005756084042,bart_all
2020,47.99614801741103,bart_all
2020,47.98843989489301,bart_all
2020,47.99088669042487,bart_all
2020,47.98481450646611,bart_all
2020,47.96880480817812,bart_all
2020,47.96316455381239,bart_all
2020,47.97241669509973,bart_all
2020,47.96557832152166,bart_all
2020,47.95889374531913,bart_all
2020,47.96049515401993,bart_all
2020,47.96154652197917,bart_all
2020,47.96138928224287,bart_all
2020,47.95280707110034,bart_all
2020,47.958739763447525,bart_all
2020,47.964790261267446,bart_all
2020,47.96548346353623,bart_all
2020,47.97178300327537,bart_all
2020,47.96730449195546,bart_all
2020,47.96287949666945,bart_all
2020,47.97439158191857,bart_all
2020,47.96558986257054,bart_all
2020,47.9569896304518,bart_all
2020,47.961526463317476,bart_all
2020,47.963451167953345,bart_all
2020,47.977042483723174,bart_all
2020,47.97962348270218,bart_all
2020,47.98123372967516,bart_all
2020,47.984043099742856,bart_all
2020,47.98347988037763,bart_all
2020,47.979790934423704,bart_all
2020,47.9774199763075,bart_all
2020,47.97324185952144,bart_all
2020,47.97723455775455,bart_all
2020,47.98023420145127,bart_all
2020,47.98443082045527,bart_all
2020,47.98697870553225,bart_all
2020,47.993396504860904,bart_all
2020,48.00015979233301,bart_all
2020,47.99526358580971,bart_all
2020,47.99143529121906,bart_all
2020,47.99022455801551,bart_all
2020,47.98985665393235,bart_all
2020,47.99737869944154,bart_all
2020,47.99758540629619,bart_all
2020,47.99627905110769,bart_all
2020,47.99504738183161,bart_all
2020,47.98727625112719,bart_all
2020,47.990547816755715,bart_all
2020,47.98684940464893,bart_all
2020,47.97817519890651,bart_all
2020,47.98373407697038,bart_all
2020,47.99499098998422,bart_all
2020,48.004544793505076,bart_all
2020,47.9994118350723,bart_all
2020,48.000098716493504,bart_all
2020,47.99899288772944,bart_all
2020,48.00454984713969,bart_all
2020,48.00064989146961,bart_all
2020,47.99658855024687,bart_all
2020,47.98853738864939,bart_all
2020,47.98918442429815,bart_all
2020,47.98889769516792,bart_all
2020,47.99619531755325,bart_all
2020,47.99692118986898,bart_all
2020,47.99996700300273,bart_all
2020,47.99839539767763,bart_all
2020,48.00769291914271,bart_all
2020,48.007086824222846,bart_all
2020,48.00723664075255,bart_all
2020,47.997698119531755,bart_all
2020,47.99497269355585,bart_all
2020,47.99103884049826,bart_all
2020,47.98771427558194,bart_all
2020,47.97910739984051,bart_all
2020,47.97507506998826,bart_all
2020,47.979169685061166,bart_all
2020,47.9758552548243,bart_all
2020,47.97191968034864,bart_all
2020,47.97136158367445,bart_all
2020,47.97287655552799,bart_all
2020,47.972617899101024,bart_all
2020,47.9688031182246,bart_all
2020,47.97208331880503,bart_all
2020,47.982163374029305,bart_all
2020,47.98141098422331,bart_all
2020,47.9764140525795,bart_all
2020,47.98052429724649,bart_all
2020,47.981978388455154,bart_all
2020,47.98222708389662,bart_all
2020,47.98172178234614,bart_all
2020,47.98437374156712,bart_all
2020,47.98561066758484,bart_all
2020,47.98087216479867,bart_all
2020,47.97423500945462,bart_all
2020,47.971755091719395,bart_all
2020,47.96785194500783,bart_all
2020,47.968419341425744,bart_all
2020,47.97275191426822,bart_all
2020,47.97771692633644,bart_all
2020,47.98332739298324,bart_all
2020,47.98629493289799,bart_all
2020,47.98585135458125,bart_all
2020,47.986352387810165,bart_all
2020,47.99474934798981,bart_all
2020,47.99229035435434,bart_all
2020,47.997758739204386,bart_all
2020,48.00360567377597,bart_all
2020,48.00372244237491,bart_all
2020,48.00466282029639,bart_all
2020,48.00848496923676,bart_all
2020,48.00818859246428,bart_all
2020,48.015999644805426,bart_all
2020,48.01635669439213,bart_all
2020,48.015652524145835,bart_all
2020,48.01456632184999,bart_all
2020,48.01622221224707,bart_all
2020,48.01215682488007,bart_all
2020,48.00683053002885,bart_all
2020,48.012870694066116,bart_all
2020,48.01817165121282,bart_all
2020,48.01991887632765,bart_all
2020,48.02016960789865,bart_all
2020,48.02159366669115,bart_all
2020,48.035555135211105,bart_all
2020,48.036264630886585,bart_all
2020,48.03632102196303,bart_all
2020,48.0444826935007,bart_all
2020,48.03950784084825,bart_all
2020,48.03842420138804,bart_all
2020,48.040138940852124,bart_all
2020,48.03327670921333,bart_all
2020,48.037413199668045,bart_all
2020,48.03666014573915,bart_all
2020,48.033900394248306,bart_all
2020,48.03820421658702,bart_all
2020,48.04316733190544,bart_all
2020,48.046302763847585,bart_all
2020,48.04163877022246,bart_all
2020,48.0460582028553,bart_all
2020,48.047206880492496,bart_all
2020,48.05547904614536,bart_all
2020,48.054492022496696,bart_all
2020,48.05064477236063,bart_all
2020,48.04633268347032,bart_all
2020,48.05168409550617,bart_all
2020,48.04632293302913,bart_all
2020,48.04581036439771,bart_all
2020,48.04192573826277,bart_all
2020,48.037412285369484,bart_all
2020,48.03832358782189,bart_all
2020,48.042101062521255,bart_all
2020,48.046446391113214,bart_all
2020,48.04398522657551,bart_all
2020,48.045368121887385,bart_all
2020,48.045913144702965,bart_all
2020,48.04509992929074,bart_all
2020,48.04817454706946,bart_all
2020,48.04255326169904,bart_all
2020,48.03588678371152,bart_all
2020,48.031248365361535,bart_all
2020,48.03174357495976,bart_all
2020,48.03247000404994,bart_all
2020,48.03474758553739,bart_all
2020,48.03906114922266,bart_all
2020,48.04252526651859,bart_all
2020,48.03825436830925,bart_all
2020,48.04042801345949,bart_all
2020,48.043849738494096,bart_all
2020,48.041632910647735,bart_all
2020,48.04500759404002,bart_all
2020,48.0487773949864,bart_all
2020,48.04971139936236,bart_all
2020,48.04762289303067,bart_all
2020,48.04443940230465,bart_all
2020,48.0411042024748,bart_all
2020,48.0395721876524,bart_all
2020,48.03675238003837,bart_all
2020,48.03613170555866,bart_all
2020,48.039165126912906,bart_all
2020,48.036680930906904,bart_all
2020,48.037679973182534,bart_all
2020,48.038814939284684,bart_all
2020,48.04231819227952,bart_all
2020,48.04511914547441,bart_all
2020,48.049479741370256,bart_all
2020,48.04948849380742,bart_all
2020,48.05157292595914,bart_all
2020,48.053386771374846,bart_all
2020,48.0552887697089,bart_all
2020,48.06083292167092,bart_all
2020,48.061324668108576,bart_all
2020,48.06273771733534,bart_all
2020,48.06812570971769,bart_all
2020,48.06160828338866,bart_all
2020,48.06273828849365,bart_all
2020,48.05851407346932,bart_all
2020,48.052440256810705,bart_all
2020,48.04874235052757,bart_all
2020,48.04607041768553,bart_all
2020,48.04598392252582,bart_all
2020,48.0464467518478,bart_all
2020,48.05359888873194,bart_all
2020,48.054619758726574,bart_all
2020,48.05921597788797,bart_all
2020,48.05870013197569,bart_all
2020,48.0564076588991,bart_all
2020,48.06411856976937,bart_all
2020,48.06904584361731,bart_all
2020,48.06939144861686,bart_all
2020,48.065860716101554,bart_all
2020,48.07207691502823,bart_all
2020,48.076861550597975,bart_all
2020,48.08363122390428,bart_all
2020,48.08847901774761,bart_all
2020,48.09230134395406,bart_all
2020,48.09379552176541,bart_all
2020,48.091941515372476,bart_all
2020,48.09208885579482,bart_all
2020,48.09451740514282,bart_all
2020,48.09908677228804,bart_all
2020,48.100059195714906,bart_all
2020,48.09897543076367,bart_all
2020,48.10260815825684,bart_all
2020,48.10921241867805,bart_all
2020,48.10724989867108,bart_all
2020,48.10500529817324,bart_all
2020,48.101144713765564,bart_all
2020,48.10234369666516,bart_all
2020,48.10713428029888,bart_all
2020,48.112873778962246,bart_all
2020,48.11664591492563,bart_all
2020,48.11894566204167,bart_all
2020,48.12364124192378,bart_all
2020,48.129058115075665,bart_all
2020,48.132694185327715,bart_all
2020,48.13828352166261,bart_all
2020,48.142029801427014,bart_all
2020,48.13714363913593,bart_all
2020,48.13842986234482,bart_all
2020,48.14234654622638,bart_all
2020,48.14486024954324,bart_all
2020,48.13763882277345,bart_all
2020,48.131485313350126,bart_all
2020,48.1307846374564,bart_all
2020,48.136180448308636,bart_all
2020,48.13954692363752,bart_all
2020,48.14420518293209,bart_all
2020,48.142000186057174,bart_all
2020,48.14036359744812,bart_all
2020,48.13888021884381,bart_all
2020,48.13627088286775,bart_all
2020,48.13765556599751,bart_all
2020,48.136771215787164,bart_all
2020,48.13700558648199,bart_all
2020,48.138814187924126,bart_all
2020,48.13694596559499,bart_all
2020,48.13812780613352,bart_all
2020,48.13599998373027,bart_all
2020,48.139017467055126,bart_all
2020,48.136284032594155,bart_all
2020,48.134344629553226,bart_all
2020,48.13367666699452,bart_all
2020,48.133038080909365,bart_all
2020,48.13160465977344,bart_all
2020,48.13085296940076,bart_all
2020,48.1324980756675,bart_all
2020,48.12952260397349,bart_all
2020,48.134191186362635,bart_all
2020,48.132732270861844,bart_all
2020,48.1331983922056,bart_all
2020,48.13537055578337,bart_all
2020,48.13008217976892,bart_all
2020,48.12674799606576,bart_all
2020,48.12776124197655,bart_all
2020,48.119730244598415,bart_all
2020,48.11752690311651,bart_all
2020,48.12055789702407,bart_all
2020,48.11956680309177,bart_all
2020,48.11669170965125,bart_all
2020,48.12594012244298,bart_all
2020,48.12849892233439,bart_all
2020,48.129806579490165,bart_all
2020,48.12586818160706,bart_all
2020,48.12836666622798,bart_all
2020,48.1248128117656,bart_all
2020,48.12660927783398,bart_all
2020,48.12262540137944,bart_all
2020,48.12544052237828,bart_all
2020,48.12847565515049,bart_all
2020,48.12743917811508,bart_all
2020,48.130909449405756,bart_all
2020,48.12540699053115,bart_all
2020,48.13069599110604,bart_all
2020,48.13467546260301,bart_all
2020,48.12941990710635,bart_all
2020,48.12711327368409,bart_all
2020,48.127888398353484,bart_all
2020,48.13428355934237,bart_all
2020,48.1365830456042,bart_all
2020,48.13999100361256,bart_all
2020,48.13191788457978,bart_all
2020,48.13481364785009,bart_all
2020,48.129803601229575,bart_all
2020,48.13171249139016,bart_all
2020,48.128495089299854,bart_all
2020,48.135814665903176,bart_all
2020,48.13569947776488,bart_all
2020,48.13305127370983,bart_all
2020,48.1319018536898,bart_all
2020,48.13052643154521,bart_all
2020,48.13280357252482,bart_all
2020,48.13232234245814,bart_all
2020,48.13260922838015,bart_all
2020,48.137845846877276,bart_all
2020,48.13852051721049,bart_all
2020,48.13063384292536,bart_all
2020,48.13390425781945,bart_all
2020,48.136513214407756,bart_all
2020,48.13955993790592,bart_all
2020,48.140019077129416,bart_all
2020,48.140051861234845,bart_all
2020,48.14552787338909,bart_all
2024,42.30150181129828,bart_all
2024,44.407218554827836,bart_all
2024,45.47787239928674,bart_all
2024,45.957941213608464,bart_all
2024,46.78298287345669,bart_all
2024,47.181386027955135,bart_all
2024,47.50176323682745,bart_all
2024,47.35066286050602,bart_all
2024,47.06019929923926,bart_all
2024,46.66990953826853,bart_all
2024,46.77471522645635,bart_all
2024,47.06168296596617,bart_all
2024,47.025112319728194,bart_all
2024,46.65006750458921,bart_all
2024,46.797582270665075,bart_all
2024,47.02425710329672,bart_all
2024,47.138072053257744,bart_all
2024,47.29849230256475,bart_all
2024,47.25089507116205,bart_all
2024,47.48719421884636,bart_all
2024,47.54666765473005,bart_all
2024,47.66178742787159,bart_all
2024,47.673756900646715,bart_all
2024,47.90205506945933,bart_all
2024,47.914032759290265,bart_all
2024,47.95178891635326,bart_all
2024,47.92270185766665,bart_all
2024,48.21366938240804,bart_all
2024,48.26942869922878,bart_all
2024,48.24407422932143,bart_all
2024,48.31693524584954,bart_all
2024,48.47376175872023,bart_all
2024,48.32445884073618,bart_all
2024,48.36914894698072,bart_all
2024,48.457034828792374,bart_all
2024,48.518682077394246,bart_all
2024,48.52385271728881,bart_all
2024,48.56090177541844,bart_all
2024,48.712182119719245,bart_all
2024,48.72586405768429,bart_all
2024,48.527302772236084,bart_all
2024,48.539729182576025,bart_all
2024,48.57333267646126,bart_all
2024,48.45774981026699,bart_all
2024,48.564565583427736,bart_all
2024,48.83622355738784,bart_all
2024,48.690909671897316,bart_all
2024,48.77106251476475,bart_all
2024,48.70050380151389,bart_all
2024,48.72628530635444,bart_all
2024,48.78492699241134,bart_all
2024,48.6346607052369,bart_all
2024,48.61349761841015,bart_all
2024,48.63740530864495,bart_all
2024,48.57970407505528,bart_all
2024,48.64664837800571,bart_all
2024,48.66230415806825,bart_all
2024,48.69379582891258,bart_all
2024,48.6581434127649,bart_all
2024,48.69524564587021,bart_all
2024,48.73387181904174,bart_all
2024,48.753495069428226,bart_all
2024,48.71314590983344,bart_all
2024,48.64814295556185,bart_all
2024,48.53300376706995,bart_all
2024,48.51996852591114,bart_all
2024,48.4885124334725,bart_all
2024,48.45121229953842,bart_all
2024,48.46623741311343,bart_all
2024,48.52226983521487,bart_all
2024,48.558049315471365,bart_all
2024,48.536695812545524,bart_all
2024,48.555040819162656,bart_all
2024,48.57846604768068,bart_all
2024,48.53169481968338,bart_all
2024,48.64009035467761,bart_all
2024,48.57543433823799,bart_all
2024,48.58206220541973,bart_all
2024,48.56337905992498,bart_all
2024,48.53288306475678,bart_all
2024,48.44936145300545,bart_all
2024,48.44337762195532,bart_all
2024,48.47566179039338,bart_all
2024,48.39321480684022,bart_all
2024,48.35999852580287,bart_all
2024,48.358334511867,bart_all
2024,48.346719937983856,bart_all
2024,48.307831546453464,bart_all
2024,48.37445336150308,bart_all
2024,48.448621713707375,bart_all
2024,48.49608415744515,bart_all
2024,48.51466006313536,bart_all
2024,48.55357327320341,bart_all
2024,48.61924923084006,bart_all
2024,48.60080136305987,bart_all
2024,48.59913150410209,bart_all
2024,48.59056053039449,bart_all
2024,48.570742949737344,bart_all
2024,48.597881394734735,bart_all
2024,48.59101227449852,bart_all
2024,48.55575643158063,bart_all
2024,48.5558672833366,bart_all
2024,48.56560642853248,bart_all
2024,48.58814063894681,bart_all
2024,48.60245326117941,bart_all
2024,48.60720168580164,bart_all
2024,48.62594577462076,bart_all
2024,48.63641548039284,bart_all
2024,48.67197462061579,bart_all
2024,48.72698835128248,bart_all
2024,48.72732017877589,bart_all
2024,48.71929735414521,bart_all
2024,48.766680547973365,bart_all
2024,48.78848642444739,bart_all
2024,48.80703088568931,bart_all
2024,48.80887046586391,bart_all
2024,48.808566371093605,bart_all
2024,48.75357681090398,bart_all
2024,48.72658562414122,bart_all
2024,48.74637985824644,bart_all
2024,48.75558407864436,bart_all
2024,48.73614335496347,bart_all
2024,48.6853852953379,bart_all
2024,48.69252169456606,bart_all
2024,48.69975085024418,bart_all
2024,48.722741408346856,bart_all
2024,48.680637693255434,bart_all
2024,48.68626410517335,bart_all
2024,48.70762626658916,bart_all
2024,48.71312179517757,bart_all
2024,48.744451765253366,bart_all
2024,48.80220005786984,bart_all
2024,48.85968245345106,bart_all
2024,48.86049633763405,bart_all
2024,48.8619154454573,bart_all
2024,48.86596528958894,bart_all
2024,48.8589233841135,bart_all
2024,48.892222873206954,bart_all
2024,48.90904020315486,bart_all
2024,48.891176891529774,bart_all
2024,48.872205548052875,bart_all
2024,48.86392599409028,bart_all
2024,48.86843106542328,bart_all
2024,48.88445672227008,bart_all
2024,48.87535416686295,bart_all
2024,48.948731137949764,bart_all
2024,48.93936700640838,bart_all
2024,48.953596523623176,bart_all
2024,48.958150912664934,bart_all
2024,48.934536575553835,bart_all
2024,48.9512688587083,bart_all
2024,48.949775340200574,bart_all
2024,48.95071871765667,bart_all
2024,48.96888783581852,bart_all
2024,49.002112260889035,bart_all
2024,48.9983217967834,bart_all
2024,49.01453427072009,bart_all
2024,49.038957814445496,bart_all
2024,49.07141133769314,bart_all
2024,49.06132806589416,bart_all
2024,49.0224356436492,bart_all
2024,49.01425677215913,bart_all
2024,49.01328205677321,bart_all
2024,49.00730820202998,bart_all
2024,49.03977521543873,bart_all
2024,49.050042617784605,bart_all
2024,49.03972115158733,bart_all
2024,48.9822816886145,bart_all
2024,48.993155715805216,bart_all
2024,48.96444029578922,bart_all
2024,48.884307718762315,bart_all
2024,48.87007744386335,bart_all
2024,48.84328653524117,bart_all
2024,48.86394662708152,bart_all
2024,48.88160619198331,bart_all
2024,48.86054936238429,bart_all
2024,48.84407258337082,bart_all
2024,48.84826781277954,bart_all
2024,48.87286739126159,bart_all
2024,48.86281736893369,bart_all
2024,48.84807681353526,bart_all
2024,48.83999982471616,bart_all
2024,48.830862442117215,bart_all
2024,48.80132992857493,bart_all
2024,48.788205363375354,bart_all
2024,48.77686450065611,bart_all
2024,48.769033252359044,bart_all
2024,48.77367555016511,bart_all
2024,48.75308350532373,bart_all
2024,48.76177515536331,bart_all
2024,48.753116666058744,bart_all
2024,48.7580894954196,bart_all
2024,48.77479977925036,bart_all
2024,48.77728901430657,bart_all
2024,48.817022193253294,bart_all
2024,48.83522323477493,bart_all
2024,48.86108570879159,bart_all
2024,48.83186331289675,bart_all
2024,48.84613013615372,bart_all
2024,48.86710452810073,bart_all
2024,48.864186608333206,bart_all
2024,48.84276839989091,bart_all
2024,48.84797838757834,bart_all
2024,48.83307220223597,bart_all
2024,48.79183848490756,bart_all
2024,48.769680663734356,bart_all
2024,48.778714918562,bart_all
2024,48.78500756990829,bart_all
2024,48.787521071210755,bart_all
2024,48.760221344589795,bart_all
2024,48.76057280649961,bart_all
2024,48.75334953307978,bart_all
2024,48.75747720027831,bart_all
2024,48.75530364167895,bart_all
2024,48.73344016082656,bart_all
2024,48.728780350205895,bart_all
2024,48.75178960686442,bart_all
2024,48.747190051622745,bart_all
2024,48.73546653744222,bart_all
2024,48.727238463563566,bart_all
2024,48.73673476488866,bart_all
2024,48.71649247476874,bart_all
2024,48.70270368847746,bart_all
2024,48.71356770324577,bart_all
2024,48.735155856536295,bart_all
2024,48.73766962369485,bart_all
2024,48.72153025437778,bart_all
2024,48.70881799785127,bart_all
2024,48.71685449215991,bart_all
2024,48.72380417506442,bart_all
2024,48.73129823471694,bart_all
2024,48.69946452092141,bart_all
2024,48.69528026917979,bart_all
2024,48.700935746423944,bart_all
2024,48.71202452962891,bart_all
2024,48.71936858870904,bart_all
2024,48.695059860377924,bart_all
2024,48.69785155324378,bart_all
2024,48.69456550794309,bart_all
2024,48.70467118298579,bart_all
2024,48.68752802866241,bart_all
2024,48.68363905227088,bart_all
2024,48.692076733739654,bart_all
2024,48.685882083170924,bart_all
2024,48.71660884847634,bart_all
2024,48.70883379530496,bart_all
2024,48.71262709843619,bart_all
2024,48.68760980387579,bart_all
2024,48.68065417634625,bart_all
2024,48.67397556364941,bart_all
2024,48.67430899455444,bart_all
2024,48.67341471036632,bart_all
2024,48.66277013131528,bart_all
2024,48.640955265716556,bart_all
2024,48.62917289268498,bart_all
2024,48.62459715084172,bart_all
2024,48.61386872972281,bart_all
2024,48.6018538776754,bart_all
2024,48.59914393125154,bart_all
2024,48.58839281060707,bart_all
2024,48.578194839939655,bart_all
2024,48.59874726700309,bart_all
2024,48.62173758816895,bart_all
2024,48.630108743433325,bart_all
2024,48.6315311446957,bart_all
2024,48.64652585707317,bart_all
2024,48.66043217793602,bart_all
2024,48.633702067378664,bart_all
2024,48.60751343937421,bart_all
2024,48.61559347235102,bart_all
2024,48.611307599165016,bart_all
2024,48.59320272929426,bart_all
2024,48.59197070493572,bart_all
2024,48.59100027535774,bart_all
2024,48.57453863580372,bart_all
2024,48.573219867976476,bart_all
2024,48.582099411534486,bart_all
2024,48.59985505248978,bart_all
2024,48.60434343335086,bart_all
2024,48.61846363318605,bart_all
2024,48.60764412650981,bart_all
2024,48.610734864877294,bart_all
2024,48.621185860834174,bart_all
2024,48.62130467314486,bart_all
2024,48.62335849110681,bart_all
2024,48.606462418043954,bart_all
2024,48.60365057798479,bart_all
2024,48.59528865754873,bart_all
2024,48.589341579576136,bart_all
2024,48.5918559398208,bart_all
2024,48.578500880847685,bart_all
2024,48.58783766471258,bart_all
2024,48.575791841890045,bart_all
2024,48.56805496202188,bart_all
2024,48.577744988531116,bart_all
2024,48.5788259482939,bart_all
2024,48.571017880835505,bart_all
2024,48.57539550502628,bart_all
2024,48.57558922727348,bart_all
2024,48.57201349503097,bart_all
2024,48.56664648559301,bart_all
2024,48.563699794370955,bart_all
2024,48.554384709639166,bart_all
2024,48.53909393692522,bart_all
2024,48.527746709413286,bart_all
2024,48.51076537859542,bart_all
2024,48.512853225686094,bart_all
2024,48.52137237423473,bart_all
2024,48.53397595575545,bart_all
2024,48.538637624170825,bart_all
2024,48.53724198840709,bart_all
2024,48.55280265594977,bart_all
2024,48.542286611868704,bart_all
2024,48.54944156928632,bart_all
2024,48.54656236235722,bart_all
2024,48.53524472888802,bart_all
2024,48.52693740613273,bart_all
2024,48.53691951032092,bart_all
2024,48.526277369522305,bart_all
2024,48.538302558227386,bart_all
2024,48.52770666703235,bart_all
2024,48.516907397386056,bart_all
2024,48.49509429436972,bart_all
2024,48.504112252957995,bart_all
2024,48.51737109952238,bart_all
2024,48.518931328290634,bart_all
2024,48.497837521057946,bart_all
2024,48.482378618064566,bart_all
2024,48.46664712287715,bart_all
2024,48.459766664410466,bart_all
2024,48.47187212422441,bart_all
2024,48.48281433699483,bart_all
2024,48.4967441318191,bart_all
2024,48.4972276029945,bart_all
2024,48.50383429435972,bart_all
2024,48.50105984842199,bart_all
2024,48.49093529398603,bart_all
2024,48.486526665542186,bart_all
2024,48.49762657005053,bart_all
2024,48.508868377797214,bart_all
2024,48.50061465671694,bart_all
2024,48.47969290141492,bart_all
2024,48.48758997549942,bart_all
2024,48.474110143395606,bart_all
2024,48.45757435473827,bart_all
2024,48.468508012648606,bart_all
2024,48.46355157292605,bart_all
2024,48.47423730018577,bart_all
2024,48.47540390463796,bart_all
2024,48.48297718990788,bart_all
2024,48.47960599366386,bart_all
2024,48.47400464056479,bart_all
2024,48.478307371283734,bart_all
2024,48.490802551025,bart_all
2024,48.486251718644716,bart_all
2024,48.48466693286264,bart_all
2024,48.46169227189907,bart_all
2024,48.459243643734034,bart_all
2024,48.46820075172965,bart_all
2024,48.46169114071745,bart_all
2024,48.470812964412374,bart_all
2024,48.4755119023508,bart_all
2024,48.458511736388424,bart_all
2024,48.462779026684586,bart_all
2024,48.466096583626225,bart_all
2024,48.477399941114285,bart_all
2024,48.47344468201521,bart_all
2024,48.475952456556215,bart_all
2024,48.49518531024576,bart_all
2024,48.493601587101686,bart_all
2024,48.502042035958226,bart_all
2024,48.51576266303158,bart_all
2024,48.51466224440743,bart_all
2024,48.51626812531168,bart_all
2024,48.52144645985206,bart_all
2024,48.5284071242109,bart_all
2024,48.56791990843653,bart_all
2024,48.57298909758542,bart_all
2024,48.57146317143979,bart_all
2024,48.56147646315165,bart_all
2024,48.56510053080246,bart_all
2024,48.557929917159726,bart_all
2024,48.57253613178353,bart_all
2024,48.55393044932196,bart_all
2024,48.53975308097559,bart_all
2024,48.54632030758687,bart_all
2024,48.545470986470434,bart_all
2024,48.546666062779146,bart_all
2024,48.55963482290216,bart_all
2024,48.55867744950852,bart_all
2024,48.54552260209083,bart_all
2024,48.526898246629386,bart_all
2024,48.53299427853995,bart_all
2024,48.53493091840774,bart_all
2024,48.53464504135738,bart_all
2024,48.527334978759804,bart_all
2024,48.52473928048704,bart_all
2024,48.532448667472245,bart_all
2024,48.54383153203845,bart_all
2024,48.552529117650025,bart_all
2024,48.54193363819316,bart_all
2024,48.528226952393005,bart_all
2024,48.53275531110591,bart_all
2024,48.54047057632642,bart_all
2024,48.54730120282075,bart_all
2024,48.535722515593164,bart_all
2024,48.549034097440185,bart_all
2024,48.54306951994678,bart_all
2024,48.53370740140035,bart_all
2024,48.52983197375882,bart_all
2024,48.53472218315518,bart_all
2024,48.53075717125605,bart_all
2024,48.54367040188372,bart_all
2024,48.5676782817615,bart_all
2024,48.574718760851425,bart_all
2024,48.58391911341051,bart_all
2024,48.592412896867174,bart_all
2024,48.5958244344249,bart_all
2024,48.590941294881105,bart_all
2024,48.59826875227529,bart_all
2024,48.58377155331347,bart_all
2024,48.59993447869306,bart_all
2024,48.6213567945189,bart_all
2024,48.623811153339204,bart_all
2024,48.61401247195441,bart_all
2024,48.60682802186687,bart_all
2024,48.5977142585239,bart_all
2024,48.610971918344305,bart_all
2024,48.60433454942095,bart_all
2024,48.61966735943197,bart_all
2024,48.62084256803707,bart_all
2024,48.623721405302945,bart_all
2024,48.62397841890187,bart_all
2024,48.64943873123835,bart_all
2024,48.648272503512175,bart_all
2024,48.64373688264026,bart_all
2024,48.65250253805597,bart_all
2024,48.65204743187614,bart_all
2024,48.63904879401637,bart_all
2024,48.6546946411978,bart_all
2024,48.65749215154596,bart_all
2024,48.659056877039184,bart_all
2024,48.66656903723626,bart_all
2024,48.660502740156346,bart_all
2024,48.651555082478325,bart_all
2024,48.66033695283553,bart_all
2024,48.67799204086553,bart_all
2024,48.692956625037354,bart_all
2024,48.68530726485728,bart_all
2024,48.67662220688584,bart_all
2024,48.67974831194039,bart_all
2024,48.68290871262249,bart_all
2024,48.69019720591811,bart_all
2024,48.68503282584267,bart_all
2024,48.688394661089475,bart_all
2024,48.68293634796178,bart_all
2024,48.67701557869481,bart_all
2024,48.66746874675276,bart_all
2024,48.668856918041385,bart_all
2024,48.657539766985224,bart_all
2024,48.652868605525626,bart_all
2024,48.64502564899457,bart_all
2024,48.643080677502724,bart_all
2024,48.64414429414418,bart_all
2024,48.648239642231786,bart_all
2024,48.655516898066836,bart_all
2024,48.66258349381252,bart_all
2024,48.664194949370234,bart_all
2024,48.67505905913869,bart_all
2024,48.68414913235571,bart_all
2024,48.68207466099122,bart_all
2024,48.6940729579862,bart_all
2024,48.698513424783684,bart_all
2024,48.699809298040236,bart_all
2024,48.69870320210854,bart_all
2024,48.69436730508603,bart_all
2024,48.69478235732962,bart_all
2024,48.69435315396643,bart_all
2024,48.6889966859713,bart_all
2024,48.678917707712046,bart_all
2024,48.68267280602135,bart_all
2024,48.68927356136424,bart_all
2024,48.69869786181589,bart_all
2024,48.692190780376556,bart_all
2024,48.68488476097339,bart_all
2024,48.67970876249594,bart_all
2024,48.67971714922574,bart_all
2024,48.67312400682708,bart_all
2024,48.68011697827636,bart_all
2024,48.68514533796099,bart_all
2024,48.674496580256054,bart_all
2024,48.66648188127104,bart_all
2024,48.6687937396725,bart_all
2024,48.673233140571085,bart_all
2024,48.667462362682244,bart_all
2024,48.672849745540084,bart_all
2024,48.67591133846443,bart_all
2024,48.67584164888719,bart_all
2024,48.67811661869126,bart_all
2024,48.68316957325488,bart_all
2024,48.68682660846142,bart_all
2024,48.68255639841449,bart_all
2024,48.68007084296518,bart_all
2024,48.68451658671098,bart_all
2024,48.676879142800516,bart_all
2024,48.68488739275143,bart_all
2024,48.679966050262074,bart_all
2024,48.68356314977303,bart_all
2024,48.69016628978593,bart_all
2024,48.69768376537395,bart_all
2024,48.70099239630094,bart_all
2024,48.68960894259058,bart_all
2024,48.6873550927009,bart_all
2024,48.69235837024555,bart_all
2024,48.69355403466784,bart_all
2024,48.68745497593968,bart_all
2024,48.689160402316446,bart_all
2024,48.69294189570874,bart_all
2024,48.68876301593596,bart_all
2024,48.69033470396823,bart_all
2024,48.70502269474076,bart_all
2024,48.69872292786897,bart_all
2024,48.68324974128521,bart_all
2024,48.684150481136925,bart_all
2024,48.67253801482731,bart_all
2024,48.66799900421437,bart_all
2024,48.65575623066498,bart_all
2024,48.65240688148059,bart_all
2024,48.64773343205643,bart_all
2024,48.65049003077969,bart_all
2024,48.641742189760414,bart_all
2024,48.63686099716568,bart_all
2024,48.63280108805487,bart_all
2024,48.640575006889634,bart_all
2024,48.633363113781996,bart_all
2024,48.62994425625762,bart_all
2024,48.62381094659285,bart_all
2024,48.61939202378619,bart_all
2024,48.625546122635285,bart_all
2024,48.628670447662365,bart_all
2024,48.62729295057116,bart_all
2024,48.64455825809745,bart_all
2024,48.648865506714586,bart_all
2024,48.641690712017706,bart_all
2024,48.64122653644827,bart_all
2024,48.646901649194646,bart_all
2024,48.64818625294396,bart_all
2024,48.64889461524353,bart_all
2024,48.66052471611102,bart_all
2024,48.66464401934726,bart_all
2024,48.671156717711426,bart_all
2024,48.675996959912275,bart_all
2024,48.67011188688307,bart_all
2024,48.66392469860853,bart_all
2024,48.66282229222732,bart_all
2024,48.65575146340544,bart_all
2024,48.65232322840686,bart_all
2024,48.657946525621426,bart_all
2024,48.66145571312397,bart_all
2024,48.665499831916215,bart_all
2024,48.65794245012876,bart_all
2024,48.65236552596987,bart_all
2024,48.65105373272274,bart_all
2024,48.64213331479603,bart_all
2024,48.64121951617416,bart_all
2024,48.64883061993496,bart_all
2024,48.65480697619596,bart_all
2024,48.6665890504829,bart_all
2024,48.6737010967944,bart_all
2024,48.683531396020776,bart_all
2024,48.68296476393236,bart_all
2024,48.68511459260578,bart_all
2024,48.68471743308583,bart_all
2024,48.68885215254947,bart_all
2024,48.70029469390532,bart_all
2024,48.69782692970745,bart_all
2024,48.7074098171272,bart_all
2024,48.72025968180901,bart_all
2024,48.7224712744525,bart_all
2024,48.7210585405681,bart_all
2024,48.71324040512877,bart_all
2024,48.71024391279948,bart_all
2024,48.71077231227234,bart_all
2024,48.708898314850856,bart_all
2024,48.70745364694823,bart_all
2024,48.71240799504275,bart_all
2024,48.70692240324873,bart_all
2024,48.70158626749006,bart_all
2024,48.68857059164473,bart_all
2024,48.67956827980399,bart_all
2024,48.675889325646175,bart_all
2024,48.67017744365327,bart_all
2024,48.67938933342967,bart_all
2024,48.67043914522901,bart_all
2024,48.663311080353445,bart_all
2024,48.66597312439863,bart_all
2024,48.67423584401487,bart_all
2024,48.67023784198213,bart_all
2024,48.67047800874029,bart_all
2024,48.667157992255184,bart_all
2024,48.66382553328973,bart_all
2024,48.65480554573742,bart_all
2024,48.647194767848305,bart_all
2024,48.63637475820316,bart_all
2024,48.62572816692966,bart_all
2024,48.625601049780066,bart_all
2024,48.62661247118416,bart_all
2024,48.62024483276268,bart_all
2024,48.6093603912295,bart_all
2024,48.60205873490965,bart_all
2024,48.59588228080093,bart_all
2024,48.60053584959216,bart_all
2024,48.60446151153552,bart_all
2024,48.61003470207741,bart_all
2024,48.60325636443502,bart_all
2024,48.599526716634244,bart_all
2024,48.60920651127128,bart_all
2024,48.616336775817274,bart_all
2024,48.61119932940932,bart_all
2024,48.60449889332186,bart_all
2024,48.60378570257518,bart_all
2024,48.60585247063966,bart_all
2024,48.60131857533767,bart_all
2024,48.60188210204687,bart_all
2024,48.60949203392771,bart_all
2024,48.6074634028147,bart_all
2024,48.60223382134896,bart_all
2024,48.608171163768816,bart_all
2024,48.60041026439322,bart_all
2024,48.59643023390106,bart_all
2024,48.59360708588069,bart_all
2024,48.59661618111647,bart_all
2024,48.593711641016945,bart_all
2024,48.58499839499922,bart_all
2024,48.59327351266595,bart_all
2024,48.59695326321645,bart_all
2024,48.60458816814568,bart_all
2024,48.60280722385168,bart_all
2024,48.599293528312614,bart_all
2024,48.60178850556554,bart_all
2024,48.602778669224676,bart_all
2024,48.60593210936342,bart_all
2024,48.596375301204404,bart_all
2024,48.597196865975455,bart_all
2024,48.601533848375254,bart_all
2024,48.59344697612336,bart_all
2024,48.59551276347017,bart_all
2024,48.589513825427886,bart_all
2024,48.58945457020495,bart_all
2024,48.593345082902694,bart_all
2024,48.58972895947615,bart_all
2024,48.60397235988863,bart_all
2024,48.60259762222911,bart_all
2024,48.59909922194798,bart_all
2024,48.594629935567966,bart_all
2024,48.5970092095086,bart_all
2024,48.59059566897518,bart_all
2024,48.58097434741853,bart_all
2024,48.58793653627543,bart_all
2024,48.59403807279863,bart_all
2024,48.59172292550632,bart_all
2024,48.59846723321223,bart_all
2024,48.59931678751965,bart_all
2024,48.5952601165824,bart_all
2024,48.59942288618059,bart_all
2024,48.60579558207905,bart_all
2024,48.613991875128406,bart_all
2024,48.629223853066264,bart_all
2024,48.63085794293847,bart_all
2024,48.63865456857829,bart_all
2024,48.63428050019165,bart_all
2024,48.64127492600662,bart_all
2024,48.6403232376803,bart_all
2024,48.641763272481576,bart_all
2024,48.63688638237761,bart_all
2024,48.64398659259639,bart_all
2024,48.64109167991598,bart_all
2024,48.639444883519396,bart_all
2024,48.63680114541517,bart_all
2024,48.63884859479049,bart_all
2024,48.6401999011085,bart_all
2024,48.63732382782088,bart_all
2024,48.62704217600697,bart_all
2024,48.625600328873,bart_all
2024,48.63039359017563,bart_all
2024,48.62804253480258,bart_all
2024,48.629192770062424,bart_all
2024,48.62466427253951,bart_all
2024,48.62433820516788,bart_all
2024,48.61859684007848,bart_all
2024,48.60864405387953,bart_all
2024,48.62064630049619,bart_all
2024,48.6294167173328,bart_all
2024,48.63201668989935,bart_all
2024,48.640757939519645,bart_all
2024,48.640156403772636,bart_all
2024,48.636561032083215,bart_all
2024,48.64031215187901,bart_all
2024,48.634371762859956,bart_all
2024,48.63260442418145,bart_all
2024,48.62650786593281,bart_all
2024,48.62592329112965,bart_all
2024,48.63034680059226,bart_all
2024,48.63751787343259,bart_all
2024,48.62934114371916,bart_all
2024,48.627382873661986,bart_all
2024,48.623128086250816,bart_all
2024,48.616002734204216,bart_all
2024,48.609483487145624,bart_all
2024,48.60856703823976,bart_all
2024,48.60735000780788,bart_all
2024,48.607356794757976,bart_all
2024,48.60981977981626,bart_all
2024,48.61845135562094,bart_all
2024,48.629593389159595,bart_all
2024,48.634519263208794,bart_all
2024,48.63087900433778,bart_all
2024,48.625048388045464,bart_all
2024,48.6304351932221,bart_all
2024,48.625703395878816,bart_all
2024,48.62494420332264,bart_all
2024,48.63002258984501,bart_all
2024,48.62561533790422,bart_all
2024,48.62459506673048,bart_all
2024,48.627973455505284,bart_all
2024,48.626471166080776,bart_all
2024,48.62231818289037,bart_all
2024,48.617707203198776,bart_all
2024,48.61804816173117,bart_all
2024,48.627569334148255,bart_all
2024,48.63329115337871,bart_all
2024,48.62749107726685,bart_all
2024,48.63198154355128,bart_all
2024,48.6378245923354,bart_all
2024,48.64506276119552,bart_all
2024,48.63384675227485,bart_all
2024,48.631061313600476,bart_all
2024,48.62740772717927,bart_all
2024,48.62626266929622,bart_all
2024,48.62143225894427,bart_all
2024,48.618323471523055,bart_all
2024,48.6236402835489,bart_all
2024,48.62494422697142,bart_all
2024,48.62431358890366,bart_all
2024,48.62307758226979,bart_all
2024,48.62652656248645,bart_all
2024,48.62141535765646,bart_all
2024,48.617679057271815,bart_all
2024,48.60914970729579,bart_all
2024,48.606625936000164,bart_all
2024,48.59913109420912,bart_all
2024,48.59614971191059,bart_all
2024,48.60123837048437,bart_all
2024,48.60308480492928,bart_all
2024,48.60074553941552,bart_all
2024,48.60006843830634,bart_all
2024,48.59762600053506,bart_all
2024,48.60357784775451,bart_all
2024,48.60478370228186,bart_all
2024,48.614329962121566,bart_all
2024,48.62192338129881,bart_all
2024,48.62052141295201,bart_all
2024,48.623114502381654,bart_all
2024,48.62123486434798,bart_all
2024,48.62197347976465,bart_all
2024,48.61475268433825,bart_all
2024,48.61427883957061,bart_all
2024,48.60749865082463,bart_all
2024,48.61453794925293,bart_all
2024,48.618099261022785,bart_all
2024,48.62654824885419,bart_all
2024,48.62698812640507,bart_all
2024,48.62715946865591,bart_all
2024,48.62516970489544,bart_all
2024,48.62153071115224,bart_all
2024,48.62850236126284,bart_all
2024,48.62122188026695,bart_all
2024,48.621189994973314,bart_all
2024,48.6191449836289,bart_all
2024,48.61217911898072,bart_all
2024,48.60389408937354,bart_all
2024,48.59660749075012,bart_all
2024,48.59440968663129,bart_all
2024,48.60072747959884,bart_all
2024,48.60890448360033,bart_all
2024,48.607720594243716,bart_all
2024,48.611669373019446,bart_all
2024,48.61198263359151,bart_all
2024,48.612640140671814,bart_all
2024,48.61931941138167,bart_all
2024,48.62022042311881,bart_all
2024,48.61875021681144,bart_all
2024,48.61180807259682,bart_all
2024,48.61381600893317,bart_all
2024,48.61272873756271,bart_all
2024,48.60426722054118,bart_all
2024,48.61139776765235,bart_all
2024,48.6135467147029,bart_all
2024,48.613617696413804,bart_all
2024,48.61937309035898,bart_all
2024,48.62309859174924,bart_all
2024,48.61928610729549,bart_all
2024,48.62273817867653,bart_all
2024,48.61900930151981,bart_all
2024,48.61901445241784,bart_all
2024,48.615844654838824,bart_all
2024,48.61974912847481,bart_all
2024,48.61565788440839,bart_all
2024,48.619941354882116,bart_all
2024,48.624267717501844,bart_all
2024,48.632850659987284,bart_all
2024,48.62656860566244,bart_all
2024,48.62725847452571,bart_all
2024,48.62356446898432,bart_all
2024,48.62359549353101,bart_all
2024,48.62929835559994,bart_all
2024,48.63084001717132,bart_all
2024,48.62505996662133,bart_all
2024,48.62270230926394,bart_all
2024,48.62841238924052,bart_all
2024,48.62900595773986,bart_all
2024,48.623738215438685,bart_all
2024,48.62871177711634,bart_all
2024,48.62052890481122,bart_all
2024,48.61995717852146,bart_all
2024,48.6116412760868,bart_all
2024,48.60452705814932,bart_all
2024,48.595912445793914,bart_all
2024,48.59619343917482,bart_all
2024,48.59973133784117,bart_all
2024,48.59902834991334,bart_all
2024,48.59533884220899,bart_all
2024,48.59566075864903,bart_all
2024,48.58988683348183,bart_all
2024,48.584323671845375,bart_all
2024,48.585159703040205,bart_all
2024,48.57407906313185,bart_all
2024,48.571291191281304,bart_all
2024,48.56972121565292,bart_all
2024,48.581495916641884,bart_all
2024,48.588400078382456,bart_all
2024,48.590340312970476,bart_all
2024,48.598243208400824,bart_all
2024,48.60154666479005,bart_all
2024,48.60299988315495,bart_all
2024,48.60117059696517,bart_all
2024,48.60239724822083,bart_all
2024,48.60126504855573,bart_all
2024,48.60424942909084,bart_all
2024,48.60435154084906,bart_all
2024,48.611282999277016,bart_all
2024,48.617370226878386,bart_all
2024,48.616599129168755,bart_all
2024,48.620668978356505,bart_all
2024,48.61333748491012,bart_all
2024,48.61042298102198,bart_all
2024,48.60840652141954,bart_all
2024,48.60336621779043,bart_all
2024,48.60130553058548,bart_all
2024,48.60207355328073,bart_all
2024,48.60561086030434,bart_all
2024,48.60291935926581,bart_all
2024,48.604949207803955,bart_all
2024,48.60848772288172,bart_all
2024,48.6097467368046,bart_all
2024,48.609115178439765,bart_all
2024,48.61290568809948,bart_all
2024,48.618929098419656,bart_all
2024,48.62188047687435,bart_all
2024,48.62761831746754,bart_all
2024,48.62340211479416,bart_all
2024,48.62550700382408,bart_all
2024,48.63403732043916,bart_all
2024,48.623094482027426,bart_all
2024,48.61603358454447,bart_all
2024,48.60415454914421,bart_all
2024,48.60148268314804,bart_all
2024,48.59711774624235,bart_all
2024,48.598876210310465,bart_all
2024,48.603843892517006,bart_all
2024,48.60560055182459,bart_all
2024,48.60906347238002,bart_all
2024,48.61362134839584,bart_all
2024,48.6077827355823,bart_all
2024,48.61558472373346,bart_all
2024,48.61001956894851,bart_all
2024,48.60676100652918,bart_all
2024,48.601866692095165,bart_all
2024,48.6051548255903,bart_all
2024,48.60680607187414,bart_all
2024,48.61309490302926,bart_all
2024,48.61601056779308,bart_all
2024,48.616121582950456,bart_all
2024,48.619462385583745,bart_all
2024,48.62159276889422,bart_all
2024,48.625027707286776,bart_all
2024,48.62627921159081,bart_all
2024,48.62576787053679,bart_all
2024,48.62344735116264,bart_all
2024,48.62695055101165,bart_all
2024,48.63290635443519,bart_all
2024,48.63402298473295,bart_all
2024,48.6343376319698,bart_all
2024,48.636823011960516,bart_all
2024,48.63152416182078,bart_all
2024,48.63513924995863,bart_all
2024,48.64357747751279,bart_all
2024,48.646962397429355,bart_all
2024,48.64823354373509,bart_all
2024,48.64209527482552,bart_all
2024,48.64722778081761,bart_all
2024,48.64087814467242,bart_all
2024,48.63585568698792,bart_all
2024,48.635270549323934,bart_all
2024,48.63227693496104,bart_all
2024,48.6271767936725,bart_all
2024,48.627102540129414,bart_all
2024,48.6274163120115,bart_all
2024,48.629121971024425,bart_all
2024,48.631061733840504,bart_all
2024,48.62724254269383,bart_all
2024,48.62946267126964,bart_all
2024,48.635670038448225,bart_all
2024,48.642516412690505,bart_all
2024,48.64986221915181,bart_all
2024,48.6489715428132,bart_all
2024,48.65281476294162,bart_all
2024,48.660285165629865,bart_all
2024,48.65868254557208,bart_all
2024,48.664530101398555,bart_all
2024,48.66260638451715,bart_all
2024,48.66177206569415,bart_all
2024,48.6586668518693,bart_all
2024,48.66109161024985,bart_all
2024,48.665378379873545,bart_all
2024,48.664001799223996,bart_all
2024,48.66733255770546,bart_all
2024,48.6622661081209,bart_all
2024,48.65657218801036,bart_all
2024,48.649355674759214,bart_all
2024,48.65007401959595,bart_all
2024,48.648401310549126,bart_all
2024,48.64399504628646,bart_all
2024,48.64269308208489,bart_all
2024,48.63376100705937,bart_all
2024,48.64050732433495,bart_all
2024,48.636663434928366,bart_all
2024,48.6380836772323,bart_all
2024,48.636103506703556,bart_all
2024,48.632885083686304,bart_all
2024,48.63479690591875,bart_all
2024,48.63608572939787,bart_all
2024,48.63739445202883,bart_all
2024,48.638140705363426,bart_all
2024,48.634157276143895,bart_all
2024,48.63436473581683,bart_all
2024,48.63280583032097,bart_all
2024,48.63420649092701,bart_all
2024,48.631481302589876,bart_all
2024,48.63453573121093,bart_all
2024,48.63360291221276,bart_all
2024,48.63632173972924,bart_all
2024,48.62904558409906,bart_all
2024,48.63015841500673,bart_all
2024,48.624239602191885,bart_all
2024,48.61677892694445,bart_all
2024,48.61231721159615,bart_all
2024,48.61413552708447,bart_all
2024,48.61425767274639,bart_all
2024,48.60979542817337,bart_all
2024,48.6078217976159,bart_all
2024,48.6062357890964,bart_all
2024,48.59988065853567,bart_all
2024,48.60029532534689,bart_all
2024,48.60220724586254,bart_all
2024,48.60174771623437,bart_all
2024,48.60313149356298,bart_all
2024,48.60637835340039,bart_all
2024,48.604738968072766,bart_all
2024,48.60289971512201,bart_all
2024,48.59663507781414,bart_all
2024,48.59347841420849,bart_all
2024,48.59454998962448,bart_all
2024,48.59995362700367,bart_all
2024,48.598037085460156,bart_all
2024,48.6023396769171,bart_all
2024,48.603405746016506,bart_all
2024,48.60549298137691,bart_all
2024,48.60046437876467,bart_all
2024,48.599614363414574,bart_all
2024,48.60099235828534,bart_all
2024,48.60785419920623,bart_all
2024,48.60693875392589,bart_all
2024,48.60195381155616,bart_all
2024,48.59925490011268,bart_all
2024,48.59741771520409,bart_all
2024,48.596474030988595,bart_all
2024,48.597658493844335,bart_all
2024,48.59598951471473,bart_all
2024,48.59072953389582,bart_all
2016,43.25341483638085,bart_PC2_econ
2016,42.73004263555681,bart_PC2_econ
2016,43.00459029618206,bart_PC2_econ
2016,42.424173397788095,bart_PC2_econ
2016,43.33133486115355,bart_PC2_econ
2016,43.993756962330266,bart_PC2_econ
2016,44.8914615327145,bart_PC2_econ
2016,44.793707898439806,bart_PC2_econ
2016,45.39017485302588,bart_PC2_econ
2016,45.46336631231895,bart_PC2_econ
2016,45.27713866939179,bart_PC2_econ
2016,45.467003736669554,bart_PC2_econ
2016,45.93408275123163,bart_PC2_econ
2016,46.40808538367784,bart_PC2_econ
2016,46.6531198231383,bart_PC2_econ
2016,46.745715816634814,bart_PC2_econ
2016,46.739231664483455,bart_PC2_econ
2016,46.695019140773596,bart_PC2_econ
2016,46.822222384911385,bart_PC2_econ
2016,46.94605139990938,bart_PC2_econ
2016,47.02566046073401,bart_PC2_econ
2016,47.05033110243661,bart_PC2_econ
2016,47.108216321069364,bart_PC2_econ
2016,47.19912752072211,bart_PC2_econ
2016,47.16073193177616,bart_PC2_econ
2016,47.248816695052334,bart_PC2_econ
2016,47.10636620649466,bart_PC2_econ
2016,47.14160851940088,bart_PC2_econ
2016,47.17027762785313,bart_PC2_econ
2016,47.168007369263655,bart_PC2_econ
2016,47.024476743869286,bart_PC2_econ
2016,46.95433684449764,bart_PC2_econ
2016,46.900481613411245,bart_PC2_econ
2016,46.89194293138928,bart_PC2_econ
2016,46.85902877320477,bart_PC2_econ
2016,46.74438324327491,bart_PC2_econ
2016,46.737543692126515,bart_PC2_econ
2016,46.7466679702345,bart_PC2_econ
2016,46.70097979588807,bart_PC2_econ
2016,46.73934711016747,bart_PC2_econ
2016,46.71666098999663,bart_PC2_econ
2016,46.86782553080283,bart_PC2_econ
2016,46.90199566119888,bart_PC2_econ
2016,46.91180881209627,bart_PC2_econ
2016,47.01106410989274,bart_PC2_econ
2016,46.82222746080443,bart_PC2_econ
2016,46.76831601769179,bart_PC2_econ
2016,46.71905551672201,bart_PC2_econ
2016,46.76000721500313,bart_PC2_econ
2016,46.800080282437975,bart_PC2_econ
2016,46.80446909969798,bart_PC2_econ
2016,46.849150171169605,bart_PC2_econ
2016,46.835576195046265,bart_PC2_econ
2016,46.883297686678226,bart_PC2_econ
2016,46.94433969985925,bart_PC2_econ
2016,47.00460941548741,bart_PC2_econ
2016,47.014956212529775,bart_PC2_econ
2016,46.97898890259257,bart_PC2_econ
2016,47.031293172259616,bart_PC2_econ
2016,47.03092279203942,bart_PC2_econ
2016,47.01973231960985,bart_PC2_econ
2016,47.001105489942816,bart_PC2_econ
2016,47.06968554942829,bart_PC2_econ
2016,46.998557644038364,bart_PC2_econ
2016,46.998205764240055,bart_PC2_econ
2016,46.95689105718088,bart_PC2_econ
2016,46.94623760254065,bart_PC2_econ
2016,46.96813765714937,bart_PC2_econ
2016,46.918477048186574,bart_PC2_econ
2016,46.96631184414265,bart_PC2_econ
2016,46.899480880581905,bart_PC2_econ
2016,46.85409776216026,bart_PC2_econ
2016,46.863993909818326,bart_PC2_econ
2016,46.897494193228724,bart_PC2_econ
2016,46.89834394993642,bart_PC2_econ
2016,46.988658998700224,bart_PC2_econ
2016,46.990561359280186,bart_PC2_econ
2016,46.975938873244345,bart_PC2_econ
2016,46.96822906285294,bart_PC2_econ
2016,47.01478276574423,bart_PC2_econ
2016,47.08514379371106,bart_PC2_econ
2016,47.05628622681108,bart_PC2_econ
2016,47.077661237388696,bart_PC2_econ
2016,47.05730208815348,bart_PC2_econ
2016,47.08447454128601,bart_PC2_econ
2016,47.09771368544243,bart_PC2_econ
2016,47.04414461232042,bart_PC2_econ
2016,47.043063256638455,bart_PC2_econ
2016,47.01963189335266,bart_PC2_econ
2016,46.97482001615025,bart_PC2_econ
2016,46.95212352906481,bart_PC2_econ
2016,46.911218107708045,bart_PC2_econ
2016,46.82969323954752,bart_PC2_econ
2016,46.815156628606964,bart_PC2_econ
2016,46.786392198858735,bart_PC2_econ
2016,46.82410867105674,bart_PC2_econ
2016,46.81865845981106,bart_PC2_econ
2016,46.89641590604632,bart_PC2_econ
2016,46.87919459049552,bart_PC2_econ
2016,46.83117295487342,bart_PC2_econ
2016,46.88477613334071,bart_PC2_econ
2016,46.920506837476765,bart_PC2_econ
2016,46.9209472606326,bart_PC2_econ
2016,46.94709237987443,bart_PC2_econ
2016,46.92724007321156,bart_PC2_econ
2016,46.916564036990934,bart_PC2_econ
2016,46.91690921424805,bart_PC2_econ
2016,46.898470973743315,bart_PC2_econ
2016,46.945324074989735,bart_PC2_econ
2016,46.96847450123601,bart_PC2_econ
2016,46.958076713252765,bart_PC2_econ
2016,46.95545194324891,bart_PC2_econ
2016,46.9627451139391,bart_PC2_econ
2016,46.99458962096572,bart_PC2_econ
2016,47.05968083863725,bart_PC2_econ
2016,47.120274382967125,bart_PC2_econ
2016,47.13990186930192,bart_PC2_econ
2016,47.13226068961161,bart_PC2_econ
2016,47.14591935686976,bart_PC2_econ
2016,47.09020084906285,bart_PC2_econ
2016,47.084467435187875,bart_PC2_econ
2016,47.04171715801,bart_PC2_econ
2016,47.04228518653778,bart_PC2_econ
2016,47.05255969528526,bart_PC2_econ
2016,47.04782199191736,bart_PC2_econ
2016,47.043496696736625,bart_PC2_econ
2016,47.03429685201492,bart_PC2_econ
2016,47.044712014384714,bart_PC2_econ
2016,47.044039426083856,bart_PC2_econ
2016,47.047483101674075,bart_PC2_econ
2016,47.06231397627071,bart_PC2_econ
2016,47.07612674626333,bart_PC2_econ
2016,47.09990214510933,bart_PC2_econ
2016,47.115563393270705,bart_PC2_econ
2016,47.11647834482177,bart_PC2_econ
2016,47.11773816711575,bart_PC2_econ
2016,47.143701354013885,bart_PC2_econ
2016,47.14951700589601,bart_PC2_econ
2016,47.174684882039784,bart_PC2_econ
2016,47.19558500878151,bart_PC2_econ
2016,47.225429262073455,bart_PC2_econ
2016,47.21811716225888,bart_PC2_econ
2016,47.17939539397932,bart_PC2_econ
2016,47.18300631084008,bart_PC2_econ
2016,47.22631961198065,bart_PC2_econ
2016,47.16939021682241,bart_PC2_econ
2016,47.123088953769134,bart_PC2_econ
2016,47.11595925675466,bart_PC2_econ
2016,47.10923755273793,bart_PC2_econ
2016,47.08024927682408,bart_PC2_econ
2016,47.072552456285294,bart_PC2_econ
2016,47.047004419271374,bart_PC2_econ
2016,47.03378893978479,bart_PC2_econ
2016,47.06028309337722,bart_PC2_econ
2016,47.09350775261899,bart_PC2_econ
2016,47.11082085872979,bart_PC2_econ
2016,47.12653780374771,bart_PC2_econ
2016,47.09288541319869,bart_PC2_econ
2016,47.05759942460678,bart_PC2_econ
2016,47.049811180494395,bart_PC2_econ
2016,47.04675220444831,bart_PC2_econ
2016,47.0274535968523,bart_PC2_econ
2016,47.053994975827486,bart_PC2_econ
2016,47.08710079409761,bart_PC2_econ
2016,47.074587898203355,bart_PC2_econ
2016,47.036749497955945,bart_PC2_econ
2016,47.04889146126077,bart_PC2_econ
2016,47.044816647990686,bart_PC2_econ
2016,47.04214693508854,bart_PC2_econ
2016,47.03466871798039,bart_PC2_econ
2016,47.01849662283337,bart_PC2_econ
2016,47.042165441387624,bart_PC2_econ
2016,47.06784003045209,bart_PC2_econ
2016,47.07580167895888,bart_PC2_econ
2016,47.06819622632495,bart_PC2_econ
2016,47.09677927662373,bart_PC2_econ
2016,47.07859049467805,bart_PC2_econ
2016,47.078798395900535,bart_PC2_econ
2016,47.082761835064034,bart_PC2_econ
2016,47.07786519266885,bart_PC2_econ
2016,47.095003269485225,bart_PC2_econ
2016,47.110288375061685,bart_PC2_econ
2016,47.12065576292497,bart_PC2_econ
2016,47.12991592814,bart_PC2_econ
2016,47.14384535477453,bart_PC2_econ
2016,47.148104056969856,bart_PC2_econ
2016,47.187687263645486,bart_PC2_econ
2016,47.191220365896676,bart_PC2_econ
2016,47.195573515121296,bart_PC2_econ
2016,47.20224596704437,bart_PC2_econ
2016,47.23111853362022,bart_PC2_econ
2016,47.23190197249807,bart_PC2_econ
2016,47.23100096980688,bart_PC2_econ
2016,47.20389225178087,bart_PC2_econ
2016,47.1959466620943,bart_PC2_econ
2016,47.2038811434111,bart_PC2_econ
2016,47.17686023586559,bart_PC2_econ
2016,47.160977409294745,bart_PC2_econ
2016,47.15912611163952,bart_PC2_econ
2016,47.159770890315976,bart_PC2_econ
2016,47.1648152862725,bart_PC2_econ
2016,47.149620230332985,bart_PC2_econ
2016,47.164005760236634,bart_PC2_econ
2016,47.13906063604726,bart_PC2_econ
2016,47.14884279625369,bart_PC2_econ
2016,47.161795967940975,bart_PC2_econ
2016,47.17383414816552,bart_PC2_econ
2016,47.203354383856116,bart_PC2_econ
2016,47.203284902999954,bart_PC2_econ
2016,47.19752201773778,bart_PC2_econ
2016,47.227388187581894,bart_PC2_econ
2016,47.22551023489525,bart_PC2_econ
2016,47.2279175426317,bart_PC2_econ
2016,47.231075173412655,bart_PC2_econ
2016,47.202090565605204,bart_PC2_econ
2016,47.20442567575974,bart_PC2_econ
2016,47.20015806184303,bart_PC2_econ
2016,47.20138708016491,bart_PC2_econ
2016,47.201573175163915,bart_PC2_econ
2016,47.22822712851938,bart_PC2_econ
2016,47.236296665404346,bart_PC2_econ
2016,47.23342086435966,bart_PC2_econ
2016,47.228887555519194,bart_PC2_econ
2016,47.24680547184367,bart_PC2_econ
2016,47.22928320915801,bart_PC2_econ
2016,47.213086137528805,bart_PC2_econ
2016,47.21160049832493,bart_PC2_econ
2016,47.223647033629646,bart_PC2_econ
2016,47.2341794276023,bart_PC2_econ
2016,47.2316942183666,bart_PC2_econ
2016,47.25490310706216,bart_PC2_econ
2016,47.24171920868848,bart_PC2_econ
2016,47.25099832342261,bart_PC2_econ
2016,47.23585097296771,bart_PC2_econ
2016,47.20775890504217,bart_PC2_econ
2016,47.18991688576024,bart_PC2_econ
2016,47.1779267094936,bart_PC2_econ
2016,47.14083765187,bart_PC2_econ
2016,47.14273155289346,bart_PC2_econ
2016,47.14878409130857,bart_PC2_econ
2016,47.15145714003016,bart_PC2_econ
2016,47.1831179633776,bart_PC2_econ
2016,47.168909122869266,bart_PC2_econ
2016,47.15881645335682,bart_PC2_econ
2016,47.17295431909085,bart_PC2_econ
2016,47.18605412519732,bart_PC2_econ
2016,47.1562580634848,bart_PC2_econ
2016,47.154880648977375,bart_PC2_econ
2016,47.17660091701089,bart_PC2_econ
2016,47.18774345458479,bart_PC2_econ
2016,47.17520680976085,bart_PC2_econ
2016,47.15795654584053,bart_PC2_econ
2016,47.15190712045326,bart_PC2_econ
2016,47.17785104750355,bart_PC2_econ
2016,47.16559268517331,bart_PC2_econ
2016,47.15050069150044,bart_PC2_econ
2016,47.132967488545084,bart_PC2_econ
2016,47.10207770035989,bart_PC2_econ
2016,47.09084126032737,bart_PC2_econ
2016,47.103502705519496,bart_PC2_econ
2016,47.11042281342174,bart_PC2_econ
2016,47.12493792990803,bart_PC2_econ
2016,47.102946420895364,bart_PC2_econ
2016,47.12025025536896,bart_PC2_econ
2016,47.134035789482496,bart_PC2_econ
2016,47.136668001681066,bart_PC2_econ
2016,47.13868644127318,bart_PC2_econ
2016,47.12235187418628,bart_PC2_econ
2016,47.13911477805877,bart_PC2_econ
2016,47.13547736732254,bart_PC2_econ
2016,47.10480328716257,bart_PC2_econ
2016,47.10381115454875,bart_PC2_econ
2016,47.121482420680636,bart_PC2_econ
2016,47.11178342222802,bart_PC2_econ
2016,47.11716645093124,bart_PC2_econ
2016,47.13657477799663,bart_PC2_econ
2016,47.13494814350159,bart_PC2_econ
2016,47.131862810758776,bart_PC2_econ
2016,47.136112171057384,bart_PC2_econ
2016,47.138515302082006,bart_PC2_econ
2016,47.13821011898539,bart_PC2_econ
2016,47.14992488158177,bart_PC2_econ
2016,47.15789506414346,bart_PC2_econ
2016,47.16363924832834,bart_PC2_econ
2016,47.14710091234083,bart_PC2_econ
2016,47.15006085581525,bart_PC2_econ
2016,47.139808869262865,bart_PC2_econ
2016,47.160422668794276,bart_PC2_econ
2016,47.158135693935776,bart_PC2_econ
2016,47.141289312557404,bart_PC2_econ
2016,47.14554416468973,bart_PC2_econ
2016,47.13946484528587,bart_PC2_econ
2016,47.14729451771335,bart_PC2_econ
2016,47.151061423446194,bart_PC2_econ
2016,47.15893557105376,bart_PC2_econ
2016,47.16132784454597,bart_PC2_econ
2016,47.15923035024719,bart_PC2_econ
2016,47.14930278348052,bart_PC2_econ
2016,47.14343923202322,bart_PC2_econ
2016,47.12253325395315,bart_PC2_econ
2016,47.113649824113416,bart_PC2_econ
2016,47.13756470971666,bart_PC2_econ
2016,47.14451525202142,bart_PC2_econ
2016,47.13862711658667,bart_PC2_econ
2016,47.130163507137766,bart_PC2_econ
2016,47.15874928278208,bart_PC2_econ
2016,47.15863461712653,bart_PC2_econ
2016,47.17263504970949,bart_PC2_econ
2016,47.16116653332111,bart_PC2_econ
2016,47.15518946960815,bart_PC2_econ
2016,47.144122851538285,bart_PC2_econ
2016,47.164090589606744,bart_PC2_econ
2016,47.16080713935145,bart_PC2_econ
2016,47.16886041544812,bart_PC2_econ
2016,47.15887214273866,bart_PC2_econ
2016,47.18129325817981,bart_PC2_econ
2016,47.16784482649713,bart_PC2_econ
2016,47.1519361828899,bart_PC2_econ
2016,47.16750801091369,bart_PC2_econ
2016,47.17751330318107,bart_PC2_econ
2016,47.172697049628006,bart_PC2_econ
2016,47.17440882079782,bart_PC2_econ
2016,47.17093391313411,bart_PC2_econ
2016,47.18084242018107,bart_PC2_econ
2016,47.167560971578276,bart_PC2_econ
2016,47.176689535463424,bart_PC2_econ
2016,47.18149303809372,bart_PC2_econ
2016,47.165975639913825,bart_PC2_econ
2016,47.15491601709239,bart_PC2_econ
2016,47.16238157439573,bart_PC2_econ
2016,47.160629451710314,bart_PC2_econ
2016,47.16368789592192,bart_PC2_econ
2016,47.1519616059714,bart_PC2_econ
2016,47.14515918721026,bart_PC2_econ
2016,47.134347149028336,bart_PC2_econ
2016,47.140466548177486,bart_PC2_econ
2016,47.14745009661726,bart_PC2_econ
2016,47.144512068713716,bart_PC2_econ
2016,47.16094561851847,bart_PC2_econ
2016,47.17486680553368,bart_PC2_econ
2016,47.18270397527896,bart_PC2_econ
2016,47.17468261399089,bart_PC2_econ
2016,47.157192222256015,bart_PC2_econ
2016,47.146188855813826,bart_PC2_econ
2016,47.161629084909464,bart_PC2_econ
2016,47.14544990651129,bart_PC2_econ
2016,47.1670559395221,bart_PC2_econ
2016,47.18361412465338,bart_PC2_econ
2016,47.168907332946084,bart_PC2_econ
2016,47.17521377661079,bart_PC2_econ
2016,47.17540326181266,bart_PC2_econ
2016,47.17345757864635,bart_PC2_econ
2016,47.1658893267385,bart_PC2_econ
2016,47.16841154120758,bart_PC2_econ
2016,47.16875758003293,bart_PC2_econ
2016,47.15494586829719,bart_PC2_econ
2016,47.14693959646378,bart_PC2_econ
2016,47.1565349370342,bart_PC2_econ
2016,47.14373769699241,bart_PC2_econ
2016,47.13785381024098,bart_PC2_econ
2016,47.15300134191923,bart_PC2_econ
2016,47.16324089852309,bart_PC2_econ
2016,47.15031498770811,bart_PC2_econ
2016,47.16752963894547,bart_PC2_econ
2016,47.159824633195825,bart_PC2_econ
2016,47.17759510762899,bart_PC2_econ
2016,47.17577838007567,bart_PC2_econ
2016,47.17528956488407,bart_PC2_econ
2016,47.15672595699965,bart_PC2_econ
2016,47.15620687561844,bart_PC2_econ
2016,47.13509098397374,bart_PC2_econ
2016,47.12446817553081,bart_PC2_econ
2016,47.12784644300635,bart_PC2_econ
2016,47.127005315402315,bart_PC2_econ
2016,47.120438168365055,bart_PC2_econ
2016,47.11783968812092,bart_PC2_econ
2016,47.11216784078273,bart_PC2_econ
2016,47.10370675902622,bart_PC2_econ
2016,47.10184210989428,bart_PC2_econ
2016,47.09285556458938,bart_PC2_econ
2016,47.08826697428635,bart_PC2_econ
2016,47.07358907219478,bart_PC2_econ
2016,47.071494687364876,bart_PC2_econ
2016,47.067410067867954,bart_PC2_econ
2016,47.064784186738834,bart_PC2_econ
2016,47.069853149101625,bart_PC2_econ
2016,47.080214551334464,bart_PC2_econ
2016,47.07447954898802,bart_PC2_econ
2016,47.07307552864792,bart_PC2_econ
2016,47.09041705396942,bart_PC2_econ
2016,47.08977283299597,bart_PC2_econ
2016,47.07940513876464,bart_PC2_econ
2016,47.080005280543844,bart_PC2_econ
2016,47.08379258248667,bart_PC2_econ
2016,47.07504388900147,bart_PC2_econ
2016,47.06499444613458,bart_PC2_econ
2016,47.06060587975334,bart_PC2_econ
2016,47.05961621315774,bart_PC2_econ
2016,47.051221548718715,bart_PC2_econ
2016,47.059943653588995,bart_PC2_econ
2016,47.046503094323846,bart_PC2_econ
2016,47.055913083867665,bart_PC2_econ
2016,47.06767805137037,bart_PC2_econ
2016,47.059758846383616,bart_PC2_econ
2016,47.05972579447363,bart_PC2_econ
2016,47.06038142210581,bart_PC2_econ
2016,47.06321526108486,bart_PC2_econ
2016,47.057261782650116,bart_PC2_econ
2016,47.07711628179003,bart_PC2_econ
2016,47.07701306769983,bart_PC2_econ
2016,47.075669825309845,bart_PC2_econ
2016,47.084904715166324,bart_PC2_econ
2016,47.09378332862286,bart_PC2_econ
2016,47.08757280759593,bart_PC2_econ
2016,47.086530304629164,bart_PC2_econ
2016,47.08249775053295,bart_PC2_econ
2016,47.0903837509822,bart_PC2_econ
2016,47.07891206148069,bart_PC2_econ
2016,47.080548587322355,bart_PC2_econ
2016,47.07776313360503,bart_PC2_econ
2016,47.084658745921026,bart_PC2_econ
2016,47.096838956281395,bart_PC2_econ
2016,47.104703543533766,bart_PC2_econ
2016,47.1232818689881,bart_PC2_econ
2016,47.12813513576864,bart_PC2_econ
2016,47.12956889560341,bart_PC2_econ
2016,47.13138790311559,bart_PC2_econ
2016,47.13128686876623,bart_PC2_econ
2016,47.12604717698467,bart_PC2_econ
2016,47.13229111415441,bart_PC2_econ
2016,47.144258948193475,bart_PC2_econ
2016,47.14527525341595,bart_PC2_econ
2016,47.148744950041035,bart_PC2_econ
2016,47.129420128061696,bart_PC2_econ
2016,47.12206479919324,bart_PC2_econ
2016,47.10654286029913,bart_PC2_econ
2016,47.112586422624204,bart_PC2_econ
2016,47.112733937214045,bart_PC2_econ
2016,47.11333245013106,bart_PC2_econ
2016,47.11570690256585,bart_PC2_econ
2016,47.11254971865305,bart_PC2_econ
2016,47.110919535348245,bart_PC2_econ
2016,47.11198993892852,bart_PC2_econ
2016,47.09990741197392,bart_PC2_econ
2016,47.11007670798866,bart_PC2_econ
2016,47.102676437559396,bart_PC2_econ
2016,47.08685372320454,bart_PC2_econ
2016,47.09257036965135,bart_PC2_econ
2016,47.10423009736189,bart_PC2_econ
2016,47.092875627608294,bart_PC2_econ
2016,47.09435091209648,bart_PC2_econ
2016,47.10700332494662,bart_PC2_econ
2016,47.115190366432245,bart_PC2_econ
2016,47.12398344051844,bart_PC2_econ
2016,47.10206743824109,bart_PC2_econ
2016,47.09781456227121,bart_PC2_econ
2016,47.09972055218488,bart_PC2_econ
2016,47.111272803114055,bart_PC2_econ
2016,47.113538461468764,bart_PC2_econ
2016,47.1078731432174,bart_PC2_econ
2016,47.10580252931298,bart_PC2_econ
2016,47.11022366455282,bart_PC2_econ
2016,47.11826209913224,bart_PC2_econ
2016,47.12265612222334,bart_PC2_econ
2016,47.119947410533186,bart_PC2_econ
2016,47.12244597276531,bart_PC2_econ
2016,47.12967665394951,bart_PC2_econ
2016,47.11685151840598,bart_PC2_econ
2016,47.12287713849083,bart_PC2_econ
2016,47.11728112068954,bart_PC2_econ
2016,47.1129911873266,bart_PC2_econ
2016,47.11406498064137,bart_PC2_econ
2016,47.11586644238038,bart_PC2_econ
2016,47.10912610461219,bart_PC2_econ
2016,47.11573673693387,bart_PC2_econ
2016,47.116528762571875,bart_PC2_econ
2016,47.10840631288062,bart_PC2_econ
2016,47.113305728545946,bart_PC2_econ
2016,47.109201848363845,bart_PC2_econ
2016,47.09932952973257,bart_PC2_econ
2016,47.09221917902428,bart_PC2_econ
2016,47.099219850486435,bart_PC2_econ
2016,47.09325250860133,bart_PC2_econ
2016,47.09514194617073,bart_PC2_econ
2016,47.08853356491592,bart_PC2_econ
2016,47.09683400370578,bart_PC2_econ
2016,47.08855418900499,bart_PC2_econ
2016,47.08907868680227,bart_PC2_econ
2016,47.08794808140255,bart_PC2_econ
2016,47.08972229282979,bart_PC2_econ
2016,47.08547468544252,bart_PC2_econ
2016,47.073824991720585,bart_PC2_econ
2016,47.07248569168274,bart_PC2_econ
2016,47.0592352944701,bart_PC2_econ
2016,47.05835679186191,bart_PC2_econ
2016,47.066414588275805,bart_PC2_econ
2016,47.06763085130074,bart_PC2_econ
2016,47.06019139681726,bart_PC2_econ
2016,47.062447006374704,bart_PC2_econ
2016,47.06565318479877,bart_PC2_econ
2016,47.066196830503415,bart_PC2_econ
2016,47.07125486568249,bart_PC2_econ
2016,47.07803149204273,bart_PC2_econ
2016,47.074693266604974,bart_PC2_econ
2016,47.07267728243257,bart_PC2_econ
2016,47.068615638116704,bart_PC2_econ
2016,47.074337919468434,bart_PC2_econ
2016,47.07212703187145,bart_PC2_econ
2016,47.07411717938561,bart_PC2_econ
2016,47.07531633351289,bart_PC2_econ
2016,47.07298628282783,bart_PC2_econ
2016,47.07134823402732,bart_PC2_econ
2016,47.082431040327016,bart_PC2_econ
2016,47.08503724130524,bart_PC2_econ
2016,47.08733920513617,bart_PC2_econ
2016,47.10100086892832,bart_PC2_econ
2016,47.09760613462754,bart_PC2_econ
2016,47.11076674031938,bart_PC2_econ
2016,47.102996945993056,bart_PC2_econ
2016,47.091911571438764,bart_PC2_econ
2016,47.09605376555732,bart_PC2_econ
2016,47.10233756247362,bart_PC2_econ
2016,47.0970913607041,bart_PC2_econ
2016,47.101928861436136,bart_PC2_econ
2016,47.10582494788746,bart_PC2_econ
2016,47.112207350621944,bart_PC2_econ
2016,47.118117201226276,bart_PC2_econ
2016,47.11443583974851,bart_PC2_econ
2016,47.11019024814621,bart_PC2_econ
2016,47.120606559187635,bart_PC2_econ
2016,47.11919481087786,bart_PC2_econ
2016,47.11693902057162,bart_PC2_econ
2016,47.120400090663665,bart_PC2_econ
2016,47.12868248370495,bart_PC2_econ
2016,47.13063997492551,bart_PC2_econ
2016,47.128834482257325,bart_PC2_econ
2016,47.14044005552485,bart_PC2_econ
2016,47.13886231905495,bart_PC2_econ
2016,47.14683038017001,bart_PC2_econ
2016,47.14475326853166,bart_PC2_econ
2016,47.13502210570312,bart_PC2_econ
2016,47.131946838965234,bart_PC2_econ
2016,47.13135218825923,bart_PC2_econ
2016,47.132749387041684,bart_PC2_econ
2016,47.14018916031368,bart_PC2_econ
2016,47.138493950768655,bart_PC2_econ
2016,47.13692943393266,bart_PC2_econ
2016,47.13975564906929,bart_PC2_econ
2016,47.13980966452203,bart_PC2_econ
2016,47.13977858974536,bart_PC2_econ
2016,47.1399449352898,bart_PC2_econ
2016,47.143441969975115,bart_PC2_econ
2016,47.1356346564217,bart_PC2_econ
2016,47.136220253374546,bart_PC2_econ
2016,47.13934786594582,bart_PC2_econ
2016,47.1271221139821,bart_PC2_econ
2016,47.12535441606263,bart_PC2_econ
2016,47.12406270315155,bart_PC2_econ
2016,47.11785251768028,bart_PC2_econ
2016,47.11667102375951,bart_PC2_econ
2016,47.112098449973786,bart_PC2_econ
2016,47.10954933505494,bart_PC2_econ
2016,47.10505105769512,bart_PC2_econ
2016,47.094034065813176,bart_PC2_econ
2016,47.097984865923635,bart_PC2_econ
2016,47.09777708123259,bart_PC2_econ
2016,47.09620540776406,bart_PC2_econ
2016,47.084421913447656,bart_PC2_econ
2016,47.084698891593604,bart_PC2_econ
2016,47.08417846718824,bart_PC2_econ
2016,47.09115282242308,bart_PC2_econ
2016,47.089706697984596,bart_PC2_econ
2016,47.097663461720366,bart_PC2_econ
2016,47.101076490129024,bart_PC2_econ
2016,47.100503651872415,bart_PC2_econ
2016,47.11124168413791,bart_PC2_econ
2016,47.117884317599334,bart_PC2_econ
2016,47.12286602540769,bart_PC2_econ
2016,47.12070817796267,bart_PC2_econ
2016,47.12550697230038,bart_PC2_econ
2016,47.12181887794752,bart_PC2_econ
2016,47.122738857044496,bart_PC2_econ
2016,47.1258553846626,bart_PC2_econ
2016,47.129775586310195,bart_PC2_econ
2016,47.13397477238585,bart_PC2_econ
2016,47.13073235882712,bart_PC2_econ
2016,47.12227124710237,bart_PC2_econ
2016,47.12413449595293,bart_PC2_econ
2016,47.140471280566814,bart_PC2_econ
2016,47.14957361527782,bart_PC2_econ
2016,47.15283460224391,bart_PC2_econ
2016,47.152545937211116,bart_PC2_econ
2016,47.152648304335024,bart_PC2_econ
2016,47.154917362733556,bart_PC2_econ
2016,47.154047422836335,bart_PC2_econ
2016,47.16287222558695,bart_PC2_econ
2016,47.16579750237071,bart_PC2_econ
2016,47.17108337771989,bart_PC2_econ
2016,47.16699625307993,bart_PC2_econ
2016,47.172569441295884,bart_PC2_econ
2016,47.175243925600576,bart_PC2_econ
2016,47.17880915654983,bart_PC2_econ
2016,47.1826698077551,bart_PC2_econ
2016,47.18452904768505,bart_PC2_econ
2016,47.184595897859396,bart_PC2_econ
2016,47.18979788437012,bart_PC2_econ
2016,47.19010496827112,bart_PC2_econ
2016,47.19800411817057,bart_PC2_econ
2016,47.19174494653444,bart_PC2_econ
2016,47.19502198398553,bart_PC2_econ
2016,47.197713938262744,bart_PC2_econ
2016,47.191917769652406,bart_PC2_econ
2016,47.19288243649871,bart_PC2_econ
2016,47.17509499230889,bart_PC2_econ
2016,47.17152914049902,bart_PC2_econ
2016,47.17702631478382,bart_PC2_econ
2016,47.183944943886765,bart_PC2_econ
2016,47.18679443469014,bart_PC2_econ
2016,47.18065933793328,bart_PC2_econ
2016,47.18539616513722,bart_PC2_econ
2016,47.18921974325173,bart_PC2_econ
2016,47.185930482399826,bart_PC2_econ
2016,47.18359523938325,bart_PC2_econ
2016,47.18122038607282,bart_PC2_econ
2016,47.1875954369003,bart_PC2_econ
2016,47.18702583490152,bart_PC2_econ
2016,47.18431911497645,bart_PC2_econ
2016,47.18919863585767,bart_PC2_econ
2016,47.18058405048278,bart_PC2_econ
2016,47.17605144485791,bart_PC2_econ
2016,47.17439718248477,bart_PC2_econ
2016,47.16637595626731,bart_PC2_econ
2016,47.16938824582302,bart_PC2_econ
2016,47.17845249605386,bart_PC2_econ
2016,47.17579857497008,bart_PC2_econ
2016,47.17726994670839,bart_PC2_econ
2016,47.16971332020822,bart_PC2_econ
2016,47.167197576082344,bart_PC2_econ
2016,47.163033799647636,bart_PC2_econ
2016,47.16037852208534,bart_PC2_econ
2016,47.16467784582453,bart_PC2_econ
2016,47.16031970321851,bart_PC2_econ
2016,47.16178623805226,bart_PC2_econ
2016,47.164297045515596,bart_PC2_econ
2016,47.15501513600515,bart_PC2_econ
2016,47.15405990365407,bart_PC2_econ
2016,47.15502353881191,bart_PC2_econ
2016,47.15218054615005,bart_PC2_econ
2016,47.15731124302287,bart_PC2_econ
2016,47.15998468768717,bart_PC2_econ
2016,47.16609686987212,bart_PC2_econ
2016,47.165497766633365,bart_PC2_econ
2016,47.16768305407302,bart_PC2_econ
2016,47.162438768711255,bart_PC2_econ
2016,47.153186708184734,bart_PC2_econ
2016,47.14407417756133,bart_PC2_econ
2016,47.14621736859719,bart_PC2_econ
2016,47.14536678484258,bart_PC2_econ
2016,47.15258013241678,bart_PC2_econ
2016,47.15029465916922,bart_PC2_econ
2016,47.152583951524434,bart_PC2_econ
2016,47.15155456659182,bart_PC2_econ
2016,47.153976606851906,bart_PC2_econ
2016,47.15817153966157,bart_PC2_econ
2016,47.16237045940024,bart_PC2_econ
2016,47.16560928692803,bart_PC2_econ
2016,47.17259096741729,bart_PC2_econ
2016,47.171332557266425,bart_PC2_econ
2016,47.16526249585456,bart_PC2_econ
2016,47.16409566907677,bart_PC2_econ
2016,47.16731017195525,bart_PC2_econ
2016,47.16649074229444,bart_PC2_econ
2016,47.17019214592057,bart_PC2_econ
2016,47.16443471401394,bart_PC2_econ
2016,47.165721612116144,bart_PC2_econ
2016,47.17286698278233,bart_PC2_econ
2016,47.17158234822129,bart_PC2_econ
2016,47.17295746374566,bart_PC2_econ
2016,47.16921770343302,bart_PC2_econ
2016,47.168308057050126,bart_PC2_econ
2016,47.16681814957195,bart_PC2_econ
2016,47.16235612648135,bart_PC2_econ
2016,47.16178324157194,bart_PC2_econ
2016,47.162134098843,bart_PC2_econ
2016,47.156845956688116,bart_PC2_econ
2016,47.15065132191321,bart_PC2_econ
2016,47.14758064142199,bart_PC2_econ
2016,47.14901959171328,bart_PC2_econ
2016,47.157153816553304,bart_PC2_econ
2016,47.15881432991986,bart_PC2_econ
2016,47.15625528146542,bart_PC2_econ
2016,47.15992213736244,bart_PC2_econ
2016,47.158684288170825,bart_PC2_econ
2016,47.16006484710975,bart_PC2_econ
2016,47.16888004023889,bart_PC2_econ
2016,47.16806145498649,bart_PC2_econ
2016,47.16867360935962,bart_PC2_econ
2016,47.16645469227895,bart_PC2_econ
2016,47.167484035287856,bart_PC2_econ
2016,47.17059193908353,bart_PC2_econ
2016,47.17692774887238,bart_PC2_econ
2016,47.17606724151763,bart_PC2_econ
2016,47.17535150217187,bart_PC2_econ
2016,47.180155230956316,bart_PC2_econ
2016,47.180184919481874,bart_PC2_econ
2016,47.169406634368414,bart_PC2_econ
2016,47.17365574742853,bart_PC2_econ
2016,47.181176982175394,bart_PC2_econ
2016,47.17783759283122,bart_PC2_econ
2016,47.172566118035675,bart_PC2_econ
2016,47.171702086538495,bart_PC2_econ
2016,47.1627148325744,bart_PC2_econ
2016,47.16546306053533,bart_PC2_econ
2016,47.16964991865648,bart_PC2_econ
2016,47.16960920253335,bart_PC2_econ
2016,47.1654384393763,bart_PC2_econ
2016,47.169341896340015,bart_PC2_econ
2016,47.17196428019836,bart_PC2_econ
2016,47.17163118210206,bart_PC2_econ
2016,47.17068959112833,bart_PC2_econ
2016,47.17748523451118,bart_PC2_econ
2016,47.18525299984004,bart_PC2_econ
2016,47.188521824657734,bart_PC2_econ
2016,47.18904429539969,bart_PC2_econ
2016,47.18759904600411,bart_PC2_econ
2016,47.19074133648503,bart_PC2_econ
2016,47.187620014594636,bart_PC2_econ
2016,47.186634079450776,bart_PC2_econ
2016,47.187609746540765,bart_PC2_econ
2016,47.175059520074846,bart_PC2_econ
2016,47.17864484442087,bart_PC2_econ
2016,47.18029782885791,bart_PC2_econ
2016,47.185384156119284,bart_PC2_econ
2016,47.18592275882826,bart_PC2_econ
2016,47.18954962714751,bart_PC2_econ
2016,47.19255881143669,bart_PC2_econ
2016,47.18670033423668,bart_PC2_econ
2016,47.18451427683626,bart_PC2_econ
2016,47.18082550887592,bart_PC2_econ
2016,47.17699794155241,bart_PC2_econ
2016,47.17436631284005,bart_PC2_econ
2016,47.169911920775476,bart_PC2_econ
2016,47.1646566862446,bart_PC2_econ
2016,47.1642348414452,bart_PC2_econ
2016,47.16982237430905,bart_PC2_econ
2016,47.17262004369983,bart_PC2_econ
2016,47.17574168946119,bart_PC2_econ
2016,47.17285645849355,bart_PC2_econ
2016,47.17962106800958,bart_PC2_econ
2016,47.18328956035903,bart_PC2_econ
2016,47.175089951221885,bart_PC2_econ
2016,47.17338035543627,bart_PC2_econ
2016,47.176077764067166,bart_PC2_econ
2016,47.180009992344935,bart_PC2_econ
2016,47.18105369256222,bart_PC2_econ
2016,47.1835099470192,bart_PC2_econ
2016,47.17863834411354,bart_PC2_econ
2016,47.18121617185331,bart_PC2_econ
2016,47.17935300666474,bart_PC2_econ
2016,47.17707717922292,bart_PC2_econ
2016,47.17820077581782,bart_PC2_econ
2016,47.1795667556575,bart_PC2_econ
2016,47.179072496754515,bart_PC2_econ
2016,47.18048878734059,bart_PC2_econ
2016,47.171159905859106,bart_PC2_econ
2016,47.16997783733997,bart_PC2_econ
2016,47.167272087078345,bart_PC2_econ
2016,47.168510881136726,bart_PC2_econ
2016,47.171778722984726,bart_PC2_econ
2016,47.17466374813603,bart_PC2_econ
2016,47.175333470668726,bart_PC2_econ
2016,47.17897202475655,bart_PC2_econ
2016,47.179579031628826,bart_PC2_econ
2016,47.1706412721003,bart_PC2_econ
2016,47.16744398715957,bart_PC2_econ
2016,47.166155717169495,bart_PC2_econ
2016,47.17639534928893,bart_PC2_econ
2016,47.17744417368296,bart_PC2_econ
2016,47.17352396903779,bart_PC2_econ
2016,47.18027357811832,bart_PC2_econ
2016,47.17841302485413,bart_PC2_econ
2016,47.17353879637464,bart_PC2_econ
2016,47.16920898809718,bart_PC2_econ
2016,47.166505646793276,bart_PC2_econ
2016,47.164864802114096,bart_PC2_econ
2016,47.17386754166532,bart_PC2_econ
2016,47.17241522891076,bart_PC2_econ
2016,47.16722669949939,bart_PC2_econ
2016,47.16636121873244,bart_PC2_econ
2016,47.16990680650095,bart_PC2_econ
2016,47.164790843052344,bart_PC2_econ
2016,47.163337149713435,bart_PC2_econ
2016,47.159247712228975,bart_PC2_econ
2016,47.15622415662438,bart_PC2_econ
2016,47.15882604312323,bart_PC2_econ
2016,47.163475374755976,bart_PC2_econ
2016,47.16397188448158,bart_PC2_econ
2016,47.16013259817755,bart_PC2_econ
2016,47.156540213369,bart_PC2_econ
2016,47.158894326486916,bart_PC2_econ
2016,47.15786248070404,bart_PC2_econ
2016,47.15955817582184,bart_PC2_econ
2016,47.153293487538726,bart_PC2_econ
2016,47.15028574721185,bart_PC2_econ
2016,47.14819273585058,bart_PC2_econ
2016,47.151661241803225,bart_PC2_econ
2016,47.152916555928186,bart_PC2_econ
2016,47.15077593474948,bart_PC2_econ
2016,47.14202559337948,bart_PC2_econ
2016,47.14275288775276,bart_PC2_econ
2016,47.14912717316072,bart_PC2_econ
2016,47.14670995373323,bart_PC2_econ
2016,47.142484304992706,bart_PC2_econ
2016,47.14346313476756,bart_PC2_econ
2016,47.151186079638535,bart_PC2_econ
2016,47.15274704898565,bart_PC2_econ
2016,47.15073145386131,bart_PC2_econ
2016,47.1522222537321,bart_PC2_econ
2016,47.155964200981714,bart_PC2_econ
2016,47.16062895767294,bart_PC2_econ
2016,47.157666614009486,bart_PC2_econ
2016,47.153358554840175,bart_PC2_econ
2016,47.150250934461894,bart_PC2_econ
2016,47.153484970414404,bart_PC2_econ
2016,47.150559009436066,bart_PC2_econ
2016,47.14895454718297,bart_PC2_econ
2016,47.1574619714502,bart_PC2_econ
2016,47.155671196979185,bart_PC2_econ
2016,47.14953731445908,bart_PC2_econ
2016,47.14626497718058,bart_PC2_econ
2016,47.149976125722354,bart_PC2_econ
2016,47.15170062624223,bart_PC2_econ
2016,47.157325670548026,bart_PC2_econ
2016,47.15270108223797,bart_PC2_econ
2016,47.15522540309632,bart_PC2_econ
2016,47.15636958890367,bart_PC2_econ
2016,47.15724925211631,bart_PC2_econ
2016,47.154258354300815,bart_PC2_econ
2016,47.152914406471325,bart_PC2_econ
2016,47.16144470680561,bart_PC2_econ
2016,47.16447222332714,bart_PC2_econ
2016,47.159261386473986,bart_PC2_econ
2016,47.15105271175195,bart_PC2_econ
2016,47.14735048206499,bart_PC2_econ
2016,47.15484192216181,bart_PC2_econ
2016,47.15592174318569,bart_PC2_econ
2016,47.155902044350086,bart_PC2_econ
2016,47.16117349519159,bart_PC2_econ
2016,47.15890811762071,bart_PC2_econ
2016,47.161441298573635,bart_PC2_econ
2016,47.165918637760534,bart_PC2_econ
2016,47.170176925157534,bart_PC2_econ
2016,47.17236840864031,bart_PC2_econ
2016,47.16886232262308,bart_PC2_econ
2016,47.16597609257648,bart_PC2_econ
2016,47.167789388309785,bart_PC2_econ
2016,47.16552587256545,bart_PC2_econ
2016,47.16116800029591,bart_PC2_econ
2016,47.16401337667822,bart_PC2_econ
2016,47.16966373810074,bart_PC2_econ
2016,47.16859976532495,bart_PC2_econ
2016,47.16932707206728,bart_PC2_econ
2016,47.16481626220824,bart_PC2_econ
2016,47.169847022731986,bart_PC2_econ
2016,47.16574767651036,bart_PC2_econ
2016,47.16354867802618,bart_PC2_econ
2016,47.16722714075282,bart_PC2_econ
2016,47.17086429300261,bart_PC2_econ
2016,47.164734384045566,bart_PC2_econ
2016,47.165708721197404,bart_PC2_econ
2016,47.17595862103478,bart_PC2_econ
2016,47.17123793453918,bart_PC2_econ
2016,47.17157934767796,bart_PC2_econ
2016,47.16982973247599,bart_PC2_econ
2016,47.17233059885234,bart_PC2_econ
2016,47.16924621235293,bart_PC2_econ
2016,47.16433450720342,bart_PC2_econ
2016,47.154842770342,bart_PC2_econ
2016,47.15661960882723,bart_PC2_econ
2016,47.15413240401399,bart_PC2_econ
2016,47.1557760778593,bart_PC2_econ
2016,47.15899746024523,bart_PC2_econ
2016,47.16247145719771,bart_PC2_econ
2016,47.16415243522805,bart_PC2_econ
2016,47.165430974055084,bart_PC2_econ
2016,47.16870172559738,bart_PC2_econ
2016,47.17409458922229,bart_PC2_econ
2016,47.17496489196368,bart_PC2_econ
2016,47.17454011266104,bart_PC2_econ
2016,47.172860757209335,bart_PC2_econ
2016,47.163459236320065,bart_PC2_econ
2016,47.16271595930742,bart_PC2_econ
2016,47.16482707559158,bart_PC2_econ
2016,47.16689665972926,bart_PC2_econ
2016,47.17140883085197,bart_PC2_econ
2016,47.17913683384975,bart_PC2_econ
2016,47.18294225459006,bart_PC2_econ
2016,47.1822239201188,bart_PC2_econ
2016,47.183190652553165,bart_PC2_econ
2016,47.179809850220416,bart_PC2_econ
2016,47.17403783717551,bart_PC2_econ
2016,47.175491077565795,bart_PC2_econ
2016,47.17820972247608,bart_PC2_econ
2016,47.17863361225988,bart_PC2_econ
2016,47.17623973666639,bart_PC2_econ
2016,47.18347634873791,bart_PC2_econ
2016,47.185570673665744,bart_PC2_econ
2016,47.18427068476717,bart_PC2_econ
2016,47.186484493810944,bart_PC2_econ
2016,47.18563835413914,bart_PC2_econ
2016,47.18249653148206,bart_PC2_econ
2016,47.18374801581428,bart_PC2_econ
2016,47.17920316546295,bart_PC2_econ
2016,47.180334179071956,bart_PC2_econ
2016,47.18652042192431,bart_PC2_econ
2016,47.182595710535395,bart_PC2_econ
2016,47.18304136453796,bart_PC2_econ
2016,47.18300895770374,bart_PC2_econ
2016,47.183330277055006,bart_PC2_econ
2016,47.18392245094952,bart_PC2_econ
2016,47.18778533218775,bart_PC2_econ
2016,47.185178387054606,bart_PC2_econ
2016,47.184686794792064,bart_PC2_econ
2016,47.1816158127378,bart_PC2_econ
2016,47.189486875289376,bart_PC2_econ
2016,47.18452367346379,bart_PC2_econ
2016,47.180894547175015,bart_PC2_econ
2016,47.182656165161106,bart_PC2_econ
2016,47.17878804966138,bart_PC2_econ
2016,47.17790870496501,bart_PC2_econ
2016,47.18335571418582,bart_PC2_econ
2016,47.17893392975959,bart_PC2_econ
2016,47.18077637491306,bart_PC2_econ
2016,47.181360455595616,bart_PC2_econ
2016,47.18177260813625,bart_PC2_econ
2016,47.1790249514022,bart_PC2_econ
2016,47.18237208188562,bart_PC2_econ
2016,47.1809466739913,bart_PC2_econ
2016,47.179766308790114,bart_PC2_econ
2016,47.17686229105144,bart_PC2_econ
2016,47.1729478306998,bart_PC2_econ
2016,47.175637440678905,bart_PC2_econ
2016,47.172210900672795,bart_PC2_econ
2016,47.17424119222325,bart_PC2_econ
2016,47.17791485698129,bart_PC2_econ
2016,47.17995850275278,bart_PC2_econ
2016,47.18163709278757,bart_PC2_econ
2016,47.179878456581704,bart_PC2_econ
2016,47.182373289420575,bart_PC2_econ
2016,47.1839937357842,bart_PC2_econ
2016,47.18951641764031,bart_PC2_econ
2016,47.19446879635102,bart_PC2_econ
2016,47.19504513859938,bart_PC2_econ
2016,47.19138600476824,bart_PC2_econ
2016,47.18261313250762,bart_PC2_econ
2016,47.18909462093505,bart_PC2_econ
2016,47.19310950864549,bart_PC2_econ
2016,47.19136295520023,bart_PC2_econ
2016,47.192266975885246,bart_PC2_econ
2016,47.19309577898444,bart_PC2_econ
2016,47.19144790773247,bart_PC2_econ
2016,47.18970873292237,bart_PC2_econ
2016,47.188671210909206,bart_PC2_econ
2016,47.18933531816018,bart_PC2_econ
2016,47.19314893679348,bart_PC2_econ
2016,47.187367233862645,bart_PC2_econ
2016,47.17942522428655,bart_PC2_econ
2016,47.17494616075569,bart_PC2_econ
2016,47.177379321675076,bart_PC2_econ
2016,47.18117697819491,bart_PC2_econ
2016,47.18290804923353,bart_PC2_econ
2016,47.18267163251007,bart_PC2_econ
2016,47.18680386930535,bart_PC2_econ
2016,47.18767306182712,bart_PC2_econ
2016,47.19175429284756,bart_PC2_econ
2016,47.191177427155914,bart_PC2_econ
2016,47.19821382965284,bart_PC2_econ
2016,47.20510670196015,bart_PC2_econ
2016,47.20085048062804,bart_PC2_econ
2016,47.203743073008006,bart_PC2_econ
2016,47.20327499863575,bart_PC2_econ
2016,47.19813735077801,bart_PC2_econ
2016,47.19692143194399,bart_PC2_econ
2016,47.19923799387667,bart_PC2_econ
2016,47.204427333124386,bart_PC2_econ
2016,47.20115464316057,bart_PC2_econ
2016,47.19570827680276,bart_PC2_econ
2016,47.19342746907776,bart_PC2_econ
2016,47.194395793975126,bart_PC2_econ
2016,47.19281913529757,bart_PC2_econ
2016,47.192158267956884,bart_PC2_econ
2016,47.19067297116957,bart_PC2_econ
2016,47.197955749643114,bart_PC2_econ
2016,47.1984175990911,bart_PC2_econ
2016,47.19950594240978,bart_PC2_econ
2016,47.200981083415776,bart_PC2_econ
2016,47.19732847947455,bart_PC2_econ
2016,47.198465694135265,bart_PC2_econ
2016,47.19639787938085,bart_PC2_econ
2016,47.19485208633364,bart_PC2_econ
2020,43.06913341822398,bart_PC2_econ
2020,43.64020262415045,bart_PC2_econ
2020,45.298121958533734,bart_PC2_econ
2020,45.273986047396264,bart_PC2_econ
2020,46.53887365930014,bart_PC2_econ
2020,46.828912389318155,bart_PC2_econ
2020,46.62730165718018,bart_PC2_econ
2020,45.97575435248047,bart_PC2_econ
2020,45.90898443802353,bart_PC2_econ
2020,46.186504980735286,bart_PC2_econ
2020,46.14942281200845,bart_PC2_econ
2020,46.11410682397026,bart_PC2_econ
2020,46.23402457780026,bart_PC2_econ
2020,46.68908935239523,bart_PC2_econ
2020,46.68734047084049,bart_PC2_econ
2020,46.49306711877564,bart_PC2_econ
2020,46.25588518820865,bart_PC2_econ
2020,46.320138627610795,bart_PC2_econ
2020,46.510768050315555,bart_PC2_econ
2020,46.430899223499104,bart_PC2_econ
2020,46.389431368782574,bart_PC2_econ
2020,46.27717058557031,bart_PC2_econ
2020,46.17351333646285,bart_PC2_econ
2020,46.37053439621216,bart_PC2_econ
2020,46.72416623961552,bart_PC2_econ
2020,46.84342574970809,bart_PC2_econ
2020,46.62244290555451,bart_PC2_econ
2020,46.58721345565189,bart_PC2_econ
2020,46.74096425478126,bart_PC2_econ
2020,46.93576852382093,bart_PC2_econ
2020,46.989115065668244,bart_PC2_econ
2020,46.91224870391694,bart_PC2_econ
2020,46.85949622080433,bart_PC2_econ
2020,46.94726370734395,bart_PC2_econ
2020,47.04571625867489,bart_PC2_econ
2020,47.13087777379343,bart_PC2_econ
2020,47.21026872416539,bart_PC2_econ
2020,47.24790592564487,bart_PC2_econ
2020,47.20540337090924,bart_PC2_econ
2020,47.220791164407544,bart_PC2_econ
2020,47.17032663792291,bart_PC2_econ
2020,47.18907143267878,bart_PC2_econ
2020,47.2916995826789,bart_PC2_econ
2020,47.29869716151751,bart_PC2_econ
2020,47.26583028951809,bart_PC2_econ
2020,47.15429135086233,bart_PC2_econ
2020,47.16426437927114,bart_PC2_econ
2020,47.13485489808189,bart_PC2_econ
2020,47.19259419404379,bart_PC2_econ
2020,47.28163764561757,bart_PC2_econ
2020,47.40424791596382,bart_PC2_econ
2020,47.46801245917627,bart_PC2_econ
2020,47.397661008684665,bart_PC2_econ
2020,47.34680952488256,bart_PC2_econ
2020,47.38387539045095,bart_PC2_econ
2020,47.367159305975555,bart_PC2_econ
2020,47.36881247540346,bart_PC2_econ
2020,47.370806711386244,bart_PC2_econ
2020,47.4838843898813,bart_PC2_econ
2020,47.38572374727275,bart_PC2_econ
2020,47.50993620665537,bart_PC2_econ
2020,47.48589033524701,bart_PC2_econ
2020,47.51374850873147,bart_PC2_econ
2020,47.46566562389845,bart_PC2_econ
2020,47.50353598302973,bart_PC2_econ
2020,47.50184226164092,bart_PC2_econ
2020,47.46526888650146,bart_PC2_econ
2020,47.47051697392811,bart_PC2_econ
2020,47.416837738945475,bart_PC2_econ
2020,47.50296656281347,bart_PC2_econ
2020,47.530582188456066,bart_PC2_econ
2020,47.5236732565168,bart_PC2_econ
2020,47.551984481603455,bart_PC2_econ
2020,47.58991113492188,bart_PC2_econ
2020,47.613562334583534,bart_PC2_econ
2020,47.61163967210459,bart_PC2_econ
2020,47.65745244452945,bart_PC2_econ
2020,47.637166220902095,bart_PC2_econ
2020,47.60281151364118,bart_PC2_econ
2020,47.66320395272558,bart_PC2_econ
2020,47.73657279453985,bart_PC2_econ
2020,47.69877922341201,bart_PC2_econ
2020,47.77147084096752,bart_PC2_econ
2020,47.762001799006,bart_PC2_econ
2020,47.75374633972157,bart_PC2_econ
2020,47.81540524353812,bart_PC2_econ
2020,47.79082744361655,bart_PC2_econ
2020,47.805479652100885,bart_PC2_econ
2020,47.783827678611345,bart_PC2_econ
2020,47.81886172398137,bart_PC2_econ
2020,47.86518034116074,bart_PC2_econ
2020,47.87459510477605,bart_PC2_econ
2020,47.826261336048624,bart_PC2_econ
2020,47.82404673074711,bart_PC2_econ
2020,47.81715889195772,bart_PC2_econ
2020,47.77887615702035,bart_PC2_econ
2020,47.79597995841219,bart_PC2_econ
2020,47.87190197924697,bart_PC2_econ
2020,47.85514555516193,bart_PC2_econ
2020,47.84456861900381,bart_PC2_econ
2020,47.87385994552612,bart_PC2_econ
2020,47.824694895470884,bart_PC2_econ
2020,47.79239362661776,bart_PC2_econ
2020,47.77598693115726,bart_PC2_econ
2020,47.78847942063105,bart_PC2_econ
2020,47.70409173351906,bart_PC2_econ
2020,47.71854761929838,bart_PC2_econ
2020,47.731836546362295,bart_PC2_econ
2020,47.766603155301055,bart_PC2_econ
2020,47.778690381610744,bart_PC2_econ
2020,47.71373555836546,bart_PC2_econ
2020,47.70118037999134,bart_PC2_econ
2020,47.713195017015764,bart_PC2_econ
2020,47.76849564229633,bart_PC2_econ
2020,47.805296047202134,bart_PC2_econ
2020,47.817515129864375,bart_PC2_econ
2020,47.810283176783656,bart_PC2_econ
2020,47.79529039741542,bart_PC2_econ
2020,47.78265753057026,bart_PC2_econ
2020,47.73399883366064,bart_PC2_econ
2020,47.74423176235611,bart_PC2_econ
2020,47.729519279813125,bart_PC2_econ
2020,47.69450961088531,bart_PC2_econ
2020,47.648190641272976,bart_PC2_econ
2020,47.647640973060746,bart_PC2_econ
2020,47.69754912343974,bart_PC2_econ
2020,47.71039982967465,bart_PC2_econ
2020,47.719023112310026,bart_PC2_econ
2020,47.701084871538775,bart_PC2_econ
2020,47.69545586316125,bart_PC2_econ
2020,47.69586074931639,bart_PC2_econ
2020,47.75739852340822,bart_PC2_econ
2020,47.7603235842431,bart_PC2_econ
2020,47.7614301480025,bart_PC2_econ
2020,47.77164612455364,bart_PC2_econ
2020,47.78148868631446,bart_PC2_econ
2020,47.80051444676804,bart_PC2_econ
2020,47.7945955732914,bart_PC2_econ
2020,47.81034093082085,bart_PC2_econ
2020,47.813268958796584,bart_PC2_econ
2020,47.82811226684552,bart_PC2_econ
2020,47.841462600971255,bart_PC2_econ
2020,47.83167715857307,bart_PC2_econ
2020,47.85083889191908,bart_PC2_econ
2020,47.83085077727924,bart_PC2_econ
2020,47.78991975912235,bart_PC2_econ
2020,47.77611465983499,bart_PC2_econ
2020,47.78209323069459,bart_PC2_econ
2020,47.81187646328618,bart_PC2_econ
2020,47.80088972302876,bart_PC2_econ
2020,47.80770439624961,bart_PC2_econ
2020,47.77785287983559,bart_PC2_econ
2020,47.781382922245555,bart_PC2_econ
2020,47.78582209838519,bart_PC2_econ
2020,47.7993719505314,bart_PC2_econ
2020,47.81526626813935,bart_PC2_econ
2020,47.80624300366914,bart_PC2_econ
2020,47.795053358514494,bart_PC2_econ
2020,47.77465442325352,bart_PC2_econ
2020,47.74396371834634,bart_PC2_econ
2020,47.68582619392698,bart_PC2_econ
2020,47.65000962274469,bart_PC2_econ
2020,47.651905047461405,bart_PC2_econ
2020,47.658416180252374,bart_PC2_econ
2020,47.66272060152142,bart_PC2_econ
2020,47.675037192842,bart_PC2_econ
2020,47.68184480430234,bart_PC2_econ
2020,47.6582915849464,bart_PC2_econ
2020,47.68490623631813,bart_PC2_econ
2020,47.68302487341414,bart_PC2_econ
2020,47.65681395713719,bart_PC2_econ
2020,47.63354475461035,bart_PC2_econ
2020,47.62925366141833,bart_PC2_econ
2020,47.6208090758349,bart_PC2_econ
2020,47.645561266581,bart_PC2_econ
2020,47.694444568661,bart_PC2_econ
2020,47.685231555626714,bart_PC2_econ
2020,47.68355873427596,bart_PC2_econ
2020,47.68020506377662,bart_PC2_econ
2020,47.696621054236445,bart_PC2_econ
2020,47.7109741826374,bart_PC2_econ
2020,47.7157128039798,bart_PC2_econ
2020,47.671801788161574,bart_PC2_econ
2020,47.667758236569526,bart_PC2_econ
2020,47.67581946367966,bart_PC2_econ
2020,47.67049886100452,bart_PC2_econ
2020,47.70388535882977,bart_PC2_econ
2020,47.705659243283094,bart_PC2_econ
2020,47.70889455508134,bart_PC2_econ
2020,47.7239180936017,bart_PC2_econ
2020,47.74508534143733,bart_PC2_econ
2020,47.75624866093301,bart_PC2_econ
2020,47.76562258057014,bart_PC2_econ
2020,47.74952821012087,bart_PC2_econ
2020,47.7412061468374,bart_PC2_econ
2020,47.760344321039625,bart_PC2_econ
2020,47.717391559043875,bart_PC2_econ
2020,47.69805125485342,bart_PC2_econ
2020,47.71089589215327,bart_PC2_econ
2020,47.7011328766293,bart_PC2_econ
2020,47.708892442022304,bart_PC2_econ
2020,47.6989538394615,bart_PC2_econ
2020,47.7069289207725,bart_PC2_econ
2020,47.710389826877325,bart_PC2_econ
2020,47.69903607262745,bart_PC2_econ
2020,47.70663947447394,bart_PC2_econ
2020,47.75087908583886,bart_PC2_econ
2020,47.77636941718975,bart_PC2_econ
2020,47.76346992589353,bart_PC2_econ
2020,47.76496408488529,bart_PC2_econ
2020,47.778565593151264,bart_PC2_econ
2020,47.78009248716973,bart_PC2_econ
2020,47.77928488695072,bart_PC2_econ
2020,47.782055960272864,bart_PC2_econ
2020,47.77799579706873,bart_PC2_econ
2020,47.8008763903606,bart_PC2_econ
2020,47.7798683427221,bart_PC2_econ
2020,47.77616779044591,bart_PC2_econ
2020,47.77392736746607,bart_PC2_econ
2020,47.792291165619176,bart_PC2_econ
2020,47.80576296993951,bart_PC2_econ
2020,47.80179968655528,bart_PC2_econ
2020,47.784720662695165,bart_PC2_econ
2020,47.809831609653976,bart_PC2_econ
2020,47.825384753020934,bart_PC2_econ
2020,47.808495310551486,bart_PC2_econ
2020,47.810138721205746,bart_PC2_econ
2020,47.788083570138404,bart_PC2_econ
2020,47.79768156688794,bart_PC2_econ
2020,47.80148146316578,bart_PC2_econ
2020,47.82881302893934,bart_PC2_econ
2020,47.81439606635148,bart_PC2_econ
2020,47.81042982628992,bart_PC2_econ
2020,47.77526659075189,bart_PC2_econ
2020,47.73880209832964,bart_PC2_econ
2020,47.74537705795162,bart_PC2_econ
2020,47.73113615282973,bart_PC2_econ
2020,47.699759421903764,bart_PC2_econ
2020,47.68155788307213,bart_PC2_econ
2020,47.683937203680635,bart_PC2_econ
2020,47.68126015353665,bart_PC2_econ
2020,47.69055750319289,bart_PC2_econ
2020,47.685625004956016,bart_PC2_econ
2020,47.68900279245821,bart_PC2_econ
2020,47.68956883893878,bart_PC2_econ
2020,47.68248002897936,bart_PC2_econ
2020,47.65386086843856,bart_PC2_econ
2020,47.645874896571954,bart_PC2_econ
2020,47.65478648441456,bart_PC2_econ
2020,47.66238569911496,bart_PC2_econ
2020,47.668071834104865,bart_PC2_econ
2020,47.65913048548656,bart_PC2_econ
2020,47.6790656681585,bart_PC2_econ
2020,47.70760063313655,bart_PC2_econ
2020,47.711527197055446,bart_PC2_econ
2020,47.7242622714876,bart_PC2_econ
2020,47.69734968987483,bart_PC2_econ
2020,47.66759310017345,bart_PC2_econ
2020,47.64837827813636,bart_PC2_econ
2020,47.65562293352667,bart_PC2_econ
2020,47.66751278033607,bart_PC2_econ
2020,47.673473200207965,bart_PC2_econ
2020,47.68989807451794,bart_PC2_econ
2020,47.70265458019881,bart_PC2_econ
2020,47.7153067451293,bart_PC2_econ
2020,47.71285272530077,bart_PC2_econ
2020,47.706219882115576,bart_PC2_econ
2020,47.68447865758639,bart_PC2_econ
2020,47.683761220518235,bart_PC2_econ
2020,47.66968835829036,bart_PC2_econ
2020,47.66201297847949,bart_PC2_econ
2020,47.66635946647355,bart_PC2_econ
2020,47.67316671858606,bart_PC2_econ
2020,47.65168404577623,bart_PC2_econ
2020,47.64883431754068,bart_PC2_econ
2020,47.66577993229754,bart_PC2_econ
2020,47.658085193470626,bart_PC2_econ
2020,47.67276661323298,bart_PC2_econ
2020,47.67053911346957,bart_PC2_econ
2020,47.67316955652758,bart_PC2_econ
2020,47.666928469718705,bart_PC2_econ
2020,47.665846416100386,bart_PC2_econ
2020,47.66910729424666,bart_PC2_econ
2020,47.68133505197577,bart_PC2_econ
2020,47.673486655371946,bart_PC2_econ
2020,47.680730575537495,bart_PC2_econ
2020,47.688792853548804,bart_PC2_econ
2020,47.69118060641344,bart_PC2_econ
2020,47.69433162582289,bart_PC2_econ
2020,47.67428392691535,bart_PC2_econ
2020,47.67732750931171,bart_PC2_econ
2020,47.67083882734245,bart_PC2_econ
2020,47.68241380694051,bart_PC2_econ
2020,47.675632931006156,bart_PC2_econ
2020,47.692870319825204,bart_PC2_econ
2020,47.7156966980489,bart_PC2_econ
2020,47.7254195696423,bart_PC2_econ
2020,47.70999267570756,bart_PC2_econ
2020,47.70231779002643,bart_PC2_econ
2020,47.687459363450365,bart_PC2_econ
2020,47.70192487175114,bart_PC2_econ
2020,47.71395467689817,bart_PC2_econ
2020,47.71898014551972,bart_PC2_econ
2020,47.70164791513081,bart_PC2_econ
2020,47.717208941426904,bart_PC2_econ
2020,47.73469354074108,bart_PC2_econ
2020,47.756845373697985,bart_PC2_econ
2020,47.75097595882493,bart_PC2_econ
2020,47.74684679104364,bart_PC2_econ
2020,47.73536623598873,bart_PC2_econ
2020,47.73188254159983,bart_PC2_econ
2020,47.74275918446693,bart_PC2_econ
2020,47.740918349003536,bart_PC2_econ
2020,47.74024766961976,bart_PC2_econ
2020,47.73802108052732,bart_PC2_econ
2020,47.74866386671313,bart_PC2_econ
2020,47.72880690528655,bart_PC2_econ
2020,47.732892376915785,bart_PC2_econ
2020,47.74873994919622,bart_PC2_econ
2020,47.76146874211827,bart_PC2_econ
2020,47.74425983480036,bart_PC2_econ
2020,47.74452999592836,bart_PC2_econ
2020,47.731346496773355,bart_PC2_econ
2020,47.734641207480976,bart_PC2_econ
2020,47.708222335190385,bart_PC2_econ
2020,47.71507465388321,bart_PC2_econ
2020,47.716589682914595,bart_PC2_econ
2020,47.70563400719553,bart_PC2_econ
2020,47.694209150814025,bart_PC2_econ
2020,47.68103620702486,bart_PC2_econ
2020,47.694392564744305,bart_PC2_econ
2020,47.692435980083864,bart_PC2_econ
2020,47.692570209237104,bart_PC2_econ
2020,47.68779705779299,bart_PC2_econ
2020,47.68390108857121,bart_PC2_econ
2020,47.69969123409912,bart_PC2_econ
2020,47.69027696757668,bart_PC2_econ
2020,47.699595347789845,bart_PC2_econ
2020,47.714733427479814,bart_PC2_econ
2020,47.71743804918786,bart_PC2_econ
2020,47.718920248659394,bart_PC2_econ
2020,47.713902563187496,bart_PC2_econ
2020,47.6985968634871,bart_PC2_econ
2020,47.68374832859173,bart_PC2_econ
2020,47.703921676705605,bart_PC2_econ
2020,47.70222327888888,bart_PC2_econ
2020,47.71362148337611,bart_PC2_econ
2020,47.73017142700162,bart_PC2_econ
2020,47.71433845056235,bart_PC2_econ
2020,47.71292663996407,bart_PC2_econ
2020,47.71401175759028,bart_PC2_econ
2020,47.717460655552166,bart_PC2_econ
2020,47.70724926717415,bart_PC2_econ
2020,47.71136418001966,bart_PC2_econ
2020,47.711551570107886,bart_PC2_econ
2020,47.700098902857405,bart_PC2_econ
2020,47.69520700459705,bart_PC2_econ
2020,47.696332584897924,bart_PC2_econ
2020,47.67697657017807,bart_PC2_econ
2020,47.6659157877998,bart_PC2_econ
2020,47.68293440066271,bart_PC2_econ
2020,47.68179159798273,bart_PC2_econ
2020,47.66575460573924,bart_PC2_econ
2020,47.66350081550027,bart_PC2_econ
2020,47.66069136072299,bart_PC2_econ
2020,47.666416236715285,bart_PC2_econ
2020,47.6712257603602,bart_PC2_econ
2020,47.66291071270719,bart_PC2_econ
2020,47.654619145424306,bart_PC2_econ
2020,47.65210436623397,bart_PC2_econ
2020,47.64413087048874,bart_PC2_econ
2020,47.647717974251805,bart_PC2_econ
2020,47.65079520315369,bart_PC2_econ
2020,47.65643166685446,bart_PC2_econ
2020,47.66369768541607,bart_PC2_econ
2020,47.657235153461826,bart_PC2_econ
2020,47.651124135326185,bart_PC2_econ
2020,47.64843313951097,bart_PC2_econ
2020,47.65278975840744,bart_PC2_econ
2020,47.643016445511215,bart_PC2_econ
2020,47.63732846626779,bart_PC2_econ
2020,47.63240984250307,bart_PC2_econ
2020,47.62326908975648,bart_PC2_econ
2020,47.62385673384429,bart_PC2_econ
2020,47.62348696396845,bart_PC2_econ
2020,47.61785033097898,bart_PC2_econ
2020,47.611813463968005,bart_PC2_econ
2020,47.611473592688085,bart_PC2_econ
2020,47.61631564477335,bart_PC2_econ
2020,47.63979508327064,bart_PC2_econ
2020,47.63783878389603,bart_PC2_econ
2020,47.63423029369321,bart_PC2_econ
2020,47.62910348872529,bart_PC2_econ
2020,47.633673129348246,bart_PC2_econ
2020,47.636113401687055,bart_PC2_econ
2020,47.63596177051552,bart_PC2_econ
2020,47.64762012302538,bart_PC2_econ
2020,47.654769254309784,bart_PC2_econ
2020,47.63847051409981,bart_PC2_econ
2020,47.64632612331671,bart_PC2_econ
2020,47.63305311743947,bart_PC2_econ
2020,47.64497932791601,bart_PC2_econ
2020,47.63969189771635,bart_PC2_econ
2020,47.62982767395926,bart_PC2_econ
2020,47.62979876119471,bart_PC2_econ
2020,47.63221684936421,bart_PC2_econ
2020,47.64158570083525,bart_PC2_econ
2020,47.641427167156536,bart_PC2_econ
2020,47.63965207505791,bart_PC2_econ
2020,47.646278366759155,bart_PC2_econ
2020,47.649352594173166,bart_PC2_econ
2020,47.65167978494652,bart_PC2_econ
2020,47.658184154912945,bart_PC2_econ
2020,47.65104561363924,bart_PC2_econ
2020,47.64719023895791,bart_PC2_econ
2020,47.65038856754113,bart_PC2_econ
2020,47.667014463395155,bart_PC2_econ
2020,47.66566714658359,bart_PC2_econ
2020,47.67460253779734,bart_PC2_econ
2020,47.679468884890014,bart_PC2_econ
2020,47.68301156635025,bart_PC2_econ
2020,47.69348879335554,bart_PC2_econ
2020,47.69580688707596,bart_PC2_econ
2020,47.697175013700125,bart_PC2_econ
2020,47.70332529892905,bart_PC2_econ
2020,47.714387028862504,bart_PC2_econ
2020,47.71813123100131,bart_PC2_econ
2020,47.70980589902409,bart_PC2_econ
2020,47.70852335402215,bart_PC2_econ
2020,47.71252667618863,bart_PC2_econ
2020,47.723709138747076,bart_PC2_econ
2020,47.72800087708839,bart_PC2_econ
2020,47.734949771643215,bart_PC2_econ
2020,47.7201547194559,bart_PC2_econ
2020,47.72661713409786,bart_PC2_econ
2020,47.72608444814193,bart_PC2_econ
2020,47.73137541570547,bart_PC2_econ
2020,47.725805921697614,bart_PC2_econ
2020,47.72049630100062,bart_PC2_econ
2020,47.72049807749808,bart_PC2_econ
2020,47.71499083381,bart_PC2_econ
2020,47.715417254679934,bart_PC2_econ
2020,47.71889400433031,bart_PC2_econ
2020,47.700909762105134,bart_PC2_econ
2020,47.707411355222895,bart_PC2_econ
2020,47.70561526779383,bart_PC2_econ
2020,47.6957922058839,bart_PC2_econ
2020,47.70665179924313,bart_PC2_econ
2020,47.72071505988675,bart_PC2_econ
2020,47.71479564582729,bart_PC2_econ
2020,47.7140246026529,bart_PC2_econ
2020,47.71800721988662,bart_PC2_econ
2020,47.72879889667677,bart_PC2_econ
2020,47.737940524614075,bart_PC2_econ
2020,47.721300407430476,bart_PC2_econ
2020,47.72115086664842,bart_PC2_econ
2020,47.72371970569473,bart_PC2_econ
2020,47.72716576674438,bart_PC2_econ
2020,47.729159642084525,bart_PC2_econ
2020,47.71732655117232,bart_PC2_econ
2020,47.70787188910951,bart_PC2_econ
2020,47.69947353885221,bart_PC2_econ
2020,47.71878352500775,bart_PC2_econ
2020,47.73118372428738,bart_PC2_econ
2020,47.73694015465046,bart_PC2_econ
2020,47.743905137025465,bart_PC2_econ
2020,47.74501515811614,bart_PC2_econ
2020,47.74663166793533,bart_PC2_econ
2020,47.750879191025234,bart_PC2_econ
2020,47.74973996085046,bart_PC2_econ
2020,47.75375459075424,bart_PC2_econ
2020,47.76181873877366,bart_PC2_econ
2020,47.75790134050763,bart_PC2_econ
2020,47.75486524838048,bart_PC2_econ
2020,47.76529386102311,bart_PC2_econ
2020,47.77266390506263,bart_PC2_econ
2020,47.767171985870796,bart_PC2_econ
2020,47.77105879781972,bart_PC2_econ
2020,47.77431917451866,bart_PC2_econ
2020,47.78068986136736,bart_PC2_econ
2020,47.78343334324881,bart_PC2_econ
2020,47.78885239317799,bart_PC2_econ
2020,47.78527011967494,bart_PC2_econ
2020,47.777868551499395,bart_PC2_econ
2020,47.776239175008435,bart_PC2_econ
2020,47.78234200478017,bart_PC2_econ
2020,47.77379220733726,bart_PC2_econ
2020,47.77309023320979,bart_PC2_econ
2020,47.78293366740386,bart_PC2_econ
2020,47.78483256724777,bart_PC2_econ
2020,47.787336035134786,bart_PC2_econ
2020,47.76987968249573,bart_PC2_econ
2020,47.75705782493209,bart_PC2_econ
2020,47.74334122810838,bart_PC2_econ
2020,47.74021268582924,bart_PC2_econ
2020,47.74516498626281,bart_PC2_econ
2020,47.757290778969896,bart_PC2_econ
2020,47.751035980093974,bart_PC2_econ
2020,47.747890213813704,bart_PC2_econ
2020,47.740340396605376,bart_PC2_econ
2020,47.76086286176232,bart_PC2_econ
2020,47.76625264352391,bart_PC2_econ
2020,47.76737484979891,bart_PC2_econ
2020,47.75667957863544,bart_PC2_econ
2020,47.760269118524135,bart_PC2_econ
2020,47.752664453513624,bart_PC2_econ
2020,47.74756149541952,bart_PC2_econ
2020,47.74949358089051,bart_PC2_econ
2020,47.75381238792946,bart_PC2_econ
2020,47.75946752783857,bart_PC2_econ
2020,47.76075244193783,bart_PC2_econ
2020,47.762015337011306,bart_PC2_econ
2020,47.76459622282664,bart_PC2_econ
2020,47.777322141114034,bart_PC2_econ
2020,47.78158552405071,bart_PC2_econ
2020,47.79441262423498,bart_PC2_econ
2020,47.78527866978577,bart_PC2_econ
2020,47.79272406930054,bart_PC2_econ
2020,47.79009084461619,bart_PC2_econ
2020,47.77564519510297,bart_PC2_econ
2020,47.7743405043386,bart_PC2_econ
2020,47.77282250432141,bart_PC2_econ
2020,47.77384775306193,bart_PC2_econ
2020,47.77965051185699,bart_PC2_econ
2020,47.77489035407141,bart_PC2_econ
2020,47.784118714723114,bart_PC2_econ
2020,47.79167316145413,bart_PC2_econ
2020,47.77953884767403,bart_PC2_econ
2020,47.78278783654594,bart_PC2_econ
2020,47.788194494626396,bart_PC2_econ
2020,47.789120556789285,bart_PC2_econ
2020,47.78993279038713,bart_PC2_econ
2020,47.797327326957614,bart_PC2_econ
2020,47.79810466684205,bart_PC2_econ
2020,47.79796530526184,bart_PC2_econ
2020,47.791936660205316,bart_PC2_econ
2020,47.795877324230304,bart_PC2_econ
2020,47.79448801175372,bart_PC2_econ
2020,47.792857824350364,bart_PC2_econ
2020,47.78379810351518,bart_PC2_econ
2020,47.76857937294663,bart_PC2_econ
2020,47.767007003611006,bart_PC2_econ
2020,47.769225643379656,bart_PC2_econ
2020,47.765127002469626,bart_PC2_econ
2020,47.779744827651825,bart_PC2_econ
2020,47.785331826329525,bart_PC2_econ
2020,47.780538548204454,bart_PC2_econ
2020,47.7775201370906,bart_PC2_econ
2020,47.77086121626799,bart_PC2_econ
2020,47.77178737024777,bart_PC2_econ
2020,47.76702200372879,bart_PC2_econ
2020,47.774121127236114,bart_PC2_econ
2020,47.76171180474293,bart_PC2_econ
2020,47.76252032726343,bart_PC2_econ
2020,47.76528230584138,bart_PC2_econ
2020,47.754083026554966,bart_PC2_econ
2020,47.75117428299272,bart_PC2_econ
2020,47.75174705037869,bart_PC2_econ
2020,47.75422783290069,bart_PC2_econ
2020,47.75851102977269,bart_PC2_econ
2020,47.762298750020705,bart_PC2_econ
2020,47.75922892226551,bart_PC2_econ
2020,47.759955741570245,bart_PC2_econ
2020,47.750001541521364,bart_PC2_econ
2020,47.75677487922303,bart_PC2_econ
2020,47.75339444485005,bart_PC2_econ
2020,47.76402382905758,bart_PC2_econ
2020,47.77050346923372,bart_PC2_econ
2020,47.759971499967605,bart_PC2_econ
2020,47.75913633182214,bart_PC2_econ
2020,47.76053753609962,bart_PC2_econ
2020,47.76318144245846,bart_PC2_econ
2020,47.762743412944474,bart_PC2_econ
2020,47.764699171822905,bart_PC2_econ
2020,47.7701486382929,bart_PC2_econ
2020,47.78113149011697,bart_PC2_econ
2020,47.7874796401665,bart_PC2_econ
2020,47.79412425079329,bart_PC2_econ
2020,47.795862943528356,bart_PC2_econ
2020,47.80168671777055,bart_PC2_econ
2020,47.79832025453176,bart_PC2_econ
2020,47.79699934506138,bart_PC2_econ
2020,47.79555464001369,bart_PC2_econ
2020,47.79417381786243,bart_PC2_econ
2020,47.79624581234951,bart_PC2_econ
2020,47.78837598155665,bart_PC2_econ
2020,47.78563778847808,bart_PC2_econ
2020,47.79058597559004,bart_PC2_econ
2020,47.80163643266484,bart_PC2_econ
2020,47.8000256998296,bart_PC2_econ
2020,47.79608942086641,bart_PC2_econ
2020,47.80610482954422,bart_PC2_econ
2020,47.80649144973637,bart_PC2_econ
2020,47.81311246323437,bart_PC2_econ
2020,47.81461102054906,bart_PC2_econ
2020,47.81524020372841,bart_PC2_econ
2020,47.8144318029178,bart_PC2_econ
2020,47.81248013540653,bart_PC2_econ
2020,47.81723931718473,bart_PC2_econ
2020,47.82618319369238,bart_PC2_econ
2020,47.8350227874584,bart_PC2_econ
2020,47.832695048768066,bart_PC2_econ
2020,47.83811768298399,bart_PC2_econ
2020,47.83776961246989,bart_PC2_econ
2020,47.833710815535426,bart_PC2_econ
2020,47.82766365951223,bart_PC2_econ
2020,47.82615920461144,bart_PC2_econ
2020,47.831943202477184,bart_PC2_econ
2020,47.822730955418024,bart_PC2_econ
2020,47.829497569616365,bart_PC2_econ
2020,47.828614297342966,bart_PC2_econ
2020,47.825656760294265,bart_PC2_econ
2020,47.82420606313265,bart_PC2_econ
2020,47.82141029496954,bart_PC2_econ
2020,47.82262569600768,bart_PC2_econ
2020,47.81864686728345,bart_PC2_econ
2020,47.823003455408724,bart_PC2_econ
2020,47.82392418297625,bart_PC2_econ
2020,47.816182924293095,bart_PC2_econ
2020,47.82542696618924,bart_PC2_econ
2020,47.82708868743416,bart_PC2_econ
2020,47.82612794367953,bart_PC2_econ
2020,47.82764593593312,bart_PC2_econ
2020,47.822493766608,bart_PC2_econ
2020,47.821172918916425,bart_PC2_econ
2020,47.820237286298685,bart_PC2_econ
2020,47.815165931248536,bart_PC2_econ
2020,47.82578239136101,bart_PC2_econ
2020,47.821366639642605,bart_PC2_econ
2020,47.81480862321817,bart_PC2_econ
2020,47.81672329538948,bart_PC2_econ
2020,47.809488661409496,bart_PC2_econ
2020,47.81744261865147,bart_PC2_econ
2020,47.82845466047154,bart_PC2_econ
2020,47.82060613845509,bart_PC2_econ
2020,47.814583582743886,bart_PC2_econ
2020,47.81521009085545,bart_PC2_econ
2020,47.819845932452985,bart_PC2_econ
2020,47.815258109588626,bart_PC2_econ
2020,47.81380599986539,bart_PC2_econ
2020,47.81533554612123,bart_PC2_econ
2020,47.818049183331645,bart_PC2_econ
2020,47.81596307095323,bart_PC2_econ
2020,47.81957855151209,bart_PC2_econ
2020,47.79938031683312,bart_PC2_econ
2020,47.79271327363462,bart_PC2_econ
2020,47.78967548945256,bart_PC2_econ
2020,47.792999787151096,bart_PC2_econ
2020,47.7898972540878,bart_PC2_econ
2020,47.79031479383481,bart_PC2_econ
2020,47.79471760793599,bart_PC2_econ
2020,47.79341891826139,bart_PC2_econ
2020,47.79759236953136,bart_PC2_econ
2020,47.786015320483884,bart_PC2_econ
2020,47.785056248704464,bart_PC2_econ
2020,47.77984009576454,bart_PC2_econ
2020,47.77614355915655,bart_PC2_econ
2020,47.7809295229081,bart_PC2_econ
2020,47.773306445051446,bart_PC2_econ
2020,47.767726405212905,bart_PC2_econ
2020,47.771297436925835,bart_PC2_econ
2020,47.77483076498811,bart_PC2_econ
2020,47.77703378791388,bart_PC2_econ
2020,47.78157871866012,bart_PC2_econ
2020,47.78465523857874,bart_PC2_econ
2020,47.78591750243993,bart_PC2_econ
2020,47.78023312878077,bart_PC2_econ
2020,47.77820123141081,bart_PC2_econ
2020,47.77664308450392,bart_PC2_econ
2020,47.771773405419054,bart_PC2_econ
2020,47.774364480580765,bart_PC2_econ
2020,47.774527087530686,bart_PC2_econ
2020,47.76575396049836,bart_PC2_econ
2020,47.763556127163184,bart_PC2_econ
2020,47.76350286436285,bart_PC2_econ
2020,47.766230761615695,bart_PC2_econ
2020,47.770986828994936,bart_PC2_econ
2020,47.77054025152705,bart_PC2_econ
2020,47.77445567245056,bart_PC2_econ
2020,47.770205170308984,bart_PC2_econ
2020,47.76952369183496,bart_PC2_econ
2020,47.770673607979035,bart_PC2_econ
2020,47.76714417480208,bart_PC2_econ
2020,47.77037481258474,bart_PC2_econ
2020,47.764567364766464,bart_PC2_econ
2020,47.76844804594196,bart_PC2_econ
2020,47.764253471542276,bart_PC2_econ
2020,47.7643531733042,bart_PC2_econ
2020,47.76487744418904,bart_PC2_econ
2020,47.76218195033024,bart_PC2_econ
2020,47.76113450837422,bart_PC2_econ
2020,47.76097591404843,bart_PC2_econ
2020,47.76060154155003,bart_PC2_econ
2020,47.76042312295138,bart_PC2_econ
2020,47.767415193766766,bart_PC2_econ
2020,47.76524957967689,bart_PC2_econ
2020,47.75738632648045,bart_PC2_econ
2020,47.76054458219892,bart_PC2_econ
2020,47.756054092477655,bart_PC2_econ
2020,47.75933650403566,bart_PC2_econ
2020,47.766072606559604,bart_PC2_econ
2020,47.76638837050497,bart_PC2_econ
2020,47.761993168301494,bart_PC2_econ
2020,47.76201074943418,bart_PC2_econ
2020,47.76717560640605,bart_PC2_econ
2020,47.76368861919771,bart_PC2_econ
2020,47.772004032134575,bart_PC2_econ
2020,47.77316998354791,bart_PC2_econ
2020,47.77147330006153,bart_PC2_econ
2020,47.76869156487804,bart_PC2_econ
2020,47.77238295689078,bart_PC2_econ
2020,47.77114444718441,bart_PC2_econ
2020,47.77553059850616,bart_PC2_econ
2020,47.782915650020485,bart_PC2_econ
2020,47.775536923922,bart_PC2_econ
2020,47.7712449484343,bart_PC2_econ
2020,47.7682693331376,bart_PC2_econ
2020,47.76519216241658,bart_PC2_econ
2020,47.76300676204716,bart_PC2_econ
2020,47.763715887574065,bart_PC2_econ
2020,47.775869218021775,bart_PC2_econ
2020,47.7763335808674,bart_PC2_econ
2020,47.777080486110805,bart_PC2_econ
2020,47.772904540357096,bart_PC2_econ
2020,47.774344382822,bart_PC2_econ
2020,47.765448536127906,bart_PC2_econ
2020,47.76799010041032,bart_PC2_econ
2020,47.766983106977065,bart_PC2_econ
2020,47.76780503424988,bart_PC2_econ
2020,47.7577433840509,bart_PC2_econ
2020,47.761069516994134,bart_PC2_econ
2020,47.75832458202937,bart_PC2_econ
2020,47.76614465056674,bart_PC2_econ
2020,47.76647308349199,bart_PC2_econ
2020,47.76859807190633,bart_PC2_econ
2020,47.77513592829381,bart_PC2_econ
2020,47.76563911615089,bart_PC2_econ
2020,47.75577537374501,bart_PC2_econ
2020,47.75427278057619,bart_PC2_econ
2020,47.75813844777201,bart_PC2_econ
2020,47.75192731353611,bart_PC2_econ
2020,47.745944705462996,bart_PC2_econ
2020,47.74737524595744,bart_PC2_econ
2020,47.749522794934116,bart_PC2_econ
2020,47.74324305006153,bart_PC2_econ
2020,47.74347981953166,bart_PC2_econ
2020,47.741316016981436,bart_PC2_econ
2020,47.7368546364192,bart_PC2_econ
2020,47.73598125077159,bart_PC2_econ
2020,47.74559833373986,bart_PC2_econ
2020,47.74004604673517,bart_PC2_econ
2020,47.740901637271314,bart_PC2_econ
2020,47.75055351406128,bart_PC2_econ
2020,47.7538168342837,bart_PC2_econ
2020,47.761637104350314,bart_PC2_econ
2020,47.75734914080917,bart_PC2_econ
2020,47.75667419524763,bart_PC2_econ
2020,47.75256601444042,bart_PC2_econ
2020,47.7504918039714,bart_PC2_econ
2020,47.746773199849244,bart_PC2_econ
2020,47.742219296040574,bart_PC2_econ
2020,47.74253045308784,bart_PC2_econ
2020,47.74445231408131,bart_PC2_econ
2020,47.74559995496489,bart_PC2_econ
2020,47.74503433965444,bart_PC2_econ
2020,47.738155863290594,bart_PC2_econ
2020,47.7326864892952,bart_PC2_econ
2020,47.73301648300971,bart_PC2_econ
2020,47.73242506313679,bart_PC2_econ
2020,47.73539171177082,bart_PC2_econ
2020,47.73466735895137,bart_PC2_econ
2020,47.74164076745853,bart_PC2_econ
2020,47.73930854782645,bart_PC2_econ
2020,47.73275533847607,bart_PC2_econ
2020,47.73022700961867,bart_PC2_econ
2020,47.72778773113076,bart_PC2_econ
2020,47.73612243150895,bart_PC2_econ
2020,47.7455796413811,bart_PC2_econ
2020,47.7424952896812,bart_PC2_econ
2020,47.747682396041604,bart_PC2_econ
2020,47.74652662031577,bart_PC2_econ
2020,47.74485502039641,bart_PC2_econ
2020,47.75162574979483,bart_PC2_econ
2020,47.75269267819499,bart_PC2_econ
2020,47.74855626898574,bart_PC2_econ
2020,47.75760795277063,bart_PC2_econ
2020,47.76203552609976,bart_PC2_econ
2020,47.76204148919664,bart_PC2_econ
2020,47.760945636806746,bart_PC2_econ
2020,47.757379132086704,bart_PC2_econ
2020,47.7515079132223,bart_PC2_econ
2020,47.75608023523867,bart_PC2_econ
2020,47.753107535606986,bart_PC2_econ
2020,47.746745794396375,bart_PC2_econ
2020,47.74948710909668,bart_PC2_econ
2020,47.75259343360355,bart_PC2_econ
2020,47.75588667640446,bart_PC2_econ
2020,47.750584310046534,bart_PC2_econ
2020,47.756221034593764,bart_PC2_econ
2020,47.75256018245634,bart_PC2_econ
2020,47.74744316960324,bart_PC2_econ
2020,47.74955812811906,bart_PC2_econ
2020,47.74070520304973,bart_PC2_econ
2020,47.73583393511616,bart_PC2_econ
2020,47.73526324985904,bart_PC2_econ
2020,47.740848706320755,bart_PC2_econ
2020,47.74538138442947,bart_PC2_econ
2020,47.74733760040376,bart_PC2_econ
2020,47.734484422474914,bart_PC2_econ
2020,47.73757384505313,bart_PC2_econ
2020,47.74052233578089,bart_PC2_econ
2020,47.742031774164346,bart_PC2_econ
2020,47.73782274541343,bart_PC2_econ
2020,47.740202061991155,bart_PC2_econ
2020,47.74457058401519,bart_PC2_econ
2020,47.74579744045835,bart_PC2_econ
2020,47.74158859777866,bart_PC2_econ
2020,47.74265304303283,bart_PC2_econ
2020,47.746722881636856,bart_PC2_econ
2020,47.74918067686451,bart_PC2_econ
2020,47.75144027970839,bart_PC2_econ
2020,47.74830978179043,bart_PC2_econ
2020,47.7402576389773,bart_PC2_econ
2020,47.74247864692292,bart_PC2_econ
2020,47.740641849294924,bart_PC2_econ
2020,47.73531165479663,bart_PC2_econ
2020,47.73506873493824,bart_PC2_econ
2020,47.73358192191728,bart_PC2_econ
2020,47.72462916892709,bart_PC2_econ
2020,47.72234507919505,bart_PC2_econ
2020,47.72480635381634,bart_PC2_econ
2020,47.72517663497515,bart_PC2_econ
2020,47.73292010025389,bart_PC2_econ
2020,47.72975668463764,bart_PC2_econ
2020,47.73568099641371,bart_PC2_econ
2020,47.738445194617405,bart_PC2_econ
2020,47.74325782701756,bart_PC2_econ
2020,47.74190385758819,bart_PC2_econ
2020,47.733501411109856,bart_PC2_econ
2020,47.73606662826402,bart_PC2_econ
2020,47.735123626593385,bart_PC2_econ
2020,47.730539330529766,bart_PC2_econ
2020,47.7301800576432,bart_PC2_econ
2020,47.72892974103052,bart_PC2_econ
2020,47.73118803510741,bart_PC2_econ
2020,47.728440532389584,bart_PC2_econ
2020,47.73416444783203,bart_PC2_econ
2020,47.737354921668505,bart_PC2_econ
2020,47.74070575660287,bart_PC2_econ
2020,47.74342758992686,bart_PC2_econ
2020,47.746894485510865,bart_PC2_econ
2020,47.751596895403594,bart_PC2_econ
2020,47.757535248454026,bart_PC2_econ
2020,47.75705346349419,bart_PC2_econ
2020,47.75893446845663,bart_PC2_econ
2020,47.76363661099669,bart_PC2_econ
2020,47.76232741520372,bart_PC2_econ
2020,47.76366266584674,bart_PC2_econ
2020,47.76043628659716,bart_PC2_econ
2020,47.767996874679746,bart_PC2_econ
2020,47.766251334394475,bart_PC2_econ
2020,47.77305181293878,bart_PC2_econ
2020,47.771816767876686,bart_PC2_econ
2020,47.77639434666153,bart_PC2_econ
2020,47.77223019434902,bart_PC2_econ
2020,47.77454792975709,bart_PC2_econ
2020,47.77907125033035,bart_PC2_econ
2020,47.776603093170934,bart_PC2_econ
2020,47.77835581052063,bart_PC2_econ
2020,47.779278423042655,bart_PC2_econ
2020,47.78508316956689,bart_PC2_econ
2020,47.78377419193652,bart_PC2_econ
2020,47.77917980064454,bart_PC2_econ
2020,47.78173290105597,bart_PC2_econ
2020,47.78408661653302,bart_PC2_econ
2020,47.78365105238575,bart_PC2_econ
2020,47.78082606326421,bart_PC2_econ
2020,47.77234392238335,bart_PC2_econ
2020,47.768848664049244,bart_PC2_econ
2020,47.76680288468214,bart_PC2_econ
2020,47.766417871504785,bart_PC2_econ
2020,47.76400343800999,bart_PC2_econ
2020,47.769407272836034,bart_PC2_econ
2020,47.76428511956617,bart_PC2_econ
2020,47.764021214021795,bart_PC2_econ
2020,47.7604158159492,bart_PC2_econ
2020,47.755166044978324,bart_PC2_econ
2020,47.75207221826215,bart_PC2_econ
2020,47.75266958086523,bart_PC2_econ
2020,47.75178143466728,bart_PC2_econ
2020,47.74439653186281,bart_PC2_econ
2020,47.74449114126825,bart_PC2_econ
2020,47.74569171645378,bart_PC2_econ
2020,47.74782559497939,bart_PC2_econ
2020,47.74889037647761,bart_PC2_econ
2020,47.75074966240903,bart_PC2_econ
2020,47.75820618152272,bart_PC2_econ
2020,47.76214561900881,bart_PC2_econ
2020,47.757146660413184,bart_PC2_econ
2020,47.76058438733169,bart_PC2_econ
2020,47.759464222278176,bart_PC2_econ
2020,47.76317599518607,bart_PC2_econ
2020,47.773405755078215,bart_PC2_econ
2020,47.76774600106401,bart_PC2_econ
2020,47.768918409524,bart_PC2_econ
2020,47.7740042292682,bart_PC2_econ
2020,47.76987460077106,bart_PC2_econ
2020,47.77563973066742,bart_PC2_econ
2020,47.78124079184502,bart_PC2_econ
2020,47.78019784022124,bart_PC2_econ
2020,47.77955534324093,bart_PC2_econ
2020,47.77725626689262,bart_PC2_econ
2020,47.778674844857456,bart_PC2_econ
2020,47.78028484609135,bart_PC2_econ
2020,47.78647692106564,bart_PC2_econ
2020,47.780632350118694,bart_PC2_econ
2020,47.7810956477054,bart_PC2_econ
2020,47.78088118465265,bart_PC2_econ
2020,47.780861146569805,bart_PC2_econ
2020,47.782696201075524,bart_PC2_econ
2020,47.7894418236827,bart_PC2_econ
2020,47.789516770528905,bart_PC2_econ
2020,47.79444533110832,bart_PC2_econ
2020,47.79246459310521,bart_PC2_econ
2020,47.79453273543398,bart_PC2_econ
2020,47.799663612471285,bart_PC2_econ
2020,47.80171691593766,bart_PC2_econ
2020,47.80045882154591,bart_PC2_econ
2020,47.796864852508236,bart_PC2_econ
2020,47.797412251261775,bart_PC2_econ
2020,47.80413317468131,bart_PC2_econ
2020,47.7980388331329,bart_PC2_econ
2020,47.80149663386321,bart_PC2_econ
2020,47.80444209270749,bart_PC2_econ
2020,47.801185474565926,bart_PC2_econ
2020,47.8030692102028,bart_PC2_econ
2020,47.80461620231556,bart_PC2_econ
2020,47.80313781074567,bart_PC2_econ
2020,47.799549158760854,bart_PC2_econ
2020,47.79795866361282,bart_PC2_econ
2020,47.80034343173553,bart_PC2_econ
2020,47.79971675099539,bart_PC2_econ
2020,47.801876074954706,bart_PC2_econ
2020,47.80291517097382,bart_PC2_econ
2020,47.80483207793003,bart_PC2_econ
2020,47.800541601585984,bart_PC2_econ
2020,47.795907966246354,bart_PC2_econ
2020,47.79457891007067,bart_PC2_econ
2020,47.79726295838841,bart_PC2_econ
2020,47.800569789112686,bart_PC2_econ
2020,47.807806586126944,bart_PC2_econ
2020,47.81146741070124,bart_PC2_econ
2020,47.811060129897584,bart_PC2_econ
2020,47.808287326314584,bart_PC2_econ
2020,47.805664540995835,bart_PC2_econ
2020,47.807427268798804,bart_PC2_econ
2020,47.81034659660802,bart_PC2_econ
2020,47.80677865852816,bart_PC2_econ
2020,47.80719142174598,bart_PC2_econ
2020,47.805612301778964,bart_PC2_econ
2020,47.80383758251895,bart_PC2_econ
2020,47.80003286198821,bart_PC2_econ
2020,47.801675306162636,bart_PC2_econ
2020,47.80176586969258,bart_PC2_econ
2020,47.80716520327485,bart_PC2_econ
2020,47.801135081783954,bart_PC2_econ
2020,47.801511769627446,bart_PC2_econ
2020,47.79783243820353,bart_PC2_econ
2020,47.80008471639628,bart_PC2_econ
2020,47.80243839520355,bart_PC2_econ
2020,47.80315914038762,bart_PC2_econ
2020,47.804596482858614,bart_PC2_econ
2020,47.80968302960056,bart_PC2_econ
2020,47.81141509124504,bart_PC2_econ
2020,47.81532352564908,bart_PC2_econ
2020,47.81310996217562,bart_PC2_econ
2020,47.81464031060521,bart_PC2_econ
2020,47.81596246316414,bart_PC2_econ
2020,47.81208666998796,bart_PC2_econ
2020,47.81165341332789,bart_PC2_econ
2020,47.8171741949262,bart_PC2_econ
2020,47.81828245080224,bart_PC2_econ
2020,47.815524989155904,bart_PC2_econ
2020,47.8165298503187,bart_PC2_econ
2020,47.819394863551224,bart_PC2_econ
2020,47.814795692754174,bart_PC2_econ
2020,47.81378621279629,bart_PC2_econ
2020,47.8112018155786,bart_PC2_econ
2020,47.81075443610031,bart_PC2_econ
2020,47.812880632408124,bart_PC2_econ
2020,47.8129020969711,bart_PC2_econ
2020,47.81420052290266,bart_PC2_econ
2020,47.81712818503637,bart_PC2_econ
2020,47.8222561993392,bart_PC2_econ
2020,47.82006910009357,bart_PC2_econ
2020,47.81924956775793,bart_PC2_econ
2020,47.81915325287994,bart_PC2_econ
2020,47.81760357630391,bart_PC2_econ
2020,47.815524730581316,bart_PC2_econ
2020,47.81454214901523,bart_PC2_econ
2024,46.57159722212312,bart_PC2_econ
2024,45.97234969228184,bart_PC2_econ
2024,48.4369622322688,bart_PC2_econ
2024,47.02236685823494,bart_PC2_econ
2024,48.02381993476043,bart_PC2_econ
2024,47.68633456205749,bart_PC2_econ
2024,46.73332561042013,bart_PC2_econ
2024,46.90961716895842,bart_PC2_econ
2024,47.50030249899544,bart_PC2_econ
2024,47.92249479080195,bart_PC2_econ
2024,48.32491269333883,bart_PC2_econ
2024,48.47725096148458,bart_PC2_econ
2024,48.77529899694798,bart_PC2_econ
2024,49.18075949847075,bart_PC2_econ
2024,49.06315207162809,bart_PC2_econ
2024,49.077658716913575,bart_PC2_econ
2024,48.97463872846697,bart_PC2_econ
2024,48.89358076512624,bart_PC2_econ
2024,49.15068820439325,bart_PC2_econ
2024,49.02830429686687,bart_PC2_econ
2024,48.95135601917396,bart_PC2_econ
2024,48.89297921253346,bart_PC2_econ
2024,49.056421831123636,bart_PC2_econ
2024,49.169452065166844,bart_PC2_econ
2024,49.568460014806945,bart_PC2_econ
2024,49.63916520927256,bart_PC2_econ
2024,49.59782226889974,bart_PC2_econ
2024,49.5910663126325,bart_PC2_econ
2024,49.645286758464565,bart_PC2_econ
2024,49.750719109339684,bart_PC2_econ
2024,49.77976174846555,bart_PC2_econ
2024,49.726334615215706,bart_PC2_econ
2024,49.704779944990975,bart_PC2_econ
2024,49.68207360522473,bart_PC2_econ
2024,49.87037090968472,bart_PC2_econ
2024,49.79552927789893,bart_PC2_econ
2024,49.78387092277602,bart_PC2_econ
2024,49.79232975098688,bart_PC2_econ
2024,49.67208263786767,bart_PC2_econ
2024,49.701470326136146,bart_PC2_econ
2024,49.73870293550898,bart_PC2_econ
2024,49.931968941370755,bart_PC2_econ
2024,50.17902266016012,bart_PC2_econ
2024,50.236300672383166,bart_PC2_econ
2024,50.26799460819082,bart_PC2_econ
2024,50.15547926965734,bart_PC2_econ
2024,50.11316566270335,bart_PC2_econ
2024,50.192179976658565,bart_PC2_econ
2024,50.26254756737929,bart_PC2_econ
2024,50.42019670621854,bart_PC2_econ
2024,50.57600691810602,bart_PC2_econ
2024,50.58798778236135,bart_PC2_econ
2024,50.584468957674986,bart_PC2_econ
2024,50.59221337348496,bart_PC2_econ
2024,50.64818963812691,bart_PC2_econ
2024,50.65811007839697,bart_PC2_econ
2024,50.64597679348748,bart_PC2_econ
2024,50.62812465747798,bart_PC2_econ
2024,50.731409710920545,bart_PC2_econ
2024,50.65126996116078,bart_PC2_econ
2024,50.68556058025767,bart_PC2_econ
2024,50.638983502315355,bart_PC2_econ
2024,50.71409581328748,bart_PC2_econ
2024,50.755967681503066,bart_PC2_econ
2024,50.7695832996592,bart_PC2_econ
2024,50.74123725604752,bart_PC2_econ
2024,50.72011152086247,bart_PC2_econ
2024,50.754723658378964,bart_PC2_econ
2024,50.69821316245844,bart_PC2_econ
2024,50.82336613129661,bart_PC2_econ
2024,50.81553275131538,bart_PC2_econ
2024,50.871619616860194,bart_PC2_econ
2024,50.882543046145656,bart_PC2_econ
2024,50.89708166122423,bart_PC2_econ
2024,50.94180025316535,bart_PC2_econ
2024,50.923133513478525,bart_PC2_econ
2024,50.91646808427218,bart_PC2_econ
2024,50.86199562787678,bart_PC2_econ
2024,50.83672991952338,bart_PC2_econ
2024,50.86486525017749,bart_PC2_econ
2024,50.954958080378006,bart_PC2_econ
2024,50.91661743002972,bart_PC2_econ
2024,50.9912506574172,bart_PC2_econ
2024,51.008066623399934,bart_PC2_econ
2024,51.02492964078956,bart_PC2_econ
2024,51.06501570723019,bart_PC2_econ
2024,51.10107067025142,bart_PC2_econ
2024,51.073053894427126,bart_PC2_econ
2024,51.06524861905322,bart_PC2_econ
2024,51.05331646641084,bart_PC2_econ
2024,51.09427586952909,bart_PC2_econ
2024,51.09396558773633,bart_PC2_econ
2024,51.02791840851064,bart_PC2_econ
2024,51.04117033861075,bart_PC2_econ
2024,51.053955772198904,bart_PC2_econ
2024,51.04261595744728,bart_PC2_econ
2024,51.04833141640251,bart_PC2_econ
2024,51.123548312013966,bart_PC2_econ
2024,51.065594577033615,bart_PC2_econ
2024,51.01146408872731,bart_PC2_econ
2024,50.9800797261909,bart_PC2_econ
2024,50.95006371623235,bart_PC2_econ
2024,50.92498629101302,bart_PC2_econ
2024,50.91704997239778,bart_PC2_econ
2024,50.89900218600891,bart_PC2_econ
2024,50.891499175334275,bart_PC2_econ
2024,50.92418922016382,bart_PC2_econ
2024,50.94059904677148,bart_PC2_econ
2024,50.97504650214362,bart_PC2_econ
2024,50.974677423175244,bart_PC2_econ
2024,50.90497206776374,bart_PC2_econ
2024,50.860742631096656,bart_PC2_econ
2024,50.86995880838784,bart_PC2_econ
2024,50.95843053414802,bart_PC2_econ
2024,51.03243508423283,bart_PC2_econ
2024,51.03525544642174,bart_PC2_econ
2024,51.05390537454988,bart_PC2_econ
2024,51.0439895767945,bart_PC2_econ
2024,51.090835889254656,bart_PC2_econ
2024,51.0775866746408,bart_PC2_econ
2024,51.10079363924575,bart_PC2_econ
2024,51.079506846620625,bart_PC2_econ
2024,51.099954685900244,bart_PC2_econ
2024,51.09134757521773,bart_PC2_econ
2024,51.0893123999041,bart_PC2_econ
2024,51.12229571582374,bart_PC2_econ
2024,51.113733510962106,bart_PC2_econ
2024,51.08643156723615,bart_PC2_econ
2024,51.111398762598114,bart_PC2_econ
2024,51.12404494935518,bart_PC2_econ
2024,51.11290569116286,bart_PC2_econ
2024,51.10593768914693,bart_PC2_econ
2024,51.13662046765346,bart_PC2_econ
2024,51.16194489609552,bart_PC2_econ
2024,51.17561109677863,bart_PC2_econ
2024,51.235874287046045,bart_PC2_econ
2024,51.23530651650647,bart_PC2_econ
2024,51.264744644227704,bart_PC2_econ
2024,51.29405186714387,bart_PC2_econ
2024,51.3001781220611,bart_PC2_econ
2024,51.28791274619085,bart_PC2_econ
2024,51.2690282280152,bart_PC2_econ
2024,51.28133146332412,bart_PC2_econ
2024,51.306812134459435,bart_PC2_econ
2024,51.305313029017434,bart_PC2_econ
2024,51.30789660735661,bart_PC2_econ
2024,51.306165511170384,bart_PC2_econ
2024,51.29541000007268,bart_PC2_econ
2024,51.345503999110946,bart_PC2_econ
2024,51.351840203901865,bart_PC2_econ
2024,51.35063232879964,bart_PC2_econ
2024,51.35083434729337,bart_PC2_econ
2024,51.34946300656887,bart_PC2_econ
2024,51.3631068602768,bart_PC2_econ
2024,51.422476836808954,bart_PC2_econ
2024,51.4283822434291,bart_PC2_econ
2024,51.413584207402344,bart_PC2_econ
2024,51.409964308210505,bart_PC2_econ
2024,51.41696063258573,bart_PC2_econ
2024,51.430114352015195,bart_PC2_econ
2024,51.38909745777426,bart_PC2_econ
2024,51.37779852579485,bart_PC2_econ
2024,51.405292606408175,bart_PC2_econ
2024,51.42079330649073,bart_PC2_econ
2024,51.41726794598766,bart_PC2_econ
2024,51.407685002109226,bart_PC2_econ
2024,51.43393799009117,bart_PC2_econ
2024,51.425290138995436,bart_PC2_econ
2024,51.42222734696662,bart_PC2_econ
2024,51.41703960035351,bart_PC2_econ
2024,51.364385526050974,bart_PC2_econ
2024,51.37908313661021,bart_PC2_econ
2024,51.38798841625028,bart_PC2_econ
2024,51.38014174663603,bart_PC2_econ
2024,51.36468230241709,bart_PC2_econ
2024,51.38970746596196,bart_PC2_econ
2024,51.36025946328105,bart_PC2_econ
2024,51.362058618301205,bart_PC2_econ
2024,51.37265003514151,bart_PC2_econ
2024,51.369065588090706,bart_PC2_econ
2024,51.37972587367784,bart_PC2_econ
2024,51.38330948645082,bart_PC2_econ
2024,51.33109588339542,bart_PC2_econ
2024,51.33654118125224,bart_PC2_econ
2024,51.33760043742487,bart_PC2_econ
2024,51.30989945787212,bart_PC2_econ
2024,51.325064806965834,bart_PC2_econ
2024,51.32119999091506,bart_PC2_econ
2024,51.331961039243254,bart_PC2_econ
2024,51.31567627837773,bart_PC2_econ
2024,51.32953495766459,bart_PC2_econ
2024,51.327488710710035,bart_PC2_econ
2024,51.32077462486097,bart_PC2_econ
2024,51.30644389898546,bart_PC2_econ
2024,51.30567960576532,bart_PC2_econ
2024,51.32371330190388,bart_PC2_econ
2024,51.30858819930926,bart_PC2_econ
2024,51.27624935215545,bart_PC2_econ
2024,51.28622659306341,bart_PC2_econ
2024,51.291856101157165,bart_PC2_econ
2024,51.29435087543256,bart_PC2_econ
2024,51.292687540976225,bart_PC2_econ
2024,51.30014472386724,bart_PC2_econ
2024,51.30418037392356,bart_PC2_econ
2024,51.286152670468695,bart_PC2_econ
2024,51.28028988965209,bart_PC2_econ
2024,51.30010350605273,bart_PC2_econ
2024,51.33104251268786,bart_PC2_econ
2024,51.32641568850042,bart_PC2_econ
2024,51.32208924673923,bart_PC2_econ
2024,51.34674018172649,bart_PC2_econ
2024,51.36287976371577,bart_PC2_econ
2024,51.359075554794465,bart_PC2_econ
2024,51.358773568724516,bart_PC2_econ
2024,51.355384058390314,bart_PC2_econ
2024,51.36924729921791,bart_PC2_econ
2024,51.35596743708124,bart_PC2_econ
2024,51.32701460919722,bart_PC2_econ
2024,51.299829067534674,bart_PC2_econ
2024,51.33136423774066,bart_PC2_econ
2024,51.36527050357155,bart_PC2_econ
2024,51.36932245843468,bart_PC2_econ
2024,51.36451479074533,bart_PC2_econ
2024,51.381300090255344,bart_PC2_econ
2024,51.40893468149916,bart_PC2_econ
2024,51.39047244338768,bart_PC2_econ
2024,51.38707501605987,bart_PC2_econ
2024,51.37990368448324,bart_PC2_econ
2024,51.395971823227704,bart_PC2_econ
2024,51.399901746839205,bart_PC2_econ
2024,51.42665859128775,bart_PC2_econ
2024,51.41802187110982,bart_PC2_econ
2024,51.40328002715532,bart_PC2_econ
2024,51.39054561236998,bart_PC2_econ
2024,51.375649804085164,bart_PC2_econ
2024,51.36539677544461,bart_PC2_econ
2024,51.35814940209265,bart_PC2_econ
2024,51.308750544272236,bart_PC2_econ
2024,51.30526214498738,bart_PC2_econ
2024,51.30231298975055,bart_PC2_econ
2024,51.28986829804255,bart_PC2_econ
2024,51.29492165276269,bart_PC2_econ
2024,51.276710084650894,bart_PC2_econ
2024,51.26885903795525,bart_PC2_econ
2024,51.26785600646983,bart_PC2_econ
2024,51.278589073676024,bart_PC2_econ
2024,51.25537057039981,bart_PC2_econ
2024,51.247695150946946,bart_PC2_econ
2024,51.27296551198208,bart_PC2_econ
2024,51.277915570886044,bart_PC2_econ
2024,51.30284853198182,bart_PC2_econ
2024,51.294704308600274,bart_PC2_econ
2024,51.31644822245214,bart_PC2_econ
2024,51.34903448023609,bart_PC2_econ
2024,51.351763481460566,bart_PC2_econ
2024,51.35412081089401,bart_PC2_econ
2024,51.341975064558405,bart_PC2_econ
2024,51.33114492489308,bart_PC2_econ
2024,51.30779726813931,bart_PC2_econ
2024,51.3290760213447,bart_PC2_econ
2024,51.34026592771079,bart_PC2_econ
2024,51.343620448000216,bart_PC2_econ
2024,51.35568985209329,bart_PC2_econ
2024,51.399013433601525,bart_PC2_econ
2024,51.416393279367654,bart_PC2_econ
2024,51.40628676278469,bart_PC2_econ
2024,51.40790130209439,bart_PC2_econ
2024,51.38865698068509,bart_PC2_econ
2024,51.38647386734386,bart_PC2_econ
2024,51.37202329394228,bart_PC2_econ
2024,51.36385735649356,bart_PC2_econ
2024,51.388003956586175,bart_PC2_econ
2024,51.38642176828266,bart_PC2_econ
2024,51.37664085283031,bart_PC2_econ
2024,51.36930304115482,bart_PC2_econ
2024,51.38467991163372,bart_PC2_econ
2024,51.37145821863822,bart_PC2_econ
2024,51.36837705411192,bart_PC2_econ
2024,51.35793675822702,bart_PC2_econ
2024,51.3684789610038,bart_PC2_econ
2024,51.35500712419374,bart_PC2_econ
2024,51.35839334996748,bart_PC2_econ
2024,51.35370766128834,bart_PC2_econ
2024,51.36088986043345,bart_PC2_econ
2024,51.37691126850009,bart_PC2_econ
2024,51.376066587170406,bart_PC2_econ
2024,51.37523131596284,bart_PC2_econ
2024,51.401449958843216,bart_PC2_econ
2024,51.400638310066405,bart_PC2_econ
2024,51.381560017061744,bart_PC2_econ
2024,51.38610596155784,bart_PC2_econ
2024,51.38825518553268,bart_PC2_econ
2024,51.41171270470187,bart_PC2_econ
2024,51.41550832309838,bart_PC2_econ
2024,51.44373844071627,bart_PC2_econ
2024,51.45323899325683,bart_PC2_econ
2024,51.45959971688445,bart_PC2_econ
2024,51.46088745249209,bart_PC2_econ
2024,51.46128753589427,bart_PC2_econ
2024,51.446071262152145,bart_PC2_econ
2024,51.457241657883685,bart_PC2_econ
2024,51.474963613867686,bart_PC2_econ
2024,51.49659726453665,bart_PC2_econ
2024,51.488163612867574,bart_PC2_econ
2024,51.498851752528694,bart_PC2_econ
2024,51.51916196114229,bart_PC2_econ
2024,51.516364266714554,bart_PC2_econ
2024,51.503120787063956,bart_PC2_econ
2024,51.507415497627136,bart_PC2_econ
2024,51.49360028499921,bart_PC2_econ
2024,51.498512801032035,bart_PC2_econ
2024,51.52218857983841,bart_PC2_econ
2024,51.52600341696729,bart_PC2_econ
2024,51.513124166030934,bart_PC2_econ
2024,51.50815489947297,bart_PC2_econ
2024,51.530369167654214,bart_PC2_econ
2024,51.51920551164142,bart_PC2_econ
2024,51.516421355488276,bart_PC2_econ
2024,51.53218518941145,bart_PC2_econ
2024,51.53855525254799,bart_PC2_econ
2024,51.52355196563071,bart_PC2_econ
2024,51.51083555068271,bart_PC2_econ
2024,51.48503434057421,bart_PC2_econ
2024,51.473602766950386,bart_PC2_econ
2024,51.45142438094418,bart_PC2_econ
2024,51.45312260605719,bart_PC2_econ
2024,51.46214736582223,bart_PC2_econ
2024,51.47099198799734,bart_PC2_econ
2024,51.469256156597694,bart_PC2_econ
2024,51.47355417069127,bart_PC2_econ
2024,51.49543439832965,bart_PC2_econ
2024,51.50656887553299,bart_PC2_econ
2024,51.5096567977446,bart_PC2_econ
2024,51.49596670922625,bart_PC2_econ
2024,51.47551849204793,bart_PC2_econ
2024,51.496085048997585,bart_PC2_econ
2024,51.503838935279404,bart_PC2_econ
2024,51.51144500340088,bart_PC2_econ
2024,51.51196600205095,bart_PC2_econ
2024,51.51983701378167,bart_PC2_econ
2024,51.530059223014426,bart_PC2_econ
2024,51.523184166396476,bart_PC2_econ
2024,51.508147193902786,bart_PC2_econ
2024,51.4753759865269,bart_PC2_econ
2024,51.494529919240975,bart_PC2_econ
2024,51.50207696561994,bart_PC2_econ
2024,51.50681853492806,bart_PC2_econ
2024,51.533709333944884,bart_PC2_econ
2024,51.5273299521132,bart_PC2_econ
2024,51.53988673834507,bart_PC2_econ
2024,51.55119044851483,bart_PC2_econ
2024,51.5559286916551,bart_PC2_econ
2024,51.55239814899189,bart_PC2_econ
2024,51.54424510014465,bart_PC2_econ
2024,51.541832546667806,bart_PC2_econ
2024,51.52630585375238,bart_PC2_econ
2024,51.508277678534775,bart_PC2_econ
2024,51.5157938271535,bart_PC2_econ
2024,51.50401870275726,bart_PC2_econ
2024,51.49972779522324,bart_PC2_econ
2024,51.51079248864157,bart_PC2_econ
2024,51.52092711413353,bart_PC2_econ
2024,51.50117741356544,bart_PC2_econ
2024,51.49195222434534,bart_PC2_econ
2024,51.49315635105287,bart_PC2_econ
2024,51.500983945617676,bart_PC2_econ
2024,51.499653979363174,bart_PC2_econ
2024,51.49254626904147,bart_PC2_econ
2024,51.49327207769287,bart_PC2_econ
2024,51.491582584714365,bart_PC2_econ
2024,51.48616391449121,bart_PC2_econ
2024,51.486274729540746,bart_PC2_econ
2024,51.480437385073955,bart_PC2_econ
2024,51.4845988782739,bart_PC2_econ
2024,51.500968812635094,bart_PC2_econ
2024,51.492982383415466,bart_PC2_econ
2024,51.492751267257134,bart_PC2_econ
2024,51.48682484098952,bart_PC2_econ
2024,51.496866740408294,bart_PC2_econ
2024,51.48753727752148,bart_PC2_econ
2024,51.49334401692486,bart_PC2_econ
2024,51.48933372701629,bart_PC2_econ
2024,51.484551124435015,bart_PC2_econ
2024,51.493893216843624,bart_PC2_econ
2024,51.491323886385146,bart_PC2_econ
2024,51.49191921231,bart_PC2_econ
2024,51.50005564962925,bart_PC2_econ
2024,51.49878892968775,bart_PC2_econ
2024,51.49759206319653,bart_PC2_econ
2024,51.518637085363075,bart_PC2_econ
2024,51.50752248708727,bart_PC2_econ
2024,51.51389844894078,bart_PC2_econ
2024,51.51475364396133,bart_PC2_econ
2024,51.52097590932432,bart_PC2_econ
2024,51.52177028821227,bart_PC2_econ
2024,51.52128548465062,bart_PC2_econ
2024,51.52279134247537,bart_PC2_econ
2024,51.532227509715675,bart_PC2_econ
2024,51.52509701064356,bart_PC2_econ
2024,51.52655438644822,bart_PC2_econ
2024,51.522628228098164,bart_PC2_econ
2024,51.5421315527632,bart_PC2_econ
2024,51.54062398238328,bart_PC2_econ
2024,51.52341820692611,bart_PC2_econ
2024,51.52009695932712,bart_PC2_econ
2024,51.52759043703847,bart_PC2_econ
2024,51.538273412317324,bart_PC2_econ
2024,51.537158737171886,bart_PC2_econ
2024,51.544903000280804,bart_PC2_econ
2024,51.55596575737596,bart_PC2_econ
2024,51.557679758234,bart_PC2_econ
2024,51.552611040598336,bart_PC2_econ
2024,51.54700821029158,bart_PC2_econ
2024,51.5452204243662,bart_PC2_econ
2024,51.53959212658111,bart_PC2_econ
2024,51.54663310727245,bart_PC2_econ
2024,51.55153091013104,bart_PC2_econ
2024,51.547752848361895,bart_PC2_econ
2024,51.55104185399409,bart_PC2_econ
2024,51.544293133600185,bart_PC2_econ
2024,51.54900564349364,bart_PC2_econ
2024,51.55076854567223,bart_PC2_econ
2024,51.54758947838861,bart_PC2_econ
2024,51.552178022911534,bart_PC2_econ
2024,51.553322997764475,bart_PC2_econ
2024,51.56409433881369,bart_PC2_econ
2024,51.56432838701256,bart_PC2_econ
2024,51.54548773185459,bart_PC2_econ
2024,51.54108242058227,bart_PC2_econ
2024,51.54862564397676,bart_PC2_econ
2024,51.55359921409933,bart_PC2_econ
2024,51.557714559541374,bart_PC2_econ
2024,51.56120479893437,bart_PC2_econ
2024,51.54696557546672,bart_PC2_econ
2024,51.55401206015989,bart_PC2_econ
2024,51.548741608969124,bart_PC2_econ
2024,51.55111899634763,bart_PC2_econ
2024,51.54261939082343,bart_PC2_econ
2024,51.53956832852839,bart_PC2_econ
2024,51.54895650410399,bart_PC2_econ
2024,51.55166567606157,bart_PC2_econ
2024,51.56083493679806,bart_PC2_econ
2024,51.565473268156566,bart_PC2_econ
2024,51.555979414249464,bart_PC2_econ
2024,51.55742888664342,bart_PC2_econ
2024,51.54640067756943,bart_PC2_econ
2024,51.54360270549576,bart_PC2_econ
2024,51.54676969831201,bart_PC2_econ
2024,51.549964429632,bart_PC2_econ
2024,51.54664599087829,bart_PC2_econ
2024,51.54268151344969,bart_PC2_econ
2024,51.55908721416328,bart_PC2_econ
2024,51.55837479721936,bart_PC2_econ
2024,51.5667147517495,bart_PC2_econ
2024,51.549270743126804,bart_PC2_econ
2024,51.5436746063429,bart_PC2_econ
2024,51.55555061345034,bart_PC2_econ
2024,51.5552717942594,bart_PC2_econ
2024,51.54768584972514,bart_PC2_econ
2024,51.53320202774732,bart_PC2_econ
2024,51.519140316509535,bart_PC2_econ
2024,51.51382413977506,bart_PC2_econ
2024,51.52555467274307,bart_PC2_econ
2024,51.53994967112234,bart_PC2_econ
2024,51.52977218248979,bart_PC2_econ
2024,51.53239463339887,bart_PC2_econ
2024,51.54106910188935,bart_PC2_econ
2024,51.531959832091005,bart_PC2_econ
2024,51.543952082871705,bart_PC2_econ
2024,51.54923669830191,bart_PC2_econ
2024,51.53757038485833,bart_PC2_econ
2024,51.54361475139227,bart_PC2_econ
2024,51.546079178811155,bart_PC2_econ
2024,51.538619574484954,bart_PC2_econ
2024,51.54083786284614,bart_PC2_econ
2024,51.55282282714634,bart_PC2_econ
2024,51.552375559542334,bart_PC2_econ
2024,51.541639027718766,bart_PC2_econ
2024,51.54648894079912,bart_PC2_econ
2024,51.54953348751886,bart_PC2_econ
2024,51.558377225348266,bart_PC2_econ
2024,51.55767210026598,bart_PC2_econ
2024,51.551659718822506,bart_PC2_econ
2024,51.55912612513842,bart_PC2_econ
2024,51.559690325965924,bart_PC2_econ
2024,51.56507225334158,bart_PC2_econ
2024,51.55842078897016,bart_PC2_econ
2024,51.551112840880755,bart_PC2_econ
2024,51.54865945712174,bart_PC2_econ
2024,51.547597433970445,bart_PC2_econ
2024,51.5417147259913,bart_PC2_econ
2024,51.52965356528967,bart_PC2_econ
2024,51.51941113730756,bart_PC2_econ
2024,51.50844271731077,bart_PC2_econ
2024,51.508211277074075,bart_PC2_econ
2024,51.50872956993126,bart_PC2_econ
2024,51.52381621697676,bart_PC2_econ
2024,51.516976178043244,bart_PC2_econ
2024,51.5088455251191,bart_PC2_econ
2024,51.509094977024034,bart_PC2_econ
2024,51.53189561504125,bart_PC2_econ
2024,51.54597565249069,bart_PC2_econ
2024,51.55119080759855,bart_PC2_econ
2024,51.55107420929713,bart_PC2_econ
2024,51.542728551915815,bart_PC2_econ
2024,51.53602333464768,bart_PC2_econ
2024,51.54020452022989,bart_PC2_econ
2024,51.535127618175906,bart_PC2_econ
2024,51.549344118870124,bart_PC2_econ
2024,51.552969264639444,bart_PC2_econ
2024,51.55372404996028,bart_PC2_econ
2024,51.55233810796526,bart_PC2_econ
2024,51.55647179236604,bart_PC2_econ
2024,51.56095688343589,bart_PC2_econ
2024,51.57940383943783,bart_PC2_econ
2024,51.58787004785195,bart_PC2_econ
2024,51.57993343025132,bart_PC2_econ
2024,51.57787680781905,bart_PC2_econ
2024,51.5726380454641,bart_PC2_econ
2024,51.56449884844537,bart_PC2_econ
2024,51.569456998313896,bart_PC2_econ
2024,51.577833049319146,bart_PC2_econ
2024,51.57591414937278,bart_PC2_econ
2024,51.58369954420486,bart_PC2_econ
2024,51.581761027049325,bart_PC2_econ
2024,51.59192831220282,bart_PC2_econ
2024,51.59977062651194,bart_PC2_econ
2024,51.59178678741417,bart_PC2_econ
2024,51.594537235425705,bart_PC2_econ
2024,51.59675458140145,bart_PC2_econ
2024,51.59226530505232,bart_PC2_econ
2024,51.59504003261942,bart_PC2_econ
2024,51.603202542798684,bart_PC2_econ
2024,51.60374132207534,bart_PC2_econ
2024,51.60891426622353,bart_PC2_econ
2024,51.61103895205868,bart_PC2_econ
2024,51.61119398173081,bart_PC2_econ
2024,51.6129305419555,bart_PC2_econ
2024,51.60785756913644,bart_PC2_econ
2024,51.598656068368946,bart_PC2_econ
2024,51.59018373756567,bart_PC2_econ
2024,51.58610624971551,bart_PC2_econ
2024,51.593798006375366,bart_PC2_econ
2024,51.58890551012621,bart_PC2_econ
2024,51.6007979938141,bart_PC2_econ
2024,51.60618832032367,bart_PC2_econ
2024,51.60582748160019,bart_PC2_econ
2024,51.60907690691677,bart_PC2_econ
2024,51.59971203188567,bart_PC2_econ
2024,51.59973778862117,bart_PC2_econ
2024,51.59506586844604,bart_PC2_econ
2024,51.59921382403306,bart_PC2_econ
2024,51.59550703053317,bart_PC2_econ
2024,51.60431802239483,bart_PC2_econ
2024,51.60683956878404,bart_PC2_econ
2024,51.59935338982315,bart_PC2_econ
2024,51.597061621659456,bart_PC2_econ
2024,51.59509254606238,bart_PC2_econ
2024,51.59854860848175,bart_PC2_econ
2024,51.60332896860476,bart_PC2_econ
2024,51.607455185231366,bart_PC2_econ
2024,51.603106383198536,bart_PC2_econ
2024,51.589272035194526,bart_PC2_econ
2024,51.58686299219771,bart_PC2_econ
2024,51.5847126337278,bart_PC2_econ
2024,51.58264154423797,bart_PC2_econ
2024,51.58180165325107,bart_PC2_econ
2024,51.580522260396314,bart_PC2_econ
2024,51.571929446496185,bart_PC2_econ
2024,51.57098719105091,bart_PC2_econ
2024,51.57935281671652,bart_PC2_econ
2024,51.57761218075875,bart_PC2_econ
2024,51.57416785956758,bart_PC2_econ
2024,51.57392396058877,bart_PC2_econ
2024,51.57402277150757,bart_PC2_econ
2024,51.58225820693752,bart_PC2_econ
2024,51.58010857978822,bart_PC2_econ
2024,51.58695343479664,bart_PC2_econ
2024,51.59528226394114,bart_PC2_econ
2024,51.59955655253442,bart_PC2_econ
2024,51.59769563002717,bart_PC2_econ
2024,51.59102885868789,bart_PC2_econ
2024,51.59779643351703,bart_PC2_econ
2024,51.59871779500316,bart_PC2_econ
2024,51.59792046945972,bart_PC2_econ
2024,51.60265701815417,bart_PC2_econ
2024,51.59371219507085,bart_PC2_econ
2024,51.60377882611721,bart_PC2_econ
2024,51.604086805893054,bart_PC2_econ
2024,51.608836399479266,bart_PC2_econ
2024,51.61015113430432,bart_PC2_econ
2024,51.62064106826983,bart_PC2_econ
2024,51.62623861395083,bart_PC2_econ
2024,51.62340802212173,bart_PC2_econ
2024,51.62308560843554,bart_PC2_econ
2024,51.63048503197957,bart_PC2_econ
2024,51.62364308628147,bart_PC2_econ
2024,51.62116657915169,bart_PC2_econ
2024,51.612938715653506,bart_PC2_econ
2024,51.61899851497804,bart_PC2_econ
2024,51.61352777077748,bart_PC2_econ
2024,51.611033979512364,bart_PC2_econ
2024,51.61751703463557,bart_PC2_econ
2024,51.61690018196598,bart_PC2_econ
2024,51.615309304181146,bart_PC2_econ
2024,51.61856263441064,bart_PC2_econ
2024,51.62262064977277,bart_PC2_econ
2024,51.623188989413975,bart_PC2_econ
2024,51.619849979223815,bart_PC2_econ
2024,51.63534991228128,bart_PC2_econ
2024,51.63502631533283,bart_PC2_econ
2024,51.63909020037733,bart_PC2_econ
2024,51.64792299699754,bart_PC2_econ
2024,51.63576402989552,bart_PC2_econ
2024,51.63026892926085,bart_PC2_econ
2024,51.63300552120742,bart_PC2_econ
2024,51.632949862895394,bart_PC2_econ
2024,51.63350868640174,bart_PC2_econ
2024,51.62054225833712,bart_PC2_econ
2024,51.62617658267484,bart_PC2_econ
2024,51.633127240741096,bart_PC2_econ
2024,51.635880666172824,bart_PC2_econ
2024,51.63335479613949,bart_PC2_econ
2024,51.62150381578652,bart_PC2_econ
2024,51.623487667905465,bart_PC2_econ
2024,51.62508108187237,bart_PC2_econ
2024,51.625269646142435,bart_PC2_econ
2024,51.62843284982061,bart_PC2_econ
2024,51.622182526968665,bart_PC2_econ
2024,51.62568078814326,bart_PC2_econ
2024,51.63106158354914,bart_PC2_econ
2024,51.62921545190031,bart_PC2_econ
2024,51.63019127959808,bart_PC2_econ
2024,51.638141186492575,bart_PC2_econ
2024,51.6362973325855,bart_PC2_econ
2024,51.63534001248074,bart_PC2_econ
2024,51.639199326525684,bart_PC2_econ
2024,51.640991127715964,bart_PC2_econ
2024,51.63908200917159,bart_PC2_econ
2024,51.63378904160877,bart_PC2_econ
2024,51.63926497291857,bart_PC2_econ
2024,51.63578587692435,bart_PC2_econ
2024,51.634734903153856,bart_PC2_econ
2024,51.62890037399026,bart_PC2_econ
2024,51.616904054192986,bart_PC2_econ
2024,51.61483650363437,bart_PC2_econ
2024,51.618637656842026,bart_PC2_econ
2024,51.62085231465186,bart_PC2_econ
2024,51.61977941439206,bart_PC2_econ
2024,51.62542848863414,bart_PC2_econ
2024,51.62916663957455,bart_PC2_econ
2024,51.623761302971694,bart_PC2_econ
2024,51.621978317115975,bart_PC2_econ
2024,51.6097612624321,bart_PC2_econ
2024,51.6060711706345,bart_PC2_econ
2024,51.60477275621534,bart_PC2_econ
2024,51.60472423059256,bart_PC2_econ
2024,51.59751302104261,bart_PC2_econ
2024,51.59139891655912,bart_PC2_econ
2024,51.588508053957696,bart_PC2_econ
2024,51.58708338104559,bart_PC2_econ
2024,51.59442228042555,bart_PC2_econ
2024,51.59281556685758,bart_PC2_econ
2024,51.594024507446676,bart_PC2_econ
2024,51.59703406792296,bart_PC2_econ
2024,51.60031551670683,bart_PC2_econ
2024,51.60707900475003,bart_PC2_econ
2024,51.60999056345227,bart_PC2_econ
2024,51.60934506555668,bart_PC2_econ
2024,51.61679723662084,bart_PC2_econ
2024,51.62475937895121,bart_PC2_econ
2024,51.627265411109256,bart_PC2_econ
2024,51.62381664314557,bart_PC2_econ
2024,51.623965320677335,bart_PC2_econ
2024,51.62918567384066,bart_PC2_econ
2024,51.63149219129036,bart_PC2_econ
2024,51.637726568523426,bart_PC2_econ
2024,51.64119042592731,bart_PC2_econ
2024,51.645262272899885,bart_PC2_econ
2024,51.643543241057145,bart_PC2_econ
2024,51.64109999854834,bart_PC2_econ
2024,51.64014556485827,bart_PC2_econ
2024,51.63916465437185,bart_PC2_econ
2024,51.63711172376861,bart_PC2_econ
2024,51.63139125021748,bart_PC2_econ
2024,51.63402846342748,bart_PC2_econ
2024,51.63039362743264,bart_PC2_econ
2024,51.625662630500194,bart_PC2_econ
2024,51.62903153360693,bart_PC2_econ
2024,51.62668226263711,bart_PC2_econ
2024,51.62144989646471,bart_PC2_econ
2024,51.61884302919248,bart_PC2_econ
2024,51.616420683833795,bart_PC2_econ
2024,51.615020928679435,bart_PC2_econ
2024,51.61758725814385,bart_PC2_econ
2024,51.612576965687154,bart_PC2_econ
2024,51.59984866411899,bart_PC2_econ
2024,51.60264020699196,bart_PC2_econ
2024,51.601096491680735,bart_PC2_econ
2024,51.59936023541799,bart_PC2_econ
2024,51.60411747812008,bart_PC2_econ
2024,51.60656082711527,bart_PC2_econ
2024,51.60108571650058,bart_PC2_econ
2024,51.60706242367405,bart_PC2_econ
2024,51.6048644220871,bart_PC2_econ
2024,51.60513820722402,bart_PC2_econ
2024,51.60729154776146,bart_PC2_econ
2024,51.61254741556564,bart_PC2_econ
2024,51.613093588775556,bart_PC2_econ
2024,51.60954201714002,bart_PC2_econ
2024,51.612343913194366,bart_PC2_econ
2024,51.612211331509755,bart_PC2_econ
2024,51.62101016663257,bart_PC2_econ
2024,51.626140852240916,bart_PC2_econ
2024,51.6146999909336,bart_PC2_econ
2024,51.618862799273536,bart_PC2_econ
2024,51.618863888465356,bart_PC2_econ
2024,51.617933395567654,bart_PC2_econ
2024,51.61432389528448,bart_PC2_econ
2024,51.62095845543824,bart_PC2_econ
2024,51.62784480485914,bart_PC2_econ
2024,51.63411832193819,bart_PC2_econ
2024,51.63059093044755,bart_PC2_econ
2024,51.62562183743946,bart_PC2_econ
2024,51.62448920646162,bart_PC2_econ
2024,51.61804770203236,bart_PC2_econ
2024,51.60966238087789,bart_PC2_econ
2024,51.60765045285288,bart_PC2_econ
2024,51.611749963304916,bart_PC2_econ
2024,51.6016591772737,bart_PC2_econ
2024,51.60834325707137,bart_PC2_econ
2024,51.60638337306093,bart_PC2_econ
2024,51.611003762769954,bart_PC2_econ
2024,51.6134546689256,bart_PC2_econ
2024,51.61765226922074,bart_PC2_econ
2024,51.62225522249976,bart_PC2_econ
2024,51.62063322704644,bart_PC2_econ
2024,51.618640916668994,bart_PC2_econ
2024,51.616771174931955,bart_PC2_econ
2024,51.614276017777186,bart_PC2_econ
2024,51.61336665833445,bart_PC2_econ
2024,51.61089214193464,bart_PC2_econ
2024,51.60764725600986,bart_PC2_econ
2024,51.60435919364837,bart_PC2_econ
2024,51.599852834478696,bart_PC2_econ
2024,51.59939338480039,bart_PC2_econ
2024,51.60403598300798,bart_PC2_econ
2024,51.60663246783196,bart_PC2_econ
2024,51.60731754495497,bart_PC2_econ
2024,51.614405703625806,bart_PC2_econ
2024,51.609857601146864,bart_PC2_econ
2024,51.61151633722757,bart_PC2_econ
2024,51.6158419673281,bart_PC2_econ
2024,51.614939896394645,bart_PC2_econ
2024,51.616969828302054,bart_PC2_econ
2024,51.61527617628453,bart_PC2_econ
2024,51.61335214915985,bart_PC2_econ
2024,51.61691682612957,bart_PC2_econ
2024,51.61298929504397,bart_PC2_econ
2024,51.60745542749917,bart_PC2_econ
2024,51.60941945759896,bart_PC2_econ
2024,51.6147289668201,bart_PC2_econ
2024,51.61685308169903,bart_PC2_econ
2024,51.61964837558702,bart_PC2_econ
2024,51.61881414308228,bart_PC2_econ
2024,51.61622146693455,bart_PC2_econ
2024,51.61041153680078,bart_PC2_econ
2024,51.60848734872555,bart_PC2_econ
2024,51.61545209384232,bart_PC2_econ
2024,51.61724821932997,bart_PC2_econ
2024,51.61992309524049,bart_PC2_econ
2024,51.623096799659834,bart_PC2_econ
2024,51.61884052446552,bart_PC2_econ
2024,51.61229190111877,bart_PC2_econ
2024,51.60566460023136,bart_PC2_econ
2024,51.600992446457184,bart_PC2_econ
2024,51.610372222889396,bart_PC2_econ
2024,51.616897671318526,bart_PC2_econ
2024,51.62230088462783,bart_PC2_econ
2024,51.62252385007883,bart_PC2_econ
2024,51.61879258853702,bart_PC2_econ
2024,51.61190171611553,bart_PC2_econ
2024,51.61181435620271,bart_PC2_econ
2024,51.612494244393744,bart_PC2_econ
2024,51.615506158085445,bart_PC2_econ
2024,51.62072740472856,bart_PC2_econ
2024,51.63030381329299,bart_PC2_econ
2024,51.63171893880308,bart_PC2_econ
2024,51.6326040814057,bart_PC2_econ
2024,51.630912305340566,bart_PC2_econ
2024,51.62375558957406,bart_PC2_econ
2024,51.62718741452909,bart_PC2_econ
2024,51.61940690187039,bart_PC2_econ
2024,51.61173522355938,bart_PC2_econ
2024,51.61616814599114,bart_PC2_econ
2024,51.618994918101436,bart_PC2_econ
2024,51.615564450377,bart_PC2_econ
2024,51.61222428329134,bart_PC2_econ
2024,51.61958811185301,bart_PC2_econ
2024,51.61907439052052,bart_PC2_econ
2024,51.617311581398944,bart_PC2_econ
2024,51.62324391111328,bart_PC2_econ
2024,51.615613621291786,bart_PC2_econ
2024,51.60670725845697,bart_PC2_econ
2024,51.60612165137837,bart_PC2_econ
2024,51.61010996572478,bart_PC2_econ
2024,51.611584719842035,bart_PC2_econ
2024,51.60998689547143,bart_PC2_econ
2024,51.600791304200314,bart_PC2_econ
2024,51.59737969769948,bart_PC2_econ
2024,51.597793030195604,bart_PC2_econ
2024,51.596662973787396,bart_PC2_econ
2024,51.59564887763886,bart_PC2_econ
2024,51.60176765788788,bart_PC2_econ
2024,51.60528520943751,bart_PC2_econ
2024,51.6086208843341,bart_PC2_econ
2024,51.60864031127545,bart_PC2_econ
2024,51.61053809229338,bart_PC2_econ
2024,51.61374826181685,bart_PC2_econ
2024,51.61731094219741,bart_PC2_econ
2024,51.61677699914972,bart_PC2_econ
2024,51.61415694710227,bart_PC2_econ
2024,51.60593277448109,bart_PC2_econ
2024,51.60158282666948,bart_PC2_econ
2024,51.59627290870738,bart_PC2_econ
2024,51.59470384985593,bart_PC2_econ
2024,51.59802913073783,bart_PC2_econ
2024,51.59817157443469,bart_PC2_econ
2024,51.59062983033479,bart_PC2_econ
2024,51.58909709315109,bart_PC2_econ
2024,51.59453282000076,bart_PC2_econ
2024,51.595296941900266,bart_PC2_econ
2024,51.60314841199072,bart_PC2_econ
2024,51.6007547339703,bart_PC2_econ
2024,51.59959033106231,bart_PC2_econ
2024,51.59742073454046,bart_PC2_econ
2024,51.60109825226459,bart_PC2_econ
2024,51.59798771803504,bart_PC2_econ
2024,51.60078090497865,bart_PC2_econ
2024,51.60069668770903,bart_PC2_econ
2024,51.598450563630436,bart_PC2_econ
2024,51.593474797819965,bart_PC2_econ
2024,51.593357005930145,bart_PC2_econ
2024,51.58802749455549,bart_PC2_econ
2024,51.593831054535585,bart_PC2_econ
2024,51.58954802598304,bart_PC2_econ
2024,51.59233896324866,bart_PC2_econ
2024,51.59132571005147,bart_PC2_econ
2024,51.58812439817809,bart_PC2_econ
2024,51.58705312864284,bart_PC2_econ
2024,51.591898692668885,bart_PC2_econ
2024,51.596497009018414,bart_PC2_econ
2024,51.60243305266997,bart_PC2_econ
2024,51.60112754990587,bart_PC2_econ
2024,51.604175527373854,bart_PC2_econ
2024,51.60425627227459,bart_PC2_econ
2024,51.601395751613694,bart_PC2_econ
2024,51.6027088562903,bart_PC2_econ
2024,51.603775153129845,bart_PC2_econ
2024,51.60457473531601,bart_PC2_econ
2024,51.604710699882006,bart_PC2_econ
2024,51.597527475360344,bart_PC2_econ
2024,51.592048593353304,bart_PC2_econ
2024,51.596108254337494,bart_PC2_econ
2024,51.59423056271037,bart_PC2_econ
2024,51.59924685591084,bart_PC2_econ
2024,51.608035777794086,bart_PC2_econ
2024,51.60608995690372,bart_PC2_econ
2024,51.60278122354407,bart_PC2_econ
2024,51.60230331069263,bart_PC2_econ
2024,51.61012225395569,bart_PC2_econ
2024,51.60807920456473,bart_PC2_econ
2024,51.605661733998076,bart_PC2_econ
2024,51.60523731502762,bart_PC2_econ
2024,51.612818244855255,bart_PC2_econ
2024,51.609243364916445,bart_PC2_econ
2024,51.604474364686226,bart_PC2_econ
2024,51.598324894058514,bart_PC2_econ
2024,51.59708245235384,bart_PC2_econ
2024,51.5952250621684,bart_PC2_econ
2024,51.59846360180038,bart_PC2_econ
2024,51.59457937653701,bart_PC2_econ
2024,51.59839252707998,bart_PC2_econ
2024,51.5979481056222,bart_PC2_econ
2024,51.59977531461217,bart_PC2_econ
2024,51.59658307931523,bart_PC2_econ
2024,51.59672490152214,bart_PC2_econ
2024,51.597515493477054,bart_PC2_econ
2024,51.60354256646968,bart_PC2_econ
2024,51.60323252285337,bart_PC2_econ
2024,51.59836889348145,bart_PC2_econ
2024,51.59921655880393,bart_PC2_econ
2024,51.59914769109977,bart_PC2_econ
2024,51.593842318597254,bart_PC2_econ
2024,51.59241740358318,bart_PC2_econ
2024,51.59401835827536,bart_PC2_econ
2024,51.60320252871871,bart_PC2_econ
2024,51.60582722108563,bart_PC2_econ
2024,51.606004122272765,bart_PC2_econ
2024,51.606135149888686,bart_PC2_econ
2024,51.59971601755323,bart_PC2_econ
2024,51.60206676647436,bart_PC2_econ
2024,51.60519109919058,bart_PC2_econ
2024,51.60052925952719,bart_PC2_econ
2024,51.60272053827866,bart_PC2_econ
2024,51.606861781281474,bart_PC2_econ
2024,51.60789097743195,bart_PC2_econ
2024,51.61096362546857,bart_PC2_econ
2024,51.61600124030633,bart_PC2_econ
2024,51.619202902834125,bart_PC2_econ
2024,51.61407328443197,bart_PC2_econ
2024,51.61005521054334,bart_PC2_econ
2024,51.6044360895016,bart_PC2_econ
2024,51.61227554095114,bart_PC2_econ
2024,51.61631533225347,bart_PC2_econ
2024,51.61216698704227,bart_PC2_econ
2024,51.6087866877527,bart_PC2_econ
2024,51.612483400774444,bart_PC2_econ
2024,51.60657145105569,bart_PC2_econ
2024,51.60567784948449,bart_PC2_econ
2024,51.608486734995694,bart_PC2_econ
2024,51.60648196920147,bart_PC2_econ
2024,51.611030894877736,bart_PC2_econ
2024,51.61189869641194,bart_PC2_econ
2024,51.61478221049742,bart_PC2_econ
2024,51.61203804204938,bart_PC2_econ
2024,51.61354345788709,bart_PC2_econ
2024,51.60964786281021,bart_PC2_econ
2024,51.60836318621936,bart_PC2_econ
2024,51.60624210900749,bart_PC2_econ
2024,51.60633236691414,bart_PC2_econ
2024,51.60046585618967,bart_PC2_econ
2024,51.60269985480289,bart_PC2_econ
2024,51.59846177311899,bart_PC2_econ
2024,51.596191881860314,bart_PC2_econ
2024,51.59547016727235,bart_PC2_econ
2024,51.596538158417005,bart_PC2_econ
2024,51.598686540395775,bart_PC2_econ
2024,51.59432398445143,bart_PC2_econ
2024,51.590097567967454,bart_PC2_econ
2024,51.588821241700956,bart_PC2_econ
2024,51.58650824948553,bart_PC2_econ
2024,51.590154191788365,bart_PC2_econ
2024,51.59239460721454,bart_PC2_econ
2024,51.590105919059084,bart_PC2_econ
2024,51.59435242036419,bart_PC2_econ
2024,51.59270803727771,bart_PC2_econ
2024,51.59132980334586,bart_PC2_econ
2024,51.590449772739234,bart_PC2_econ
2024,51.595410445034815,bart_PC2_econ
2024,51.607377388840334,bart_PC2_econ
2024,51.612837441995296,bart_PC2_econ
2024,51.61007355059836,bart_PC2_econ
2024,51.60441878025329,bart_PC2_econ
2024,51.596224881446815,bart_PC2_econ
2024,51.59026031508377,bart_PC2_econ
2024,51.587275371532414,bart_PC2_econ
2024,51.5859513692583,bart_PC2_econ
2024,51.58763161731608,bart_PC2_econ
2024,51.58982257381873,bart_PC2_econ
2024,51.58766285618365,bart_PC2_econ
2024,51.58369196936761,bart_PC2_econ
2024,51.5821387827925,bart_PC2_econ
2024,51.5851037862977,bart_PC2_econ
2024,51.593503781786595,bart_PC2_econ
2024,51.588691755618896,bart_PC2_econ
2024,51.58362988027699,bart_PC2_econ
2024,51.58467211848058,bart_PC2_econ
2024,51.58966987325077,bart_PC2_econ
2024,51.59024462564239,bart_PC2_econ
2024,51.59353067893785,bart_PC2_econ
2024,51.59659557926669,bart_PC2_econ
2024,51.601962204153764,bart_PC2_econ
2024,51.60167479671825,bart_PC2_econ
2024,51.59985339058326,bart_PC2_econ
2024,51.60059475084206,bart_PC2_econ
2024,51.60774300090295,bart_PC2_econ
2024,51.61411722182059,bart_PC2_econ
2024,51.609862875536926,bart_PC2_econ
2024,51.607445620197005,bart_PC2_econ
2024,51.61119070980472,bart_PC2_econ
2024,51.610640747169036,bart_PC2_econ
2024,51.611999615168486,bart_PC2_econ
2024,51.61420256456571,bart_PC2_econ
2024,51.61406936971711,bart_PC2_econ
2024,51.61255868656109,bart_PC2_econ
2024,51.61078764949897,bart_PC2_econ
2024,51.609994573451466,bart_PC2_econ
2024,51.61227109736549,bart_PC2_econ
2024,51.61079432182017,bart_PC2_econ
2024,51.611036923963276,bart_PC2_econ
2024,51.609797651635674,bart_PC2_econ
2024,51.61573378802795,bart_PC2_econ
2024,51.6183675410397,bart_PC2_econ
2024,51.62045027842976,bart_PC2_econ
2024,51.621658005938144,bart_PC2_econ
2024,51.61977362575086,bart_PC2_econ
2024,51.617509307066335,bart_PC2_econ
2024,51.609981690889285,bart_PC2_econ
2024,51.60585496122892,bart_PC2_econ
2016,54.65464450722021,bart_PC3_econ
2016,52.326605385724264,bart_PC3_econ
2016,49.83215873604257,bart_PC3_econ
2016,48.69944466112144,bart_PC3_econ
2016,48.34481782309426,bart_PC3_econ
2016,48.081260795588065,bart_PC3_econ
2016,48.9093796558655,bart_PC3_econ
2016,49.46765606441981,bart_PC3_econ
2016,49.66684520759228,bart_PC3_econ
2016,50.11450027719902,bart_PC3_econ
2016,50.03370402603087,bart_PC3_econ
2016,49.883953218066964,bart_PC3_econ
2016,49.91649216523627,bart_PC3_econ
2016,49.67200740626531,bart_PC3_econ
2016,49.616261175486756,bart_PC3_econ
2016,49.468197995649064,bart_PC3_econ
2016,49.319693924583206,bart_PC3_econ
2016,49.378746209433515,bart_PC3_econ
2016,49.393587294609716,bart_PC3_econ
2016,49.50293246623038,bart_PC3_econ
2016,49.75530126047617,bart_PC3_econ
2016,49.79901259052255,bart_PC3_econ
2016,49.486090259431734,bart_PC3_econ
2016,49.458299525639156,bart_PC3_econ
2016,49.34714524852774,bart_PC3_econ
2016,49.350700561112134,bart_PC3_econ
2016,49.24234232374971,bart_PC3_econ
2016,49.3055026698181,bart_PC3_econ
2016,49.3194301477685,bart_PC3_econ
2016,49.495027376650526,bart_PC3_econ
2016,49.499971608707185,bart_PC3_econ
2016,49.51037296925699,bart_PC3_econ
2016,49.59593402553057,bart_PC3_econ
2016,49.56977224904399,bart_PC3_econ
2016,49.613340502675776,bart_PC3_econ
2016,49.72576711105522,bart_PC3_econ
2016,49.650391601045825,bart_PC3_econ
2016,49.76400495688404,bart_PC3_econ
2016,49.77997992417171,bart_PC3_econ
2016,49.79861836578853,bart_PC3_econ
2016,49.82527621038652,bart_PC3_econ
2016,49.72980088953653,bart_PC3_econ
2016,49.81567301800182,bart_PC3_econ
2016,49.85166237090669,bart_PC3_econ
2016,49.80366309137235,bart_PC3_econ
2016,49.77394221175954,bart_PC3_econ
2016,49.94159985111433,bart_PC3_econ
2016,49.963203672506374,bart_PC3_econ
2016,49.983600530753556,bart_PC3_econ
2016,49.91078433427467,bart_PC3_econ
2016,49.94073627633634,bart_PC3_econ
2016,50.07690812927275,bart_PC3_econ
2016,49.99794228496877,bart_PC3_econ
2016,50.01504738275743,bart_PC3_econ
2016,50.081165240972354,bart_PC3_econ
2016,50.05124437862666,bart_PC3_econ
2016,50.06952536385132,bart_PC3_econ
2016,50.01106986350548,bart_PC3_econ
2016,49.96630203369474,bart_PC3_econ
2016,50.04452919777172,bart_PC3_econ
2016,50.018909456189995,bart_PC3_econ
2016,49.96216459281333,bart_PC3_econ
2016,49.94410849642696,bart_PC3_econ
2016,49.94665314323739,bart_PC3_econ
2016,49.950245622871996,bart_PC3_econ
2016,49.917382713367395,bart_PC3_econ
2016,49.89992136575303,bart_PC3_econ
2016,49.83305767663404,bart_PC3_econ
2016,49.87266840347264,bart_PC3_econ
2016,49.88819710731232,bart_PC3_econ
2016,49.910193054027125,bart_PC3_econ
2016,49.931163021477765,bart_PC3_econ
2016,49.867123097222446,bart_PC3_econ
2016,49.85425525184787,bart_PC3_econ
2016,49.82153307939164,bart_PC3_econ
2016,49.88955485783089,bart_PC3_econ
2016,49.86374699884423,bart_PC3_econ
2016,49.86896349040239,bart_PC3_econ
2016,49.78749256537908,bart_PC3_econ
2016,49.82827787123283,bart_PC3_econ
2016,49.91065109185355,bart_PC3_econ
2016,49.96905946845473,bart_PC3_econ
2016,49.924526529808446,bart_PC3_econ
2016,49.907454832382804,bart_PC3_econ
2016,49.94051740592784,bart_PC3_econ
2016,49.96010263382938,bart_PC3_econ
2016,49.920081053762026,bart_PC3_econ
2016,49.90844936218351,bart_PC3_econ
2016,49.92074727503385,bart_PC3_econ
2016,49.905753813180866,bart_PC3_econ
2016,49.89573910961305,bart_PC3_econ
2016,49.90901638889188,bart_PC3_econ
2016,49.94208741450747,bart_PC3_econ
2016,49.935160513266354,bart_PC3_econ
2016,49.93444947483136,bart_PC3_econ
2016,49.946031125831176,bart_PC3_econ
2016,49.98686973294031,bart_PC3_econ
2016,49.977280188029994,bart_PC3_econ
2016,49.98230211492276,bart_PC3_econ
2016,49.98341415100934,bart_PC3_econ
2016,49.97417159963435,bart_PC3_econ
2016,49.970634798598155,bart_PC3_econ
2016,50.026711430864,bart_PC3_econ
2016,50.02078487876153,bart_PC3_econ
2016,49.99080215890237,bart_PC3_econ
2016,50.002045164153024,bart_PC3_econ
2016,49.98120481732252,bart_PC3_econ
2016,50.01133549077464,bart_PC3_econ
2016,50.03881696058557,bart_PC3_econ
2016,50.01806125497259,bart_PC3_econ
2016,49.99351981761454,bart_PC3_econ
2016,49.96648131609941,bart_PC3_econ
2016,49.988195120433026,bart_PC3_econ
2016,50.02869226171897,bart_PC3_econ
2016,50.019528947468416,bart_PC3_econ
2016,50.026116954411066,bart_PC3_econ
2016,50.03852763658401,bart_PC3_econ
2016,50.01475730738222,bart_PC3_econ
2016,50.006180768805905,bart_PC3_econ
2016,50.015326694714595,bart_PC3_econ
2016,49.99244419905835,bart_PC3_econ
2016,49.98094985824669,bart_PC3_econ
2016,49.992163787720024,bart_PC3_econ
2016,50.02987484447506,bart_PC3_econ
2016,50.04410315400177,bart_PC3_econ
2016,50.031355718485955,bart_PC3_econ
2016,50.01396328825317,bart_PC3_econ
2016,49.97564243937059,bart_PC3_econ
2016,49.95036072906245,bart_PC3_econ
2016,49.96227734367506,bart_PC3_econ
2016,49.96135249504255,bart_PC3_econ
2016,49.970042386185135,bart_PC3_econ
2016,50.00429070385765,bart_PC3_econ
2016,49.992402540294336,bart_PC3_econ
2016,49.97355142305861,bart_PC3_econ
2016,50.006848773776426,bart_PC3_econ
2016,50.051595494890805,bart_PC3_econ
2016,50.048387440975254,bart_PC3_econ
2016,50.043211517336466,bart_PC3_econ
2016,50.07365731619841,bart_PC3_econ
2016,50.059970052099075,bart_PC3_econ
2016,50.036362198565726,bart_PC3_econ
2016,50.03367398242737,bart_PC3_econ
2016,49.97634773403985,bart_PC3_econ
2016,49.97745826512819,bart_PC3_econ
2016,49.948443003463844,bart_PC3_econ
2016,49.942394606837226,bart_PC3_econ
2016,49.91277945523867,bart_PC3_econ
2016,49.88764409545592,bart_PC3_econ
2016,49.89826089165982,bart_PC3_econ
2016,49.886860333834264,bart_PC3_econ
2016,49.88955572704171,bart_PC3_econ
2016,49.887581081257224,bart_PC3_econ
2016,49.86430083906849,bart_PC3_econ
2016,49.84143988898944,bart_PC3_econ
2016,49.79446391312254,bart_PC3_econ
2016,49.7743989339601,bart_PC3_econ
2016,49.78916306844357,bart_PC3_econ
2016,49.7710944572905,bart_PC3_econ
2016,49.748194447501106,bart_PC3_econ
2016,49.74841590720958,bart_PC3_econ
2016,49.72724747895235,bart_PC3_econ
2016,49.7128354462867,bart_PC3_econ
2016,49.730014214447685,bart_PC3_econ
2016,49.755535109580805,bart_PC3_econ
2016,49.81475988487806,bart_PC3_econ
2016,49.822838199185284,bart_PC3_econ
2016,49.80613889764393,bart_PC3_econ
2016,49.843759083784164,bart_PC3_econ
2016,49.81949900770207,bart_PC3_econ
2016,49.80824473054363,bart_PC3_econ
2016,49.83537955664447,bart_PC3_econ
2016,49.84350548709936,bart_PC3_econ
2016,49.81845948167209,bart_PC3_econ
2016,49.825087384845865,bart_PC3_econ
2016,49.84139024373313,bart_PC3_econ
2016,49.813093073081106,bart_PC3_econ
2016,49.802887238462745,bart_PC3_econ
2016,49.82173380341677,bart_PC3_econ
2016,49.83623441012723,bart_PC3_econ
2016,49.82241488082428,bart_PC3_econ
2016,49.83525702482274,bart_PC3_econ
2016,49.84777223286884,bart_PC3_econ
2016,49.8532862742751,bart_PC3_econ
2016,49.8505309913536,bart_PC3_econ
2016,49.8742498441782,bart_PC3_econ
2016,49.862095958316615,bart_PC3_econ
2016,49.85874058932265,bart_PC3_econ
2016,49.871112249582936,bart_PC3_econ
2016,49.86975179255595,bart_PC3_econ
2016,49.85771408158724,bart_PC3_econ
2016,49.848858426863025,bart_PC3_econ
2016,49.86279361260497,bart_PC3_econ
2016,49.86505126075459,bart_PC3_econ
2016,49.86687005903531,bart_PC3_econ
2016,49.91455454981785,bart_PC3_econ
2016,49.90739981213369,bart_PC3_econ
2016,49.89169062855569,bart_PC3_econ
2016,49.88498979028434,bart_PC3_econ
2016,49.89700120480295,bart_PC3_econ
2016,49.906225550776256,bart_PC3_econ
2016,49.89261569639404,bart_PC3_econ
2016,49.8877783238136,bart_PC3_econ
2016,49.89800699449728,bart_PC3_econ
2016,49.87310145025113,bart_PC3_econ
2016,49.85015054207116,bart_PC3_econ
2016,49.85411842620154,bart_PC3_econ
2016,49.84520629636051,bart_PC3_econ
2016,49.88647876954889,bart_PC3_econ
2016,49.87904507883078,bart_PC3_econ
2016,49.858192905753185,bart_PC3_econ
2016,49.845806985862026,bart_PC3_econ
2016,49.8553013887607,bart_PC3_econ
2016,49.886470036026815,bart_PC3_econ
2016,49.889709237351084,bart_PC3_econ
2016,49.88232237902086,bart_PC3_econ
2016,49.86626779856661,bart_PC3_econ
2016,49.86965554456019,bart_PC3_econ
2016,49.84431814215956,bart_PC3_econ
2016,49.84363635301943,bart_PC3_econ
2016,49.86096068678206,bart_PC3_econ
2016,49.85741220544935,bart_PC3_econ
2016,49.83968044370826,bart_PC3_econ
2016,49.853527018418575,bart_PC3_econ
2016,49.827802383228416,bart_PC3_econ
2016,49.83218752853463,bart_PC3_econ
2016,49.84127092830708,bart_PC3_econ
2016,49.82674745087032,bart_PC3_econ
2016,49.82458367272184,bart_PC3_econ
2016,49.821714890461806,bart_PC3_econ
2016,49.837223143880614,bart_PC3_econ
2016,49.84460294299287,bart_PC3_econ
2016,49.81997453946989,bart_PC3_econ
2016,49.80656306383662,bart_PC3_econ
2016,49.787213404919825,bart_PC3_econ
2016,49.786689527831285,bart_PC3_econ
2016,49.76664029483148,bart_PC3_econ
2016,49.76680775179965,bart_PC3_econ
2016,49.75251555213766,bart_PC3_econ
2016,49.7411038524902,bart_PC3_econ
2016,49.700930179427644,bart_PC3_econ
2016,49.68424712347247,bart_PC3_econ
2016,49.688443703040186,bart_PC3_econ
2016,49.692700519381184,bart_PC3_econ
2016,49.68183778298882,bart_PC3_econ
2016,49.692528626075536,bart_PC3_econ
2016,49.69222225333679,bart_PC3_econ
2016,49.684014568444276,bart_PC3_econ
2016,49.67610014988564,bart_PC3_econ
2016,49.65339142620623,bart_PC3_econ
2016,49.64926142617939,bart_PC3_econ
2016,49.64928845211727,bart_PC3_econ
2016,49.64068042004295,bart_PC3_econ
2016,49.64946665154342,bart_PC3_econ
2016,49.628075000902584,bart_PC3_econ
2016,49.61185361093355,bart_PC3_econ
2016,49.609011295314204,bart_PC3_econ
2016,49.614326588085234,bart_PC3_econ
2016,49.61293898828148,bart_PC3_econ
2016,49.61854840753786,bart_PC3_econ
2016,49.618242273012605,bart_PC3_econ
2016,49.619030513521075,bart_PC3_econ
2016,49.60339510795022,bart_PC3_econ
2016,49.60552743158816,bart_PC3_econ
2016,49.59342497288847,bart_PC3_econ
2016,49.60704840607068,bart_PC3_econ
2016,49.628820033115865,bart_PC3_econ
2016,49.651823312629936,bart_PC3_econ
2016,49.662033522177374,bart_PC3_econ
2016,49.66784857996787,bart_PC3_econ
2016,49.64605554549194,bart_PC3_econ
2016,49.64105821539418,bart_PC3_econ
2016,49.623191255748814,bart_PC3_econ
2016,49.59848819937464,bart_PC3_econ
2016,49.600228314284244,bart_PC3_econ
2016,49.61062036973867,bart_PC3_econ
2016,49.59683236117859,bart_PC3_econ
2016,49.600254099566676,bart_PC3_econ
2016,49.60813214692562,bart_PC3_econ
2016,49.597500974426765,bart_PC3_econ
2016,49.59780115325996,bart_PC3_econ
2016,49.59482018741958,bart_PC3_econ
2016,49.59651582526464,bart_PC3_econ
2016,49.60874794389268,bart_PC3_econ
2016,49.6041454906854,bart_PC3_econ
2016,49.61570097094939,bart_PC3_econ
2016,49.64834784494411,bart_PC3_econ
2016,49.65611704430267,bart_PC3_econ
2016,49.655084942606244,bart_PC3_econ
2016,49.66410835375281,bart_PC3_econ
2016,49.667909817918215,bart_PC3_econ
2016,49.666518120217304,bart_PC3_econ
2016,49.66033986899127,bart_PC3_econ
2016,49.65449093793476,bart_PC3_econ
2016,49.64731830098195,bart_PC3_econ
2016,49.64239493056455,bart_PC3_econ
2016,49.638718334727656,bart_PC3_econ
2016,49.63042924534172,bart_PC3_econ
2016,49.64140931750781,bart_PC3_econ
2016,49.6404509768538,bart_PC3_econ
2016,49.639190408239955,bart_PC3_econ
2016,49.62376595906025,bart_PC3_econ
2016,49.612352695877526,bart_PC3_econ
2016,49.59560925788355,bart_PC3_econ
2016,49.59457397378179,bart_PC3_econ
2016,49.602910009638435,bart_PC3_econ
2016,49.603090479852,bart_PC3_econ
2016,49.618711014702214,bart_PC3_econ
2016,49.63068068340685,bart_PC3_econ
2016,49.639744847254256,bart_PC3_econ
2016,49.642911465983055,bart_PC3_econ
2016,49.649517964776436,bart_PC3_econ
2016,49.63913071910101,bart_PC3_econ
2016,49.651370719201374,bart_PC3_econ
2016,49.663360493983156,bart_PC3_econ
2016,49.666712747068736,bart_PC3_econ
2016,49.67176511739295,bart_PC3_econ
2016,49.67666601379423,bart_PC3_econ
2016,49.688980652618945,bart_PC3_econ
2016,49.707360547726026,bart_PC3_econ
2016,49.7129514897174,bart_PC3_econ
2016,49.70836814873252,bart_PC3_econ
2016,49.70066782141523,bart_PC3_econ
2016,49.70541735428824,bart_PC3_econ
2016,49.71024344274129,bart_PC3_econ
2016,49.72299058114269,bart_PC3_econ
2016,49.71968540540859,bart_PC3_econ
2016,49.72143554854611,bart_PC3_econ
2016,49.724691746117266,bart_PC3_econ
2016,49.73281137099683,bart_PC3_econ
2016,49.74024515603085,bart_PC3_econ
2016,49.74172453692297,bart_PC3_econ
2016,49.74917855850816,bart_PC3_econ
2016,49.72957716293716,bart_PC3_econ
2016,49.742470553140876,bart_PC3_econ
2016,49.73514707758016,bart_PC3_econ
2016,49.73374208130774,bart_PC3_econ
2016,49.764450424279744,bart_PC3_econ
2016,49.777442256566935,bart_PC3_econ
2016,49.77624734435048,bart_PC3_econ
2016,49.778350385477026,bart_PC3_econ
2016,49.77930408701558,bart_PC3_econ
2016,49.77429993647813,bart_PC3_econ
2016,49.767557819341505,bart_PC3_econ
2016,49.74790329481089,bart_PC3_econ
2016,49.768872303909994,bart_PC3_econ
2016,49.772987743312015,bart_PC3_econ
2016,49.7628662278893,bart_PC3_econ
2016,49.759502090925366,bart_PC3_econ
2016,49.74008005086639,bart_PC3_econ
2016,49.75622926542509,bart_PC3_econ
2016,49.766753582077044,bart_PC3_econ
2016,49.78238202277828,bart_PC3_econ
2016,49.784097768030165,bart_PC3_econ
2016,49.77407126931719,bart_PC3_econ
2016,49.76809555909887,bart_PC3_econ
2016,49.767713851074134,bart_PC3_econ
2016,49.754963953997155,bart_PC3_econ
2016,49.757150195288276,bart_PC3_econ
2016,49.7573844451408,bart_PC3_econ
2016,49.761407046453975,bart_PC3_econ
2016,49.76041674102999,bart_PC3_econ
2016,49.74245975636386,bart_PC3_econ
2016,49.740383229848305,bart_PC3_econ
2016,49.74678350542278,bart_PC3_econ
2016,49.74145363725342,bart_PC3_econ
2016,49.731924503122904,bart_PC3_econ
2016,49.725445900306894,bart_PC3_econ
2016,49.72660806578461,bart_PC3_econ
2016,49.71819116751552,bart_PC3_econ
2016,49.711442106477236,bart_PC3_econ
2016,49.70672571432647,bart_PC3_econ
2016,49.70643245043419,bart_PC3_econ
2016,49.71925719290012,bart_PC3_econ
2016,49.73221383736316,bart_PC3_econ
2016,49.73064050938876,bart_PC3_econ
2016,49.73323912384541,bart_PC3_econ
2016,49.74464791811734,bart_PC3_econ
2016,49.746717091768545,bart_PC3_econ
2016,49.73460117860213,bart_PC3_econ
2016,49.730548093460385,bart_PC3_econ
2016,49.73180357082575,bart_PC3_econ
2016,49.73369737621126,bart_PC3_econ
2016,49.737657258156375,bart_PC3_econ
2016,49.73828124707749,bart_PC3_econ
2016,49.73194844593526,bart_PC3_econ
2016,49.73840533172538,bart_PC3_econ
2016,49.737234319858004,bart_PC3_econ
2016,49.74788289202009,bart_PC3_econ
2016,49.75575945779442,bart_PC3_econ
2016,49.745080628400395,bart_PC3_econ
2016,49.75367053735749,bart_PC3_econ
2016,49.74899809123565,bart_PC3_econ
2016,49.75560889593927,bart_PC3_econ
2016,49.77053823319581,bart_PC3_econ
2016,49.78024382534592,bart_PC3_econ
2016,49.77644532431813,bart_PC3_econ
2016,49.77689625834356,bart_PC3_econ
2016,49.77783979650773,bart_PC3_econ
2016,49.76375074827448,bart_PC3_econ
2016,49.74979602082486,bart_PC3_econ
2016,49.75570195591071,bart_PC3_econ
2016,49.76937504233123,bart_PC3_econ
2016,49.761960802987,bart_PC3_econ
2016,49.76315317982536,bart_PC3_econ
2016,49.77430643565053,bart_PC3_econ
2016,49.766216247682934,bart_PC3_econ
2016,49.768969540427996,bart_PC3_econ
2016,49.76389216587461,bart_PC3_econ
2016,49.768506258409545,bart_PC3_econ
2016,49.75978071848421,bart_PC3_econ
2016,49.76530326820476,bart_PC3_econ
2016,49.76378117777065,bart_PC3_econ
2016,49.76570039517601,bart_PC3_econ
2016,49.761004657116686,bart_PC3_econ
2016,49.75942370439662,bart_PC3_econ
2016,49.76305561469599,bart_PC3_econ
2016,49.7643217095501,bart_PC3_econ
2016,49.75005246141046,bart_PC3_econ
2016,49.75962725371879,bart_PC3_econ
2016,49.765800502118616,bart_PC3_econ
2016,49.757453916121506,bart_PC3_econ
2016,49.75641945969417,bart_PC3_econ
2016,49.76778007046968,bart_PC3_econ
2016,49.772397641257236,bart_PC3_econ
2016,49.77760191589928,bart_PC3_econ
2016,49.766432546401155,bart_PC3_econ
2016,49.75898999321334,bart_PC3_econ
2016,49.76161076534184,bart_PC3_econ
2016,49.763851113917646,bart_PC3_econ
2016,49.76992832333845,bart_PC3_econ
2016,49.77079720909192,bart_PC3_econ
2016,49.77245690086243,bart_PC3_econ
2016,49.77049189749471,bart_PC3_econ
2016,49.76844013012434,bart_PC3_econ
2016,49.76961372599952,bart_PC3_econ
2016,49.7854839494481,bart_PC3_econ
2016,49.78925466471208,bart_PC3_econ
2016,49.795431332692516,bart_PC3_econ
2016,49.783527605461465,bart_PC3_econ
2016,49.77937177112659,bart_PC3_econ
2016,49.76102250554949,bart_PC3_econ
2016,49.77844374077497,bart_PC3_econ
2016,49.7796683964998,bart_PC3_econ
2016,49.78786713373756,bart_PC3_econ
2016,49.79298178953289,bart_PC3_econ
2016,49.79335562770541,bart_PC3_econ
2016,49.791447479400425,bart_PC3_econ
2016,49.785179794983435,bart_PC3_econ
2016,49.78559161972147,bart_PC3_econ
2016,49.79825604416475,bart_PC3_econ
2016,49.80779244219201,bart_PC3_econ
2016,49.81889366045188,bart_PC3_econ
2016,49.81211851861232,bart_PC3_econ
2016,49.809980848678066,bart_PC3_econ
2016,49.81484384486613,bart_PC3_econ
2016,49.80956523247541,bart_PC3_econ
2016,49.81082249616037,bart_PC3_econ
2016,49.80947608077106,bart_PC3_econ
2016,49.81066248605364,bart_PC3_econ
2016,49.81583356993674,bart_PC3_econ
2016,49.81759946312596,bart_PC3_econ
2016,49.8036059949892,bart_PC3_econ
2016,49.79359048034767,bart_PC3_econ
2016,49.79693703483861,bart_PC3_econ
2016,49.78645570269682,bart_PC3_econ
2016,49.780510235606855,bart_PC3_econ
2016,49.77654802012351,bart_PC3_econ
2016,49.781995199965856,bart_PC3_econ
2016,49.7820922386948,bart_PC3_econ
2016,49.78829784530507,bart_PC3_econ
2016,49.796925901198264,bart_PC3_econ
2016,49.80280989182728,bart_PC3_econ
2016,49.80871099180553,bart_PC3_econ
2016,49.80709821788429,bart_PC3_econ
2016,49.81142633781046,bart_PC3_econ
2016,49.82613397322166,bart_PC3_econ
2016,49.82869917327933,bart_PC3_econ
2016,49.84702636052943,bart_PC3_econ
2016,49.851946994602926,bart_PC3_econ
2016,49.8550561327383,bart_PC3_econ
2016,49.871677162392416,bart_PC3_econ
2016,49.87193746990963,bart_PC3_econ
2016,49.880494743408725,bart_PC3_econ
2016,49.87419281025435,bart_PC3_econ
2016,49.87381218936045,bart_PC3_econ
2016,49.87374080178596,bart_PC3_econ
2016,49.86703938673633,bart_PC3_econ
2016,49.86791014666584,bart_PC3_econ
2016,49.866725989292604,bart_PC3_econ
2016,49.87025462634892,bart_PC3_econ
2016,49.86725033729752,bart_PC3_econ
2016,49.85489232608012,bart_PC3_econ
2016,49.860965852495156,bart_PC3_econ
2016,49.85280457649865,bart_PC3_econ
2016,49.854270168160994,bart_PC3_econ
2016,49.8618266042095,bart_PC3_econ
2016,49.87099177883658,bart_PC3_econ
2016,49.872194598390884,bart_PC3_econ
2016,49.868733577537284,bart_PC3_econ
2016,49.85803122133515,bart_PC3_econ
2016,49.852106198946124,bart_PC3_econ
2016,49.85108937845864,bart_PC3_econ
2016,49.85921640961829,bart_PC3_econ
2016,49.855869652487854,bart_PC3_econ
2016,49.85633260398869,bart_PC3_econ
2016,49.86243889684859,bart_PC3_econ
2016,49.86441066104331,bart_PC3_econ
2016,49.868059583031894,bart_PC3_econ
2016,49.87486761498572,bart_PC3_econ
2016,49.86525789547514,bart_PC3_econ
2016,49.86815794119864,bart_PC3_econ
2016,49.86085904516354,bart_PC3_econ
2016,49.85458636983677,bart_PC3_econ
2016,49.842660338577495,bart_PC3_econ
2016,49.821472671928504,bart_PC3_econ
2016,49.816499979548865,bart_PC3_econ
2016,49.81898654114744,bart_PC3_econ
2016,49.83080173085871,bart_PC3_econ
2016,49.83036744864443,bart_PC3_econ
2016,49.829057500023765,bart_PC3_econ
2016,49.829335200074915,bart_PC3_econ
2016,49.828820483657864,bart_PC3_econ
2016,49.83322236723838,bart_PC3_econ
2016,49.83334840485952,bart_PC3_econ
2016,49.83528498006577,bart_PC3_econ
2016,49.83634765987478,bart_PC3_econ
2016,49.842126837696156,bart_PC3_econ
2016,49.83355008601093,bart_PC3_econ
2016,49.845592572868895,bart_PC3_econ
2016,49.83688504757227,bart_PC3_econ
2016,49.83312556128274,bart_PC3_econ
2016,49.83621119646284,bart_PC3_econ
2016,49.83556415399424,bart_PC3_econ
2016,49.84481513987681,bart_PC3_econ
2016,49.85813166234949,bart_PC3_econ
2016,49.84415789445402,bart_PC3_econ
2016,49.83999067130881,bart_PC3_econ
2016,49.84544450970831,bart_PC3_econ
2016,49.85379813582174,bart_PC3_econ
2016,49.85221722131094,bart_PC3_econ
2016,49.85380456827245,bart_PC3_econ
2016,49.85015562892875,bart_PC3_econ
2016,49.84676288647247,bart_PC3_econ
2016,49.84797322600265,bart_PC3_econ
2016,49.859135392742786,bart_PC3_econ
2016,49.85293500537199,bart_PC3_econ
2016,49.84910317961889,bart_PC3_econ
2016,49.83597955771753,bart_PC3_econ
2016,49.83260121195189,bart_PC3_econ
2016,49.83067488590238,bart_PC3_econ
2016,49.82672638209735,bart_PC3_econ
2016,49.828706444564105,bart_PC3_econ
2016,49.840393759163106,bart_PC3_econ
2016,49.84231104134855,bart_PC3_econ
2016,49.833585052492,bart_PC3_econ
2016,49.82233568190425,bart_PC3_econ
2016,49.825223454004416,bart_PC3_econ
2016,49.82023726236905,bart_PC3_econ
2016,49.82534816535173,bart_PC3_econ
2016,49.82348207008957,bart_PC3_econ
2016,49.824627405426924,bart_PC3_econ
2016,49.82916317285023,bart_PC3_econ
2016,49.836047337487656,bart_PC3_econ
2016,49.832009100876,bart_PC3_econ
2016,49.836422214552535,bart_PC3_econ
2016,49.83438458779834,bart_PC3_econ
2016,49.824393107611655,bart_PC3_econ
2016,49.835188908866726,bart_PC3_econ
2016,49.83605374524708,bart_PC3_econ
2016,49.8338752769547,bart_PC3_econ
2016,49.83040082826049,bart_PC3_econ
2016,49.84487332299121,bart_PC3_econ
2016,49.84928328407326,bart_PC3_econ
2016,49.85453848581131,bart_PC3_econ
2016,49.85969582411442,bart_PC3_econ
2016,49.85748053120527,bart_PC3_econ
2016,49.85004323388175,bart_PC3_econ
2016,49.840277271695825,bart_PC3_econ
2016,49.83445340105881,bart_PC3_econ
2016,49.84029618011445,bart_PC3_econ
2016,49.85101239440042,bart_PC3_econ
2016,49.85462837138895,bart_PC3_econ
2016,49.85201680564789,bart_PC3_econ
2016,49.852165992186215,bart_PC3_econ
2016,49.85203690818623,bart_PC3_econ
2016,49.85143127642359,bart_PC3_econ
2016,49.853628941307406,bart_PC3_econ
2016,49.86205849079008,bart_PC3_econ
2016,49.866944995482136,bart_PC3_econ
2016,49.869872015903226,bart_PC3_econ
2016,49.86728342006856,bart_PC3_econ
2016,49.859851032805054,bart_PC3_econ
2016,49.8585832968842,bart_PC3_econ
2016,49.85983535562839,bart_PC3_econ
2016,49.86516657702966,bart_PC3_econ
2016,49.86092440344916,bart_PC3_econ
2016,49.85796098638431,bart_PC3_econ
2016,49.84604833759097,bart_PC3_econ
2016,49.84503507748336,bart_PC3_econ
2016,49.85346137300549,bart_PC3_econ
2016,49.853407004213494,bart_PC3_econ
2016,49.86042433606009,bart_PC3_econ
2016,49.85983551168335,bart_PC3_econ
2016,49.86032877973004,bart_PC3_econ
2016,49.86255061930903,bart_PC3_econ
2016,49.864985132616276,bart_PC3_econ
2016,49.8722948417818,bart_PC3_econ
2016,49.87392830845016,bart_PC3_econ
2016,49.87667934958081,bart_PC3_econ
2016,49.87362101752781,bart_PC3_econ
2016,49.87637880376504,bart_PC3_econ
2016,49.867788106731886,bart_PC3_econ
2016,49.86847516005248,bart_PC3_econ
2016,49.873977065606084,bart_PC3_econ
2016,49.8806010505201,bart_PC3_econ
2016,49.88045325946991,bart_PC3_econ
2016,49.88084235327373,bart_PC3_econ
2016,49.88024286689957,bart_PC3_econ
2016,49.888389364847676,bart_PC3_econ
2016,49.88233779932934,bart_PC3_econ
2016,49.87970870007083,bart_PC3_econ
2016,49.89070499049464,bart_PC3_econ
2016,49.8906750070606,bart_PC3_econ
2016,49.895273517694704,bart_PC3_econ
2016,49.90257113199902,bart_PC3_econ
2016,49.89876968326266,bart_PC3_econ
2016,49.89662053296337,bart_PC3_econ
2016,49.88126167500057,bart_PC3_econ
2016,49.883364299178254,bart_PC3_econ
2016,49.8717194293681,bart_PC3_econ
2016,49.86143759329914,bart_PC3_econ
2016,49.86563026269226,bart_PC3_econ
2016,49.86716989557923,bart_PC3_econ
2016,49.859450395034976,bart_PC3_econ
2016,49.86588612765154,bart_PC3_econ
2016,49.86869099403036,bart_PC3_econ
2016,49.85774773846363,bart_PC3_econ
2016,49.85150973521068,bart_PC3_econ
2016,49.84886214310529,bart_PC3_econ
2016,49.851179558811026,bart_PC3_econ
2016,49.85411900124535,bart_PC3_econ
2016,49.859252169969125,bart_PC3_econ
2016,49.85341336401308,bart_PC3_econ
2016,49.84262571498737,bart_PC3_econ
2016,49.84440668223145,bart_PC3_econ
2016,49.84477649453688,bart_PC3_econ
2016,49.84114913864224,bart_PC3_econ
2016,49.835436113219075,bart_PC3_econ
2016,49.832344938623564,bart_PC3_econ
2016,49.826069345420265,bart_PC3_econ
2016,49.83501914606359,bart_PC3_econ
2016,49.83587789541116,bart_PC3_econ
2016,49.843810841405485,bart_PC3_econ
2016,49.8426612281191,bart_PC3_econ
2016,49.84318719930727,bart_PC3_econ
2016,49.84132393534667,bart_PC3_econ
2016,49.84825006101764,bart_PC3_econ
2016,49.851190681996975,bart_PC3_econ
2016,49.845799400376194,bart_PC3_econ
2016,49.84092783845765,bart_PC3_econ
2016,49.84110754443685,bart_PC3_econ
2016,49.8408779205674,bart_PC3_econ
2016,49.836217580298204,bart_PC3_econ
2016,49.83347375599652,bart_PC3_econ
2016,49.83413892696704,bart_PC3_econ
2016,49.8326928032472,bart_PC3_econ
2016,49.83496781459616,bart_PC3_econ
2016,49.832872459624674,bart_PC3_econ
2016,49.83960525097024,bart_PC3_econ
2016,49.84362616231179,bart_PC3_econ
2016,49.843980364677215,bart_PC3_econ
2016,49.84339738356417,bart_PC3_econ
2016,49.84388139504228,bart_PC3_econ
2016,49.84693379422875,bart_PC3_econ
2016,49.84066251127518,bart_PC3_econ
2016,49.836145597200705,bart_PC3_econ
2016,49.82534822059933,bart_PC3_econ
2016,49.8346412634344,bart_PC3_econ
2016,49.83235773688884,bart_PC3_econ
2016,49.83153230315565,bart_PC3_econ
2016,49.83030204723617,bart_PC3_econ
2016,49.843134987575816,bart_PC3_econ
2016,49.84714174646854,bart_PC3_econ
2016,49.84822486606685,bart_PC3_econ
2016,49.84632471537448,bart_PC3_econ
2016,49.8489714894047,bart_PC3_econ
2016,49.85270714669208,bart_PC3_econ
2016,49.8550949305431,bart_PC3_econ
2016,49.85744774849788,bart_PC3_econ
2016,49.85512171325667,bart_PC3_econ
2016,49.849423670513325,bart_PC3_econ
2016,49.85943780621302,bart_PC3_econ
2016,49.86436414244041,bart_PC3_econ
2016,49.86237931143265,bart_PC3_econ
2016,49.86771920337003,bart_PC3_econ
2016,49.86768129414581,bart_PC3_econ
2016,49.86962856351803,bart_PC3_econ
2016,49.861291354849875,bart_PC3_econ
2016,49.864401871400084,bart_PC3_econ
2016,49.87284467427663,bart_PC3_econ
2016,49.87871609930298,bart_PC3_econ
2016,49.87701709747355,bart_PC3_econ
2016,49.872581389015764,bart_PC3_econ
2016,49.87267978426275,bart_PC3_econ
2016,49.87627096570591,bart_PC3_econ
2016,49.87753876763506,bart_PC3_econ
2016,49.87229447896483,bart_PC3_econ
2016,49.87008713178183,bart_PC3_econ
2016,49.867697236385936,bart_PC3_econ
2016,49.86710429850194,bart_PC3_econ
2016,49.86497489418887,bart_PC3_econ
2016,49.870871389710196,bart_PC3_econ
2016,49.87388693059578,bart_PC3_econ
2016,49.880148637945496,bart_PC3_econ
2016,49.88152596162302,bart_PC3_econ
2016,49.88434539549591,bart_PC3_econ
2016,49.88432132413648,bart_PC3_econ
2016,49.886453463554034,bart_PC3_econ
2016,49.88568014473934,bart_PC3_econ
2016,49.88517347162595,bart_PC3_econ
2016,49.882114118937174,bart_PC3_econ
2016,49.88295031734232,bart_PC3_econ
2016,49.88700324397716,bart_PC3_econ
2016,49.891811922262946,bart_PC3_econ
2016,49.8931415972384,bart_PC3_econ
2016,49.89338494773736,bart_PC3_econ
2016,49.89548298123016,bart_PC3_econ
2016,49.8930027706211,bart_PC3_econ
2016,49.88570438085809,bart_PC3_econ
2016,49.88878077139982,bart_PC3_econ
2016,49.88185066772873,bart_PC3_econ
2016,49.874358885962295,bart_PC3_econ
2016,49.87887178944857,bart_PC3_econ
2016,49.87798441421115,bart_PC3_econ
2016,49.87414324111254,bart_PC3_econ
2016,49.87849671712185,bart_PC3_econ
2016,49.877463224955726,bart_PC3_econ
2016,49.878154712751495,bart_PC3_econ
2016,49.88506052973803,bart_PC3_econ
2016,49.884124636072926,bart_PC3_econ
2016,49.87421985981472,bart_PC3_econ
2016,49.871459164206,bart_PC3_econ
2016,49.869421349481954,bart_PC3_econ
2016,49.87280240315968,bart_PC3_econ
2016,49.8670641090372,bart_PC3_econ
2016,49.864671634906436,bart_PC3_econ
2016,49.87158195182525,bart_PC3_econ
2016,49.87586813549386,bart_PC3_econ
2016,49.878227355732676,bart_PC3_econ
2016,49.87935612745369,bart_PC3_econ
2016,49.874313235680866,bart_PC3_econ
2016,49.87776033147813,bart_PC3_econ
2016,49.87750826556481,bart_PC3_econ
2016,49.87243197997974,bart_PC3_econ
2016,49.87696246456447,bart_PC3_econ
2016,49.87352690050265,bart_PC3_econ
2016,49.87042486459519,bart_PC3_econ
2016,49.869913693831656,bart_PC3_econ
2016,49.868654939458,bart_PC3_econ
2016,49.87321532627594,bart_PC3_econ
2016,49.87290996666795,bart_PC3_econ
2016,49.87385170565148,bart_PC3_econ
2016,49.87282133256112,bart_PC3_econ
2016,49.869686939373025,bart_PC3_econ
2016,49.873037724300985,bart_PC3_econ
2016,49.87040462349546,bart_PC3_econ
2016,49.87869435189775,bart_PC3_econ
2016,49.88297971159548,bart_PC3_econ
2016,49.887617917142975,bart_PC3_econ
2016,49.8879256241119,bart_PC3_econ
2016,49.88059422623551,bart_PC3_econ
2016,49.88397563525348,bart_PC3_econ
2016,49.88589537157051,bart_PC3_econ
2016,49.88746499489777,bart_PC3_econ
2016,49.889686801855426,bart_PC3_econ
2016,49.88942641760625,bart_PC3_econ
2016,49.88810164653748,bart_PC3_econ
2016,49.888732474280566,bart_PC3_econ
2016,49.886970881193676,bart_PC3_econ
2016,49.88876074286279,bart_PC3_econ
2016,49.88819659699615,bart_PC3_econ
2016,49.88715769314764,bart_PC3_econ
2016,49.889202699274456,bart_PC3_econ
2016,49.88366465093618,bart_PC3_econ
2016,49.87534440628808,bart_PC3_econ
2016,49.876270071738574,bart_PC3_econ
2016,49.87248520153567,bart_PC3_econ
2016,49.87497951524452,bart_PC3_econ
2016,49.86859905704071,bart_PC3_econ
2016,49.86618660357627,bart_PC3_econ
2016,49.86397284479176,bart_PC3_econ
2016,49.862637438048395,bart_PC3_econ
2016,49.86599731799039,bart_PC3_econ
2016,49.87262320618965,bart_PC3_econ
2016,49.8703903963883,bart_PC3_econ
2016,49.86940253070299,bart_PC3_econ
2016,49.857236510478714,bart_PC3_econ
2016,49.857839323222976,bart_PC3_econ
2016,49.859897593162145,bart_PC3_econ
2016,49.85583225992645,bart_PC3_econ
2016,49.860022337929564,bart_PC3_econ
2016,49.86080676344327,bart_PC3_econ
2016,49.86282113029162,bart_PC3_econ
2016,49.86179312437605,bart_PC3_econ
2016,49.863076958643845,bart_PC3_econ
2016,49.85853224257214,bart_PC3_econ
2016,49.84859717225035,bart_PC3_econ
2016,49.85087221761118,bart_PC3_econ
2016,49.8492803191825,bart_PC3_econ
2016,49.85015747868623,bart_PC3_econ
2016,49.84882310785243,bart_PC3_econ
2016,49.85124524564282,bart_PC3_econ
2016,49.85034587985418,bart_PC3_econ
2016,49.8584066509437,bart_PC3_econ
2016,49.85740464031171,bart_PC3_econ
2016,49.86296171783084,bart_PC3_econ
2016,49.86681512004705,bart_PC3_econ
2016,49.864596189893106,bart_PC3_econ
2016,49.86539780101825,bart_PC3_econ
2016,49.86075642760814,bart_PC3_econ
2016,49.85901717273632,bart_PC3_econ
2016,49.863328727430066,bart_PC3_econ
2016,49.8598135105029,bart_PC3_econ
2016,49.86498833620086,bart_PC3_econ
2016,49.86268575604304,bart_PC3_econ
2016,49.86462396178686,bart_PC3_econ
2016,49.86431677830653,bart_PC3_econ
2016,49.852518800764486,bart_PC3_econ
2016,49.85108820332765,bart_PC3_econ
2016,49.85419746591068,bart_PC3_econ
2016,49.856863982933525,bart_PC3_econ
2016,49.856589136005496,bart_PC3_econ
2016,49.85359751088542,bart_PC3_econ
2016,49.85319536665121,bart_PC3_econ
2016,49.8471384214202,bart_PC3_econ
2016,49.84335159204843,bart_PC3_econ
2016,49.843632469628616,bart_PC3_econ
2016,49.83755367175809,bart_PC3_econ
2016,49.8386793885156,bart_PC3_econ
2016,49.83683880163105,bart_PC3_econ
2016,49.84012700837916,bart_PC3_econ
2016,49.846597644114894,bart_PC3_econ
2016,49.854237300535594,bart_PC3_econ
2016,49.85230942069941,bart_PC3_econ
2016,49.857996768107604,bart_PC3_econ
2016,49.85824914035806,bart_PC3_econ
2016,49.8555227486584,bart_PC3_econ
2016,49.852367124418976,bart_PC3_econ
2016,49.84598788558009,bart_PC3_econ
2016,49.84404386170654,bart_PC3_econ
2016,49.848336952004196,bart_PC3_econ
2016,49.85054861406757,bart_PC3_econ
2016,49.850716864075366,bart_PC3_econ
2016,49.84619125903211,bart_PC3_econ
2016,49.843759980234196,bart_PC3_econ
2016,49.84008571718442,bart_PC3_econ
2016,49.84070660017286,bart_PC3_econ
2016,49.8392626311648,bart_PC3_econ
2016,49.84323390716039,bart_PC3_econ
2016,49.8460027388917,bart_PC3_econ
2016,49.84820338750605,bart_PC3_econ
2016,49.84788152853549,bart_PC3_econ
2016,49.847616771467685,bart_PC3_econ
2016,49.848398596425994,bart_PC3_econ
2016,49.84321835688442,bart_PC3_econ
2016,49.84382003715946,bart_PC3_econ
2016,49.846114011818365,bart_PC3_econ
2016,49.84850971563161,bart_PC3_econ
2016,49.84550195184716,bart_PC3_econ
2016,49.851318913741835,bart_PC3_econ
2016,49.851112336267924,bart_PC3_econ
2016,49.85224709382465,bart_PC3_econ
2016,49.84929856341055,bart_PC3_econ
2016,49.852004742615065,bart_PC3_econ
2016,49.85093021059172,bart_PC3_econ
2016,49.84619754253213,bart_PC3_econ
2016,49.8463512597743,bart_PC3_econ
2016,49.8529165356664,bart_PC3_econ
2016,49.85791937733284,bart_PC3_econ
2016,49.85275766907032,bart_PC3_econ
2016,49.8520477484184,bart_PC3_econ
2016,49.84976350659395,bart_PC3_econ
2016,49.843526475221125,bart_PC3_econ
2016,49.83902073788786,bart_PC3_econ
2016,49.83388944201978,bart_PC3_econ
2016,49.83246308121245,bart_PC3_econ
2016,49.829867709795906,bart_PC3_econ
2016,49.82670962772972,bart_PC3_econ
2016,49.83148480098233,bart_PC3_econ
2016,49.82758766087785,bart_PC3_econ
2016,49.828201755051964,bart_PC3_econ
2016,49.830981068649656,bart_PC3_econ
2016,49.82745062582603,bart_PC3_econ
2016,49.82894626385023,bart_PC3_econ
2016,49.82827630073096,bart_PC3_econ
2016,49.8330022872242,bart_PC3_econ
2016,49.83120496832887,bart_PC3_econ
2016,49.83110148487218,bart_PC3_econ
2016,49.83385101667008,bart_PC3_econ
2016,49.82894594491346,bart_PC3_econ
2016,49.83202532317865,bart_PC3_econ
2016,49.82756782586212,bart_PC3_econ
2016,49.81896842616477,bart_PC3_econ
2016,49.82232598568865,bart_PC3_econ
2016,49.816648711284344,bart_PC3_econ
2016,49.82255643434235,bart_PC3_econ
2016,49.822137542644,bart_PC3_econ
2016,49.81711516586603,bart_PC3_econ
2016,49.81723802253196,bart_PC3_econ
2016,49.824373496694975,bart_PC3_econ
2016,49.828342264984684,bart_PC3_econ
2016,49.82946127924313,bart_PC3_econ
2016,49.83213554986728,bart_PC3_econ
2016,49.82757548115261,bart_PC3_econ
2016,49.82482536892949,bart_PC3_econ
2016,49.82059324685041,bart_PC3_econ
2016,49.82167592392587,bart_PC3_econ
2016,49.82700013519167,bart_PC3_econ
2016,49.82481528631519,bart_PC3_econ
2016,49.822378564931654,bart_PC3_econ
2016,49.81585830188315,bart_PC3_econ
2016,49.818377710034724,bart_PC3_econ
2016,49.82442805834101,bart_PC3_econ
2016,49.82504051655488,bart_PC3_econ
2016,49.81761923704528,bart_PC3_econ
2016,49.81990904139396,bart_PC3_econ
2016,49.81847448413242,bart_PC3_econ
2016,49.81883202543333,bart_PC3_econ
2016,49.81214312267811,bart_PC3_econ
2016,49.80839272567505,bart_PC3_econ
2016,49.81004923190988,bart_PC3_econ
2016,49.81143749904516,bart_PC3_econ
2016,49.81201127551092,bart_PC3_econ
2016,49.813987543885155,bart_PC3_econ
2016,49.811153946191986,bart_PC3_econ
2016,49.81143153225616,bart_PC3_econ
2016,49.80869640387303,bart_PC3_econ
2016,49.810717534501094,bart_PC3_econ
2016,49.809923203233964,bart_PC3_econ
2016,49.81000339766652,bart_PC3_econ
2016,49.81282933805536,bart_PC3_econ
2016,49.81795244428916,bart_PC3_econ
2016,49.82150651158818,bart_PC3_econ
2016,49.82437674771297,bart_PC3_econ
2016,49.82735098901398,bart_PC3_econ
2016,49.824113866746146,bart_PC3_econ
2016,49.82092991109238,bart_PC3_econ
2016,49.81894374718237,bart_PC3_econ
2016,49.82042930421118,bart_PC3_econ
2016,49.82564292424293,bart_PC3_econ
2016,49.82633063126504,bart_PC3_econ
2016,49.82963711638429,bart_PC3_econ
2016,49.8286214248469,bart_PC3_econ
2016,49.82926136508944,bart_PC3_econ
2016,49.82952138927116,bart_PC3_econ
2016,49.82394236014712,bart_PC3_econ
2016,49.81909742096634,bart_PC3_econ
2016,49.81930920089123,bart_PC3_econ
2016,49.81772174120299,bart_PC3_econ
2016,49.81761768300929,bart_PC3_econ
2016,49.818434726196955,bart_PC3_econ
2016,49.819395354398,bart_PC3_econ
2016,49.820511209795725,bart_PC3_econ
2016,49.82093088321302,bart_PC3_econ
2016,49.81501954822559,bart_PC3_econ
2016,49.81787899254148,bart_PC3_econ
2016,49.817483151950846,bart_PC3_econ
2016,49.81802995317995,bart_PC3_econ
2016,49.81006604669906,bart_PC3_econ
2016,49.814710232377195,bart_PC3_econ
2016,49.816162645643445,bart_PC3_econ
2016,49.82386212221736,bart_PC3_econ
2016,49.82866872713094,bart_PC3_econ
2016,49.82901997524202,bart_PC3_econ
2016,49.82517097382738,bart_PC3_econ
2016,49.82416698990077,bart_PC3_econ
2016,49.82348972840091,bart_PC3_econ
2016,49.82298234994858,bart_PC3_econ
2016,49.82073718607799,bart_PC3_econ
2016,49.81881870295876,bart_PC3_econ
2016,49.820122912101,bart_PC3_econ
2016,49.81689829429289,bart_PC3_econ
2016,49.816034377128965,bart_PC3_econ
2016,49.81136551107015,bart_PC3_econ
2016,49.80728397374156,bart_PC3_econ
2016,49.805967469994584,bart_PC3_econ
2016,49.805056012130706,bart_PC3_econ
2016,49.807370429186385,bart_PC3_econ
2016,49.81247235759162,bart_PC3_econ
2016,49.81065087014561,bart_PC3_econ
2016,49.81011446685296,bart_PC3_econ
2016,49.81213248669562,bart_PC3_econ
2016,49.811571806627825,bart_PC3_econ
2016,49.81326224457922,bart_PC3_econ
2016,49.81538913560196,bart_PC3_econ
2016,49.811105502950845,bart_PC3_econ
2016,49.81075973953877,bart_PC3_econ
2016,49.8155449699135,bart_PC3_econ
2016,49.81570885202047,bart_PC3_econ
2020,43.9824073537483,bart_PC3_econ
2020,44.80434998833503,bart_PC3_econ
2020,45.292716740274564,bart_PC3_econ
2020,44.257325924396376,bart_PC3_econ
2020,44.43721793774246,bart_PC3_econ
2020,44.1239240985874,bart_PC3_econ
2020,43.25382380856802,bart_PC3_econ
2020,42.57359784990919,bart_PC3_econ
2020,43.19730618507552,bart_PC3_econ
2020,44.04038895253355,bart_PC3_econ
2020,45.077459801830344,bart_PC3_econ
2020,45.09644779412627,bart_PC3_econ
2020,45.045472055916115,bart_PC3_econ
2020,44.76332735209132,bart_PC3_econ
2020,44.68547907122838,bart_PC3_econ
2020,44.55176287813775,bart_PC3_econ
2020,44.539373713209216,bart_PC3_econ
2020,44.70879916454075,bart_PC3_econ
2020,44.58421740253364,bart_PC3_econ
2020,44.57966347649957,bart_PC3_econ
2020,44.947981022052744,bart_PC3_econ
2020,44.98291256078673,bart_PC3_econ
2020,44.722004759948135,bart_PC3_econ
2020,44.68439084991578,bart_PC3_econ
2020,44.53406738205789,bart_PC3_econ
2020,44.56296269611427,bart_PC3_econ
2020,44.418967624276036,bart_PC3_econ
2020,44.44005603186544,bart_PC3_econ
2020,44.42314234519438,bart_PC3_econ
2020,44.395696427455,bart_PC3_econ
2020,44.28690984128414,bart_PC3_econ
2020,44.1850720008901,bart_PC3_econ
2020,44.08505994044765,bart_PC3_econ
2020,44.00071130102562,bart_PC3_econ
2020,43.9730492689815,bart_PC3_econ
2020,43.99349477859953,bart_PC3_econ
2020,43.90432101184182,bart_PC3_econ
2020,43.8694286231818,bart_PC3_econ
2020,43.853432797702055,bart_PC3_econ
2020,43.827653248762886,bart_PC3_econ
2020,43.764541047167576,bart_PC3_econ
2020,43.75705673855161,bart_PC3_econ
2020,43.78375185605273,bart_PC3_econ
2020,43.72138242005703,bart_PC3_econ
2020,43.64696564980358,bart_PC3_econ
2020,43.5946958377811,bart_PC3_econ
2020,43.58335306101669,bart_PC3_econ
2020,43.70954625867033,bart_PC3_econ
2020,43.73248759156325,bart_PC3_econ
2020,43.733234646181494,bart_PC3_econ
2020,43.6698338803216,bart_PC3_econ
2020,43.89455289558554,bart_PC3_econ
2020,43.94768032200674,bart_PC3_econ
2020,43.96203266397634,bart_PC3_econ
2020,44.035528465262296,bart_PC3_econ
2020,44.102574260765216,bart_PC3_econ
2020,44.14381601190903,bart_PC3_econ
2020,44.138207742345834,bart_PC3_econ
2020,44.05342988109021,bart_PC3_econ
2020,44.17254898018692,bart_PC3_econ
2020,44.195488384751265,bart_PC3_econ
2020,44.11975201212271,bart_PC3_econ
2020,44.13599455064449,bart_PC3_econ
2020,44.18718554766414,bart_PC3_econ
2020,44.26030242118847,bart_PC3_econ
2020,44.272339710408616,bart_PC3_econ
2020,44.26438807670906,bart_PC3_econ
2020,44.2550896642448,bart_PC3_econ
2020,44.23463990262319,bart_PC3_econ
2020,44.17735789648707,bart_PC3_econ
2020,44.19864674456231,bart_PC3_econ
2020,44.18181849461331,bart_PC3_econ
2020,44.19602669685556,bart_PC3_econ
2020,44.20126098753394,bart_PC3_econ
2020,44.187509354102,bart_PC3_econ
2020,44.25212608443981,bart_PC3_econ
2020,44.22036290116453,bart_PC3_econ
2020,44.22167801671251,bart_PC3_econ
2020,44.24545367600905,bart_PC3_econ
2020,44.277635060373136,bart_PC3_econ
2020,44.28658307412582,bart_PC3_econ
2020,44.355566128681225,bart_PC3_econ
2020,44.33685143973252,bart_PC3_econ
2020,44.28177216145836,bart_PC3_econ
2020,44.23636289686802,bart_PC3_econ
2020,44.222395841651576,bart_PC3_econ
2020,44.240973251472276,bart_PC3_econ
2020,44.26771772587402,bart_PC3_econ
2020,44.27907125810423,bart_PC3_econ
2020,44.246707301625406,bart_PC3_econ
2020,44.18464658118977,bart_PC3_econ
2020,44.18640813915321,bart_PC3_econ
2020,44.16236218684355,bart_PC3_econ
2020,44.09374895139939,bart_PC3_econ
2020,44.08970866538505,bart_PC3_econ
2020,44.11621347536322,bart_PC3_econ
2020,44.087639457602116,bart_PC3_econ
2020,44.05871252030199,bart_PC3_econ
2020,44.0701060388156,bart_PC3_econ
2020,44.039983325415506,bart_PC3_econ
2020,43.98194838923441,bart_PC3_econ
2020,43.96775069292959,bart_PC3_econ
2020,43.97221448797742,bart_PC3_econ
2020,43.96357178887122,bart_PC3_econ
2020,43.93836450055869,bart_PC3_econ
2020,43.97349942630965,bart_PC3_econ
2020,43.977439971985,bart_PC3_econ
2020,43.97137988384725,bart_PC3_econ
2020,43.99199107265598,bart_PC3_econ
2020,43.98592634904504,bart_PC3_econ
2020,43.98307071251175,bart_PC3_econ
2020,44.01315925073584,bart_PC3_econ
2020,44.05128446811226,bart_PC3_econ
2020,44.05190603623442,bart_PC3_econ
2020,43.98478994952435,bart_PC3_econ
2020,43.95906097088192,bart_PC3_econ
2020,44.015997269628215,bart_PC3_econ
2020,44.00698442909259,bart_PC3_econ
2020,43.98959415276985,bart_PC3_econ
2020,43.9997613584286,bart_PC3_econ
2020,43.96105472696111,bart_PC3_econ
2020,43.96222720859541,bart_PC3_econ
2020,43.99414603649925,bart_PC3_econ
2020,44.014705415054436,bart_PC3_econ
2020,44.00544205733215,bart_PC3_econ
2020,43.97891108011213,bart_PC3_econ
2020,43.966061802361196,bart_PC3_econ
2020,43.94909938511542,bart_PC3_econ
2020,43.91535147026104,bart_PC3_econ
2020,43.925622651588604,bart_PC3_econ
2020,43.93455406388186,bart_PC3_econ
2020,43.98000568510377,bart_PC3_econ
2020,43.99519399194927,bart_PC3_econ
2020,43.965192462873866,bart_PC3_econ
2020,43.92412063029687,bart_PC3_econ
2020,43.926636490187256,bart_PC3_econ
2020,43.9058067965495,bart_PC3_econ
2020,43.895753531338976,bart_PC3_econ
2020,43.87716644064609,bart_PC3_econ
2020,43.89265979332607,bart_PC3_econ
2020,43.89820991977099,bart_PC3_econ
2020,43.89531812249097,bart_PC3_econ
2020,43.91824290960919,bart_PC3_econ
2020,43.88700451647668,bart_PC3_econ
2020,43.84979782697377,bart_PC3_econ
2020,43.85621319700269,bart_PC3_econ
2020,43.87579462590432,bart_PC3_econ
2020,43.90187231388733,bart_PC3_econ
2020,43.89301727821244,bart_PC3_econ
2020,43.88618231616832,bart_PC3_econ
2020,43.844506802910885,bart_PC3_econ
2020,43.85216200625633,bart_PC3_econ
2020,43.8480360966391,bart_PC3_econ
2020,43.83157878686359,bart_PC3_econ
2020,43.808976722417626,bart_PC3_econ
2020,43.78763923856099,bart_PC3_econ
2020,43.7682812405386,bart_PC3_econ
2020,43.779888077870595,bart_PC3_econ
2020,43.794160628381626,bart_PC3_econ
2020,43.81244058655946,bart_PC3_econ
2020,43.85115265316601,bart_PC3_econ
2020,43.86005650694837,bart_PC3_econ
2020,43.84053412784382,bart_PC3_econ
2020,43.86090958319557,bart_PC3_econ
2020,43.87655588853919,bart_PC3_econ
2020,43.88123928948585,bart_PC3_econ
2020,43.87081398822352,bart_PC3_econ
2020,43.85339350573263,bart_PC3_econ
2020,43.89716545001459,bart_PC3_econ
2020,43.87018032060937,bart_PC3_econ
2020,43.906576082835116,bart_PC3_econ
2020,43.91123305232241,bart_PC3_econ
2020,43.90667797447661,bart_PC3_econ
2020,43.9186781309674,bart_PC3_econ
2020,43.927005193175084,bart_PC3_econ
2020,43.90659066013226,bart_PC3_econ
2020,43.897118048183614,bart_PC3_econ
2020,43.86863367018891,bart_PC3_econ
2020,43.87497595683094,bart_PC3_econ
2020,43.898734344936145,bart_PC3_econ
2020,43.86799719370098,bart_PC3_econ
2020,43.85576163819269,bart_PC3_econ
2020,43.846170325271025,bart_PC3_econ
2020,43.84212945617941,bart_PC3_econ
2020,43.82858940061281,bart_PC3_econ
2020,43.86877417187251,bart_PC3_econ
2020,43.858098249602804,bart_PC3_econ
2020,43.864741217207,bart_PC3_econ
2020,43.871965962746735,bart_PC3_econ
2020,43.882440242017076,bart_PC3_econ
2020,43.88552022181651,bart_PC3_econ
2020,43.88921975628241,bart_PC3_econ
2020,43.901246207122924,bart_PC3_econ
2020,43.89427562415615,bart_PC3_econ
2020,43.8908595462255,bart_PC3_econ
2020,43.92005415739063,bart_PC3_econ
2020,43.91522074835518,bart_PC3_econ
2020,43.91609831572657,bart_PC3_econ
2020,43.90324575943629,bart_PC3_econ
2020,43.91882401579487,bart_PC3_econ
2020,43.91401961652838,bart_PC3_econ
2020,43.92464258616192,bart_PC3_econ
2020,43.93415354052679,bart_PC3_econ
2020,43.91389613984751,bart_PC3_econ
2020,43.91916966412094,bart_PC3_econ
2020,43.9198749059016,bart_PC3_econ
2020,43.936591517838494,bart_PC3_econ
2020,43.950086243697235,bart_PC3_econ
2020,43.98188486633618,bart_PC3_econ
2020,43.99850866636421,bart_PC3_econ
2020,43.99975827102496,bart_PC3_econ
2020,44.009913331237435,bart_PC3_econ
2020,44.02380766168994,bart_PC3_econ
2020,44.04943432920273,bart_PC3_econ
2020,44.06455382913079,bart_PC3_econ
2020,44.05875714238458,bart_PC3_econ
2020,44.03294889818582,bart_PC3_econ
2020,44.039818836755906,bart_PC3_econ
2020,44.04259013230296,bart_PC3_econ
2020,44.05516801342143,bart_PC3_econ
2020,44.05825678260897,bart_PC3_econ
2020,44.068628539648145,bart_PC3_econ
2020,44.06552394320508,bart_PC3_econ
2020,44.071678940128976,bart_PC3_econ
2020,44.07723275447963,bart_PC3_econ
2020,44.09065668461079,bart_PC3_econ
2020,44.10693029386036,bart_PC3_econ
2020,44.120558684172515,bart_PC3_econ
2020,44.14029669715734,bart_PC3_econ
2020,44.13783563016853,bart_PC3_econ
2020,44.12732526625702,bart_PC3_econ
2020,44.1222945932329,bart_PC3_econ
2020,44.10794763043324,bart_PC3_econ
2020,44.10694339595986,bart_PC3_econ
2020,44.087992313982845,bart_PC3_econ
2020,44.083710162598734,bart_PC3_econ
2020,44.06745084111396,bart_PC3_econ
2020,44.06787529748528,bart_PC3_econ
2020,44.05919151647526,bart_PC3_econ
2020,44.06856348362361,bart_PC3_econ
2020,44.062451677852046,bart_PC3_econ
2020,44.06609687700403,bart_PC3_econ
2020,44.05359234574176,bart_PC3_econ
2020,44.05684007934884,bart_PC3_econ
2020,44.068720066789055,bart_PC3_econ
2020,44.07389470349052,bart_PC3_econ
2020,44.07529773888181,bart_PC3_econ
2020,44.079709624217045,bart_PC3_econ
2020,44.0817295876765,bart_PC3_econ
2020,44.05954202115443,bart_PC3_econ
2020,44.05534446326278,bart_PC3_econ
2020,44.063908843000476,bart_PC3_econ
2020,44.059967651973054,bart_PC3_econ
2020,44.05913505820105,bart_PC3_econ
2020,44.047324510144364,bart_PC3_econ
2020,44.053063460286126,bart_PC3_econ
2020,44.06327861822935,bart_PC3_econ
2020,44.0697227456545,bart_PC3_econ
2020,44.076529697667276,bart_PC3_econ
2020,44.0694041848018,bart_PC3_econ
2020,44.08874318976259,bart_PC3_econ
2020,44.10093268008562,bart_PC3_econ
2020,44.099427725669976,bart_PC3_econ
2020,44.09977339584037,bart_PC3_econ
2020,44.1031261204395,bart_PC3_econ
2020,44.108811646710045,bart_PC3_econ
2020,44.10696115995789,bart_PC3_econ
2020,44.11498793563119,bart_PC3_econ
2020,44.10371797053466,bart_PC3_econ
2020,44.09692258384266,bart_PC3_econ
2020,44.0911073439661,bart_PC3_econ
2020,44.095375124561805,bart_PC3_econ
2020,44.1123391746942,bart_PC3_econ
2020,44.10681809536522,bart_PC3_econ
2020,44.11270285462342,bart_PC3_econ
2020,44.127292511786344,bart_PC3_econ
2020,44.12098346779069,bart_PC3_econ
2020,44.13418431882935,bart_PC3_econ
2020,44.144897099277024,bart_PC3_econ
2020,44.14888438801394,bart_PC3_econ
2020,44.15534834504899,bart_PC3_econ
2020,44.15424635956036,bart_PC3_econ
2020,44.14417920692726,bart_PC3_econ
2020,44.16024194883087,bart_PC3_econ
2020,44.15153189282767,bart_PC3_econ
2020,44.18083090395598,bart_PC3_econ
2020,44.178994220810694,bart_PC3_econ
2020,44.18390027659836,bart_PC3_econ
2020,44.19230200503072,bart_PC3_econ
2020,44.20335678936678,bart_PC3_econ
2020,44.21381448693826,bart_PC3_econ
2020,44.19567143570813,bart_PC3_econ
2020,44.20418811983679,bart_PC3_econ
2020,44.21084929936785,bart_PC3_econ
2020,44.198138123124465,bart_PC3_econ
2020,44.19334922748777,bart_PC3_econ
2020,44.19687883188367,bart_PC3_econ
2020,44.197921407924575,bart_PC3_econ
2020,44.21737937452655,bart_PC3_econ
2020,44.24811479455326,bart_PC3_econ
2020,44.25971989562512,bart_PC3_econ
2020,44.26680582872125,bart_PC3_econ
2020,44.26391854628077,bart_PC3_econ
2020,44.24454429781468,bart_PC3_econ
2020,44.23769746004862,bart_PC3_econ
2020,44.22278888782338,bart_PC3_econ
2020,44.2123434074081,bart_PC3_econ
2020,44.21262359228364,bart_PC3_econ
2020,44.207911907282785,bart_PC3_econ
2020,44.20602998741723,bart_PC3_econ
2020,44.203307302044315,bart_PC3_econ
2020,44.21163594005474,bart_PC3_econ
2020,44.2034723557696,bart_PC3_econ
2020,44.1999261440169,bart_PC3_econ
2020,44.20324967385642,bart_PC3_econ
2020,44.20088592430142,bart_PC3_econ
2020,44.20538186381216,bart_PC3_econ
2020,44.19342958136012,bart_PC3_econ
2020,44.197656056095546,bart_PC3_econ
2020,44.18564721855607,bart_PC3_econ
2020,44.20778441171065,bart_PC3_econ
2020,44.19783106297503,bart_PC3_econ
2020,44.21853928070513,bart_PC3_econ
2020,44.205850745657365,bart_PC3_econ
2020,44.20147137671208,bart_PC3_econ
2020,44.211241013857496,bart_PC3_econ
2020,44.21281567832236,bart_PC3_econ
2020,44.20367001391759,bart_PC3_econ
2020,44.2093553353262,bart_PC3_econ
2020,44.21570868596436,bart_PC3_econ
2020,44.229572024763726,bart_PC3_econ
2020,44.24949862620572,bart_PC3_econ
2020,44.239282607614605,bart_PC3_econ
2020,44.22815897350335,bart_PC3_econ
2020,44.22265640534914,bart_PC3_econ
2020,44.22734759861749,bart_PC3_econ
2020,44.22368287055514,bart_PC3_econ
2020,44.232579394351724,bart_PC3_econ
2020,44.2329705181998,bart_PC3_econ
2020,44.235490542283145,bart_PC3_econ
2020,44.24064430823701,bart_PC3_econ
2020,44.23324362062363,bart_PC3_econ
2020,44.22288034670412,bart_PC3_econ
2020,44.22175240829925,bart_PC3_econ
2020,44.204398242012665,bart_PC3_econ
2020,44.21807541903104,bart_PC3_econ
2020,44.222351718473874,bart_PC3_econ
2020,44.218686104613155,bart_PC3_econ
2020,44.22706629190729,bart_PC3_econ
2020,44.219203738643,bart_PC3_econ
2020,44.21675751968037,bart_PC3_econ
2020,44.22249104962904,bart_PC3_econ
2020,44.21812801569039,bart_PC3_econ
2020,44.21097560462162,bart_PC3_econ
2020,44.21087132781734,bart_PC3_econ
2020,44.20848298907188,bart_PC3_econ
2020,44.206966146119605,bart_PC3_econ
2020,44.20335502401582,bart_PC3_econ
2020,44.20181708994506,bart_PC3_econ
2020,44.20095292076511,bart_PC3_econ
2020,44.201768818102614,bart_PC3_econ
2020,44.21236625604976,bart_PC3_econ
2020,44.211836008141006,bart_PC3_econ
2020,44.21309338478606,bart_PC3_econ
2020,44.20933235957614,bart_PC3_econ
2020,44.215412170517666,bart_PC3_econ
2020,44.20519814121169,bart_PC3_econ
2020,44.218210609875264,bart_PC3_econ
2020,44.219936913257044,bart_PC3_econ
2020,44.208281221661196,bart_PC3_econ
2020,44.19613286358934,bart_PC3_econ
2020,44.19255372075744,bart_PC3_econ
2020,44.1909186312446,bart_PC3_econ
2020,44.178331866906106,bart_PC3_econ
2020,44.190141299503324,bart_PC3_econ
2020,44.19284519671609,bart_PC3_econ
2020,44.19143389653725,bart_PC3_econ
2020,44.193773368930664,bart_PC3_econ
2020,44.189275488820705,bart_PC3_econ
2020,44.188559320437584,bart_PC3_econ
2020,44.19518000386874,bart_PC3_econ
2020,44.1933133595597,bart_PC3_econ
2020,44.192267505928726,bart_PC3_econ
2020,44.205658315192295,bart_PC3_econ
2020,44.2110490851428,bart_PC3_econ
2020,44.19807771472614,bart_PC3_econ
2020,44.2039336259587,bart_PC3_econ
2020,44.203811018623256,bart_PC3_econ
2020,44.20381800744559,bart_PC3_econ
2020,44.211210586661906,bart_PC3_econ
2020,44.199581943959636,bart_PC3_econ
2020,44.20815602040708,bart_PC3_econ
2020,44.21331663775805,bart_PC3_econ
2020,44.20942193319913,bart_PC3_econ
2020,44.21425267807824,bart_PC3_econ
2020,44.203596684105385,bart_PC3_econ
2020,44.21356561946338,bart_PC3_econ
2020,44.220132789555805,bart_PC3_econ
2020,44.210989706872674,bart_PC3_econ
2020,44.20780767432963,bart_PC3_econ
2020,44.20370570973926,bart_PC3_econ
2020,44.20385159107992,bart_PC3_econ
2020,44.22197274172415,bart_PC3_econ
2020,44.224667605349666,bart_PC3_econ
2020,44.22501346360509,bart_PC3_econ
2020,44.231628591297294,bart_PC3_econ
2020,44.22293571320735,bart_PC3_econ
2020,44.2268416767498,bart_PC3_econ
2020,44.21765802457563,bart_PC3_econ
2020,44.20675287667322,bart_PC3_econ
2020,44.206040232497344,bart_PC3_econ
2020,44.20875864228522,bart_PC3_econ
2020,44.207643741930326,bart_PC3_econ
2020,44.209024743153414,bart_PC3_econ
2020,44.21656861148819,bart_PC3_econ
2020,44.22511808732686,bart_PC3_econ
2020,44.21649739289141,bart_PC3_econ
2020,44.22003268246646,bart_PC3_econ
2020,44.199838142456244,bart_PC3_econ
2020,44.20598705364225,bart_PC3_econ
2020,44.20708851025816,bart_PC3_econ
2020,44.19510114942714,bart_PC3_econ
2020,44.18963263357265,bart_PC3_econ
2020,44.194928662670314,bart_PC3_econ
2020,44.194558190920056,bart_PC3_econ
2020,44.19243602991219,bart_PC3_econ
2020,44.184243377808144,bart_PC3_econ
2020,44.189091979298034,bart_PC3_econ
2020,44.19162631721034,bart_PC3_econ
2020,44.197143672555086,bart_PC3_econ
2020,44.19818247824135,bart_PC3_econ
2020,44.201043049156766,bart_PC3_econ
2020,44.20032199320069,bart_PC3_econ
2020,44.19922331646882,bart_PC3_econ
2020,44.208554586242286,bart_PC3_econ
2020,44.21031011481179,bart_PC3_econ
2020,44.211164170547754,bart_PC3_econ
2020,44.2193929365163,bart_PC3_econ
2020,44.22951393123842,bart_PC3_econ
2020,44.23207445467918,bart_PC3_econ
2020,44.22952567951816,bart_PC3_econ
2020,44.23781031579081,bart_PC3_econ
2020,44.254474647268566,bart_PC3_econ
2020,44.259248905869995,bart_PC3_econ
2020,44.25370264660261,bart_PC3_econ
2020,44.246882539150086,bart_PC3_econ
2020,44.23800067984572,bart_PC3_econ
2020,44.234001651081286,bart_PC3_econ
2020,44.23119504825438,bart_PC3_econ
2020,44.22248692768173,bart_PC3_econ
2020,44.21909169600248,bart_PC3_econ
2020,44.219637015532115,bart_PC3_econ
2020,44.22164280371647,bart_PC3_econ
2020,44.223435508361476,bart_PC3_econ
2020,44.2236940992964,bart_PC3_econ
2020,44.20721859782058,bart_PC3_econ
2020,44.20524976472554,bart_PC3_econ
2020,44.21184227266803,bart_PC3_econ
2020,44.2082372647613,bart_PC3_econ
2020,44.194731983084935,bart_PC3_econ
2020,44.19507990535748,bart_PC3_econ
2020,44.19332281568104,bart_PC3_econ
2020,44.18622511884451,bart_PC3_econ
2020,44.19779577860712,bart_PC3_econ
2020,44.199858876563056,bart_PC3_econ
2020,44.18560966361336,bart_PC3_econ
2020,44.18400483591546,bart_PC3_econ
2020,44.19872955608242,bart_PC3_econ
2020,44.19751135878988,bart_PC3_econ
2020,44.19832086581362,bart_PC3_econ
2020,44.201631390174846,bart_PC3_econ
2020,44.20005402527953,bart_PC3_econ
2020,44.19605743530491,bart_PC3_econ
2020,44.19583469644112,bart_PC3_econ
2020,44.189488258577825,bart_PC3_econ
2020,44.185287288328745,bart_PC3_econ
2020,44.186209223122724,bart_PC3_econ
2020,44.19472376732779,bart_PC3_econ
2020,44.19946376865315,bart_PC3_econ
2020,44.20858169111184,bart_PC3_econ
2020,44.21117890591936,bart_PC3_econ
2020,44.207915812310276,bart_PC3_econ
2020,44.21476658096444,bart_PC3_econ
2020,44.224377203563364,bart_PC3_econ
2020,44.236202673348465,bart_PC3_econ
2020,44.226326389412534,bart_PC3_econ
2020,44.22750284774732,bart_PC3_econ
2020,44.213281261243,bart_PC3_econ
2020,44.21919685686366,bart_PC3_econ
2020,44.217989289873316,bart_PC3_econ
2020,44.21387754556141,bart_PC3_econ
2020,44.205068375659245,bart_PC3_econ
2020,44.21041250602659,bart_PC3_econ
2020,44.21050951880183,bart_PC3_econ
2020,44.211819874760245,bart_PC3_econ
2020,44.212715928603764,bart_PC3_econ
2020,44.211320152699145,bart_PC3_econ
2020,44.21211447052994,bart_PC3_econ
2020,44.2057825112937,bart_PC3_econ
2020,44.216690551516514,bart_PC3_econ
2020,44.21977787840197,bart_PC3_econ
2020,44.21609592177097,bart_PC3_econ
2020,44.22416505292908,bart_PC3_econ
2020,44.23179109096857,bart_PC3_econ
2020,44.23652746597614,bart_PC3_econ
2020,44.23046770265866,bart_PC3_econ
2020,44.22394567979673,bart_PC3_econ
2020,44.21032583689034,bart_PC3_econ
2020,44.22396976738266,bart_PC3_econ
2020,44.22519603559626,bart_PC3_econ
2020,44.23247748031485,bart_PC3_econ
2020,44.24543057734192,bart_PC3_econ
2020,44.23937639964393,bart_PC3_econ
2020,44.24065139456302,bart_PC3_econ
2020,44.254059041835646,bart_PC3_econ
2020,44.25449441423558,bart_PC3_econ
2020,44.258713533142554,bart_PC3_econ
2020,44.23793165447682,bart_PC3_econ
2020,44.243188561065466,bart_PC3_econ
2020,44.243384726442144,bart_PC3_econ
2020,44.248923095201015,bart_PC3_econ
2020,44.240057019116044,bart_PC3_econ
2020,44.23677560189175,bart_PC3_econ
2020,44.24016989207839,bart_PC3_econ
2020,44.2354309008772,bart_PC3_econ
2020,44.23122654363566,bart_PC3_econ
2020,44.23660895285437,bart_PC3_econ
2020,44.2418383101288,bart_PC3_econ
2020,44.23638403398785,bart_PC3_econ
2020,44.23647638166013,bart_PC3_econ
2020,44.23318359102789,bart_PC3_econ
2020,44.23517397077141,bart_PC3_econ
2020,44.249792472986684,bart_PC3_econ
2020,44.2472394472409,bart_PC3_econ
2020,44.25834187508638,bart_PC3_econ
2020,44.26621660751743,bart_PC3_econ
2020,44.26334332624683,bart_PC3_econ
2020,44.258545186209155,bart_PC3_econ
2020,44.250742529129674,bart_PC3_econ
2020,44.246486208052424,bart_PC3_econ
2020,44.24570859699718,bart_PC3_econ
2020,44.25388672632627,bart_PC3_econ
2020,44.255703428229765,bart_PC3_econ
2020,44.255837820302645,bart_PC3_econ
2020,44.25995656533589,bart_PC3_econ
2020,44.271466568431464,bart_PC3_econ
2020,44.265009905286874,bart_PC3_econ
2020,44.26505138378337,bart_PC3_econ
2020,44.273325235534884,bart_PC3_econ
2020,44.284980075839464,bart_PC3_econ
2020,44.278643830894225,bart_PC3_econ
2020,44.280883817065565,bart_PC3_econ
2020,44.28999003624227,bart_PC3_econ
2020,44.300886920468486,bart_PC3_econ
2020,44.319218925703126,bart_PC3_econ
2020,44.32294534730883,bart_PC3_econ
2020,44.32804792734123,bart_PC3_econ
2020,44.33739489927786,bart_PC3_econ
2020,44.34519980303185,bart_PC3_econ
2020,44.35068816179457,bart_PC3_econ
2020,44.35335411208575,bart_PC3_econ
2020,44.35281100549967,bart_PC3_econ
2020,44.35479976672513,bart_PC3_econ
2020,44.35288684755352,bart_PC3_econ
2020,44.35843233837301,bart_PC3_econ
2020,44.365272111082696,bart_PC3_econ
2020,44.36246368811062,bart_PC3_econ
2020,44.36291339504723,bart_PC3_econ
2020,44.36027835568886,bart_PC3_econ
2020,44.36491691481058,bart_PC3_econ
2020,44.36907684818564,bart_PC3_econ
2020,44.36226156468217,bart_PC3_econ
2020,44.371212412664775,bart_PC3_econ
2020,44.36667249967074,bart_PC3_econ
2020,44.36169578604772,bart_PC3_econ
2020,44.363927051792515,bart_PC3_econ
2020,44.35892489912456,bart_PC3_econ
2020,44.35300504368401,bart_PC3_econ
2020,44.35057782872342,bart_PC3_econ
2020,44.34858227331945,bart_PC3_econ
2020,44.344787355489416,bart_PC3_econ
2020,44.34729851375192,bart_PC3_econ
2020,44.34976565105207,bart_PC3_econ
2020,44.33693679172739,bart_PC3_econ
2020,44.339272326791686,bart_PC3_econ
2020,44.33551440573928,bart_PC3_econ
2020,44.3313844565382,bart_PC3_econ
2020,44.335608491388584,bart_PC3_econ
2020,44.34300682351327,bart_PC3_econ
2020,44.351795683718144,bart_PC3_econ
2020,44.348641616664764,bart_PC3_econ
2020,44.35585257608091,bart_PC3_econ
2020,44.345503939226994,bart_PC3_econ
2020,44.35067141152655,bart_PC3_econ
2020,44.3526871767573,bart_PC3_econ
2020,44.35725558936138,bart_PC3_econ
2020,44.34800920757242,bart_PC3_econ
2020,44.34697820060714,bart_PC3_econ
2020,44.341578365281315,bart_PC3_econ
2020,44.33606513899529,bart_PC3_econ
2020,44.34116616274234,bart_PC3_econ
2020,44.33756787201787,bart_PC3_econ
2020,44.34317919419778,bart_PC3_econ
2020,44.34608612104045,bart_PC3_econ
2020,44.34049932625762,bart_PC3_econ
2020,44.34782491288896,bart_PC3_econ
2020,44.34735889824549,bart_PC3_econ
2020,44.35382194898247,bart_PC3_econ
2020,44.35428792988874,bart_PC3_econ
2020,44.35646732216084,bart_PC3_econ
2020,44.36123845506325,bart_PC3_econ
2020,44.36906442198571,bart_PC3_econ
2020,44.37110725107951,bart_PC3_econ
2020,44.370044107171324,bart_PC3_econ
2020,44.37778655493742,bart_PC3_econ
2020,44.38253465723403,bart_PC3_econ
2020,44.38458324265807,bart_PC3_econ
2020,44.383348399791025,bart_PC3_econ
2020,44.37917857862148,bart_PC3_econ
2020,44.37623327514303,bart_PC3_econ
2020,44.37392107085634,bart_PC3_econ
2020,44.370404884901454,bart_PC3_econ
2020,44.36875206554775,bart_PC3_econ
2020,44.364618277884595,bart_PC3_econ
2020,44.35651104572438,bart_PC3_econ
2020,44.35374927287002,bart_PC3_econ
2020,44.342705163721,bart_PC3_econ
2020,44.34437112572172,bart_PC3_econ
2020,44.34498553052737,bart_PC3_econ
2020,44.348319493872246,bart_PC3_econ
2020,44.34840885171696,bart_PC3_econ
2020,44.34464623689198,bart_PC3_econ
2020,44.341823166527234,bart_PC3_econ
2020,44.3439535152976,bart_PC3_econ
2020,44.34078473496954,bart_PC3_econ
2020,44.34942786783087,bart_PC3_econ
2020,44.352952982222654,bart_PC3_econ
2020,44.34615034528362,bart_PC3_econ
2020,44.34785982661461,bart_PC3_econ
2020,44.355444290338106,bart_PC3_econ
2020,44.35357464845396,bart_PC3_econ
2020,44.350181462817005,bart_PC3_econ
2020,44.34937878206567,bart_PC3_econ
2020,44.35302993290051,bart_PC3_econ
2020,44.3578955668895,bart_PC3_econ
2020,44.357952867259584,bart_PC3_econ
2020,44.36122874686511,bart_PC3_econ
2020,44.36202156997844,bart_PC3_econ
2020,44.35847201525004,bart_PC3_econ
2020,44.36101843156809,bart_PC3_econ
2020,44.36289898943498,bart_PC3_econ
2020,44.376205926792466,bart_PC3_econ
2020,44.38141744117096,bart_PC3_econ
2020,44.38334235067913,bart_PC3_econ
2020,44.37748457013822,bart_PC3_econ
2020,44.38218742008374,bart_PC3_econ
2020,44.378951892942986,bart_PC3_econ
2020,44.382637598755494,bart_PC3_econ
2020,44.382791842005545,bart_PC3_econ
2020,44.390458843297864,bart_PC3_econ
2020,44.38809489343942,bart_PC3_econ
2020,44.38219314098304,bart_PC3_econ
2020,44.37832292554188,bart_PC3_econ
2020,44.36914360701021,bart_PC3_econ
2020,44.36414773157156,bart_PC3_econ
2020,44.36470536128378,bart_PC3_econ
2020,44.35795417021942,bart_PC3_econ
2020,44.36164549973313,bart_PC3_econ
2020,44.356235915599854,bart_PC3_econ
2020,44.35785893249016,bart_PC3_econ
2020,44.35476797780766,bart_PC3_econ
2020,44.35239332380651,bart_PC3_econ
2020,44.35230731755249,bart_PC3_econ
2020,44.34955515812854,bart_PC3_econ
2020,44.345187619586895,bart_PC3_econ
2020,44.34161614416287,bart_PC3_econ
2020,44.33706295941772,bart_PC3_econ
2020,44.33796195813359,bart_PC3_econ
2020,44.344738558752965,bart_PC3_econ
2020,44.353190808532354,bart_PC3_econ
2020,44.350464944417375,bart_PC3_econ
2020,44.345294816272904,bart_PC3_econ
2020,44.341539636296254,bart_PC3_econ
2020,44.34156843750729,bart_PC3_econ
2020,44.33707664936611,bart_PC3_econ
2020,44.34190389959152,bart_PC3_econ
2020,44.34119992904334,bart_PC3_econ
2020,44.34503598884069,bart_PC3_econ
2020,44.34806638714645,bart_PC3_econ
2020,44.3402407059184,bart_PC3_econ
2020,44.33228623539671,bart_PC3_econ
2020,44.3214411620549,bart_PC3_econ
2020,44.325542672351716,bart_PC3_econ
2020,44.32932414569764,bart_PC3_econ
2020,44.324075870376284,bart_PC3_econ
2020,44.33001097126687,bart_PC3_econ
2020,44.32665034823428,bart_PC3_econ
2020,44.32569350604759,bart_PC3_econ
2020,44.32112646067577,bart_PC3_econ
2020,44.32437348037023,bart_PC3_econ
2020,44.33133481534693,bart_PC3_econ
2020,44.32638648904691,bart_PC3_econ
2020,44.326526732043234,bart_PC3_econ
2020,44.32385941016309,bart_PC3_econ
2020,44.322309427937185,bart_PC3_econ
2020,44.3167762329411,bart_PC3_econ
2020,44.318172025303674,bart_PC3_econ
2020,44.31776885672805,bart_PC3_econ
2020,44.31824720384682,bart_PC3_econ
2020,44.31794155021149,bart_PC3_econ
2020,44.304955656229026,bart_PC3_econ
2020,44.301229168798415,bart_PC3_econ
2020,44.301505544271656,bart_PC3_econ
2020,44.307619548116875,bart_PC3_econ
2020,44.30911751044,bart_PC3_econ
2020,44.31081550004208,bart_PC3_econ
2020,44.314137843149865,bart_PC3_econ
2020,44.31493406998712,bart_PC3_econ
2020,44.316581980569865,bart_PC3_econ
2020,44.307681243889235,bart_PC3_econ
2020,44.300748308628776,bart_PC3_econ
2020,44.30056715060618,bart_PC3_econ
2020,44.301747383249804,bart_PC3_econ
2020,44.306057470756045,bart_PC3_econ
2020,44.3109833397352,bart_PC3_econ
2020,44.31407447678348,bart_PC3_econ
2020,44.312602373708025,bart_PC3_econ
2020,44.32005702965101,bart_PC3_econ
2020,44.32373632475064,bart_PC3_econ
2020,44.32818271699598,bart_PC3_econ
2020,44.32998072274803,bart_PC3_econ
2020,44.33160354199104,bart_PC3_econ
2020,44.328275522352946,bart_PC3_econ
2020,44.33003224980049,bart_PC3_econ
2020,44.328613853775174,bart_PC3_econ
2020,44.32292470319029,bart_PC3_econ
2020,44.321274965713364,bart_PC3_econ
2020,44.31211176982694,bart_PC3_econ
2020,44.30445539319094,bart_PC3_econ
2020,44.30794079613551,bart_PC3_econ
2020,44.31215671414885,bart_PC3_econ
2020,44.31176478919119,bart_PC3_econ
2020,44.31044952842831,bart_PC3_econ
2020,44.30973807338495,bart_PC3_econ
2020,44.31714752337902,bart_PC3_econ
2020,44.31925597792307,bart_PC3_econ
2020,44.32373792721744,bart_PC3_econ
2020,44.32579438848146,bart_PC3_econ
2020,44.32711035268871,bart_PC3_econ
2020,44.32869741386507,bart_PC3_econ
2020,44.325358012220505,bart_PC3_econ
2020,44.32319429416714,bart_PC3_econ
2020,44.33068584674696,bart_PC3_econ
2020,44.32952872409108,bart_PC3_econ
2020,44.32927403168251,bart_PC3_econ
2020,44.32884934304104,bart_PC3_econ
2020,44.32343506197683,bart_PC3_econ
2020,44.3167370110699,bart_PC3_econ
2020,44.31627220807591,bart_PC3_econ
2020,44.32212112664712,bart_PC3_econ
2020,44.32089804451408,bart_PC3_econ
2020,44.31614238050449,bart_PC3_econ
2020,44.316440457640184,bart_PC3_econ
2020,44.321610424774256,bart_PC3_econ
2020,44.321292897060125,bart_PC3_econ
2020,44.33288250808546,bart_PC3_econ
2020,44.33397534369438,bart_PC3_econ
2020,44.34712391975824,bart_PC3_econ
2020,44.349011259055224,bart_PC3_econ
2020,44.34605729491546,bart_PC3_econ
2020,44.339527601145974,bart_PC3_econ
2020,44.335858825616974,bart_PC3_econ
2020,44.33950136090247,bart_PC3_econ
2020,44.3425713888713,bart_PC3_econ
2020,44.351957453118786,bart_PC3_econ
2020,44.35345391349515,bart_PC3_econ
2020,44.36109109383809,bart_PC3_econ
2020,44.35637797637503,bart_PC3_econ
2020,44.36264084906211,bart_PC3_econ
2020,44.3591797124595,bart_PC3_econ
2020,44.364713463561486,bart_PC3_econ
2020,44.362622980400424,bart_PC3_econ
2020,44.364808047920356,bart_PC3_econ
2020,44.37079013316643,bart_PC3_econ
2020,44.3677839849379,bart_PC3_econ
2020,44.365762779766,bart_PC3_econ
2020,44.36864719608605,bart_PC3_econ
2020,44.369017080258274,bart_PC3_econ
2020,44.355593110358406,bart_PC3_econ
2020,44.35605611419037,bart_PC3_econ
2020,44.35196722801847,bart_PC3_econ
2020,44.345619636645964,bart_PC3_econ
2020,44.34314566688435,bart_PC3_econ
2020,44.348148668057185,bart_PC3_econ
2020,44.35052850636665,bart_PC3_econ
2020,44.34564590812231,bart_PC3_econ
2020,44.351040119313076,bart_PC3_econ
2020,44.34718417332838,bart_PC3_econ
2020,44.34988748171284,bart_PC3_econ
2020,44.34983152627422,bart_PC3_econ
2020,44.35572839996601,bart_PC3_econ
2020,44.360603401035675,bart_PC3_econ
2020,44.35472710227545,bart_PC3_econ
2020,44.35984975069891,bart_PC3_econ
2020,44.36037229011856,bart_PC3_econ
2020,44.35657866626029,bart_PC3_econ
2020,44.35777034637373,bart_PC3_econ
2020,44.355292433649254,bart_PC3_econ
2020,44.36502880826064,bart_PC3_econ
2020,44.36098898795143,bart_PC3_econ
2020,44.361558404277744,bart_PC3_econ
2020,44.357908696986485,bart_PC3_econ
2020,44.36306406277096,bart_PC3_econ
2020,44.357396853253434,bart_PC3_econ
2020,44.36516213710135,bart_PC3_econ
2020,44.35948743999781,bart_PC3_econ
2020,44.36409326717524,bart_PC3_econ
2020,44.370243621150166,bart_PC3_econ
2020,44.36811633669165,bart_PC3_econ
2020,44.36676751084442,bart_PC3_econ
2020,44.368002153009506,bart_PC3_econ
2020,44.364022625753215,bart_PC3_econ
2020,44.36107922558562,bart_PC3_econ
2020,44.365206487739904,bart_PC3_econ
2020,44.36584897436286,bart_PC3_econ
2020,44.37032617169856,bart_PC3_econ
2020,44.37000532390681,bart_PC3_econ
2020,44.3678838738244,bart_PC3_econ
2020,44.362417376800636,bart_PC3_econ
2020,44.35892634065985,bart_PC3_econ
2020,44.359286116523904,bart_PC3_econ
2020,44.35912409412504,bart_PC3_econ
2020,44.36205053064325,bart_PC3_econ
2020,44.35918840086197,bart_PC3_econ
2020,44.362712551250425,bart_PC3_econ
2020,44.362468485602996,bart_PC3_econ
2020,44.362503740692695,bart_PC3_econ
2020,44.363886495218665,bart_PC3_econ
2020,44.3706524553355,bart_PC3_econ
2020,44.37697412491333,bart_PC3_econ
2020,44.372667998791,bart_PC3_econ
2020,44.380350723273565,bart_PC3_econ
2020,44.38811554798661,bart_PC3_econ
2020,44.391428698389646,bart_PC3_econ
2020,44.39361600205783,bart_PC3_econ
2020,44.40330752288911,bart_PC3_econ
2020,44.403900549765105,bart_PC3_econ
2020,44.39882077722618,bart_PC3_econ
2020,44.39998318746948,bart_PC3_econ
2020,44.4066029883852,bart_PC3_econ
2020,44.40993983152527,bart_PC3_econ
2020,44.4169106294873,bart_PC3_econ
2020,44.418418191508586,bart_PC3_econ
2020,44.416639064342554,bart_PC3_econ
2020,44.414912028134424,bart_PC3_econ
2020,44.415983323800724,bart_PC3_econ
2020,44.4158304145096,bart_PC3_econ
2020,44.41872503180053,bart_PC3_econ
2020,44.41696297183864,bart_PC3_econ
2020,44.419331993343775,bart_PC3_econ
2020,44.42440757225001,bart_PC3_econ
2020,44.42711009790441,bart_PC3_econ
2020,44.42709318410379,bart_PC3_econ
2020,44.42477247766414,bart_PC3_econ
2020,44.42682721650844,bart_PC3_econ
2020,44.42404817051151,bart_PC3_econ
2020,44.426242517034424,bart_PC3_econ
2020,44.425776310299206,bart_PC3_econ
2020,44.42891599655297,bart_PC3_econ
2020,44.42808272220033,bart_PC3_econ
2020,44.426314784159175,bart_PC3_econ
2020,44.42368785089789,bart_PC3_econ
2020,44.42763994285403,bart_PC3_econ
2020,44.42462597261428,bart_PC3_econ
2020,44.428274000584324,bart_PC3_econ
2020,44.42298529667822,bart_PC3_econ
2020,44.4190107320581,bart_PC3_econ
2020,44.41019956776222,bart_PC3_econ
2020,44.4073487170045,bart_PC3_econ
2020,44.407961056138,bart_PC3_econ
2020,44.40377584552549,bart_PC3_econ
2020,44.400551979912805,bart_PC3_econ
2020,44.39426109634805,bart_PC3_econ
2020,44.38965169418288,bart_PC3_econ
2020,44.38163765096249,bart_PC3_econ
2020,44.3730114985912,bart_PC3_econ
2020,44.372224387987984,bart_PC3_econ
2020,44.37067578157107,bart_PC3_econ
2020,44.37375562015639,bart_PC3_econ
2020,44.3776805047825,bart_PC3_econ
2020,44.37749148713574,bart_PC3_econ
2020,44.37489456011693,bart_PC3_econ
2020,44.38180317695777,bart_PC3_econ
2020,44.38446798526949,bart_PC3_econ
2020,44.38927716673982,bart_PC3_econ
2020,44.388732392844176,bart_PC3_econ
2020,44.3877584746237,bart_PC3_econ
2020,44.38804517435086,bart_PC3_econ
2020,44.393279786170275,bart_PC3_econ
2020,44.39511220866793,bart_PC3_econ
2020,44.38768618080859,bart_PC3_econ
2020,44.38973333213607,bart_PC3_econ
2020,44.390813103518525,bart_PC3_econ
2020,44.38541448529246,bart_PC3_econ
2020,44.37987169303473,bart_PC3_econ
2020,44.374758858126036,bart_PC3_econ
2020,44.37402601454158,bart_PC3_econ
2020,44.370778335785204,bart_PC3_econ
2020,44.37328031679706,bart_PC3_econ
2020,44.37361585725551,bart_PC3_econ
2020,44.37791288879593,bart_PC3_econ
2020,44.3730743360556,bart_PC3_econ
2020,44.37536365438544,bart_PC3_econ
2020,44.36840278038886,bart_PC3_econ
2020,44.36894932382429,bart_PC3_econ
2020,44.36541279575713,bart_PC3_econ
2020,44.35821262944687,bart_PC3_econ
2020,44.35587264776402,bart_PC3_econ
2020,44.361030370396975,bart_PC3_econ
2020,44.36615822631879,bart_PC3_econ
2020,44.36519331768781,bart_PC3_econ
2020,44.36406647981387,bart_PC3_econ
2020,44.361204913924794,bart_PC3_econ
2020,44.36283021857107,bart_PC3_econ
2020,44.362117952153234,bart_PC3_econ
2020,44.35598722849779,bart_PC3_econ
2020,44.3577821923819,bart_PC3_econ
2020,44.361280955938,bart_PC3_econ
2020,44.35186308779593,bart_PC3_econ
2020,44.34980213732869,bart_PC3_econ
2020,44.34791369352421,bart_PC3_econ
2020,44.345101614525134,bart_PC3_econ
2020,44.340798068720325,bart_PC3_econ
2020,44.33570953410164,bart_PC3_econ
2020,44.33482065352557,bart_PC3_econ
2020,44.33158126333824,bart_PC3_econ
2020,44.33263065264973,bart_PC3_econ
2020,44.3355479870442,bart_PC3_econ
2020,44.33320751321386,bart_PC3_econ
2020,44.33291360288599,bart_PC3_econ
2020,44.334313322917296,bart_PC3_econ
2020,44.3294994281806,bart_PC3_econ
2020,44.332217836660206,bart_PC3_econ
2020,44.32681581529654,bart_PC3_econ
2020,44.3211671382696,bart_PC3_econ
2020,44.324090885703775,bart_PC3_econ
2020,44.320630891764566,bart_PC3_econ
2020,44.32449564268386,bart_PC3_econ
2020,44.323657045549545,bart_PC3_econ
2020,44.318730759589386,bart_PC3_econ
2020,44.32130808932899,bart_PC3_econ
2020,44.31902318244272,bart_PC3_econ
2020,44.32047911785897,bart_PC3_econ
2020,44.32283058113282,bart_PC3_econ
2020,44.324897382291,bart_PC3_econ
2020,44.32583620247232,bart_PC3_econ
2020,44.32632560276669,bart_PC3_econ
2020,44.32967839722746,bart_PC3_econ
2020,44.33252194105517,bart_PC3_econ
2020,44.32950201675366,bart_PC3_econ
2020,44.32663384570809,bart_PC3_econ
2020,44.32704500108878,bart_PC3_econ
2020,44.32476616196729,bart_PC3_econ
2020,44.320910797565915,bart_PC3_econ
2020,44.31743976554429,bart_PC3_econ
2020,44.31398090204774,bart_PC3_econ
2020,44.32000058748474,bart_PC3_econ
2020,44.31727490072231,bart_PC3_econ
2020,44.319667974686695,bart_PC3_econ
2020,44.31980655597606,bart_PC3_econ
2020,44.31990370636638,bart_PC3_econ
2020,44.325713437012894,bart_PC3_econ
2020,44.3310356262997,bart_PC3_econ
2020,44.33078924672162,bart_PC3_econ
2020,44.33648275896112,bart_PC3_econ
2020,44.33415899921766,bart_PC3_econ
2020,44.33192512711262,bart_PC3_econ
2020,44.33217365625254,bart_PC3_econ
2020,44.33076888665872,bart_PC3_econ
2020,44.32866192718483,bart_PC3_econ
2020,44.328750555405385,bart_PC3_econ
2020,44.33334347606091,bart_PC3_econ
2020,44.33096249418279,bart_PC3_econ
2020,44.3216091142899,bart_PC3_econ
2020,44.31978188278963,bart_PC3_econ
2020,44.32186114589117,bart_PC3_econ
2020,44.32211638559681,bart_PC3_econ
2020,44.32370144350723,bart_PC3_econ
2020,44.32940534082078,bart_PC3_econ
2020,44.33729216541677,bart_PC3_econ
2020,44.33893539410608,bart_PC3_econ
2020,44.3354787059405,bart_PC3_econ
2020,44.33505791237492,bart_PC3_econ
2020,44.33380978022744,bart_PC3_econ
2020,44.330224923482795,bart_PC3_econ
2020,44.33280877445022,bart_PC3_econ
2020,44.33019582075941,bart_PC3_econ
2020,44.3271775797723,bart_PC3_econ
2020,44.330022740818286,bart_PC3_econ
2020,44.33122071604224,bart_PC3_econ
2024,43.98112982465007,bart_PC3_econ
2024,45.902481668082245,bart_PC3_econ
2024,46.78222752063546,bart_PC3_econ
2024,46.259370865019754,bart_PC3_econ
2024,45.63520269114983,bart_PC3_econ
2024,45.61204404264094,bart_PC3_econ
2024,45.44905663568115,bart_PC3_econ
2024,45.61549396956103,bart_PC3_econ
2024,46.28483145395825,bart_PC3_econ
2024,47.38174194390781,bart_PC3_econ
2024,48.30966425417651,bart_PC3_econ
2024,48.64119564517703,bart_PC3_econ
2024,48.7014881565562,bart_PC3_econ
2024,48.48370971518849,bart_PC3_econ
2024,48.30878668376269,bart_PC3_econ
2024,48.29699848475349,bart_PC3_econ
2024,48.35304070778551,bart_PC3_econ
2024,48.39537332885967,bart_PC3_econ
2024,48.22163774012055,bart_PC3_econ
2024,48.296204883783474,bart_PC3_econ
2024,48.60404225434519,bart_PC3_econ
2024,48.62745354474151,bart_PC3_econ
2024,48.46507001011063,bart_PC3_econ
2024,48.56325628899003,bart_PC3_econ
2024,48.5546912743148,bart_PC3_econ
2024,48.592317929645404,bart_PC3_econ
2024,48.33570414728155,bart_PC3_econ
2024,48.32221343409188,bart_PC3_econ
2024,48.19051780984963,bart_PC3_econ
2024,48.26172524641086,bart_PC3_econ
2024,48.22520450766415,bart_PC3_econ
2024,48.14248159945789,bart_PC3_econ
2024,48.02113840676649,bart_PC3_econ
2024,47.92890243255722,bart_PC3_econ
2024,47.78746713934365,bart_PC3_econ
2024,47.88697297495897,bart_PC3_econ
2024,47.83205372976332,bart_PC3_econ
2024,47.75600062873009,bart_PC3_econ
2024,47.703125801188264,bart_PC3_econ
2024,47.656416334270844,bart_PC3_econ
2024,47.67201038591139,bart_PC3_econ
2024,47.70317481114512,bart_PC3_econ
2024,47.65701314482629,bart_PC3_econ
2024,47.638573094181254,bart_PC3_econ
2024,47.567818362401525,bart_PC3_econ
2024,47.55972911186382,bart_PC3_econ
2024,47.45761422435524,bart_PC3_econ
2024,47.56958612064954,bart_PC3_econ
2024,47.52392093091251,bart_PC3_econ
2024,47.613897529266296,bart_PC3_econ
2024,47.60514331605643,bart_PC3_econ
2024,47.82565320084294,bart_PC3_econ
2024,47.81664694032787,bart_PC3_econ
2024,47.83105848144164,bart_PC3_econ
2024,47.83882147492353,bart_PC3_econ
2024,47.73332127220674,bart_PC3_econ
2024,47.79284254577491,bart_PC3_econ
2024,47.778978566487936,bart_PC3_econ
2024,47.7834625931561,bart_PC3_econ
2024,47.86647737849765,bart_PC3_econ
2024,47.88285967640598,bart_PC3_econ
2024,47.85189621830249,bart_PC3_econ
2024,47.842679013392825,bart_PC3_econ
2024,47.80222196767835,bart_PC3_econ
2024,47.8885005004069,bart_PC3_econ
2024,47.94801766382321,bart_PC3_econ
2024,47.87326027976887,bart_PC3_econ
2024,47.97737374160711,bart_PC3_econ
2024,47.89591662035089,bart_PC3_econ
2024,47.78100680509465,bart_PC3_econ
2024,47.75027101743808,bart_PC3_econ
2024,47.764404360969586,bart_PC3_econ
2024,47.75004293277976,bart_PC3_econ
2024,47.73425115792284,bart_PC3_econ
2024,47.67422956937283,bart_PC3_econ
2024,47.75849292488889,bart_PC3_econ
2024,47.67483767385801,bart_PC3_econ
2024,47.64891529111081,bart_PC3_econ
2024,47.613908471084414,bart_PC3_econ
2024,47.684938342448056,bart_PC3_econ
2024,47.659651187862366,bart_PC3_econ
2024,47.69911417975282,bart_PC3_econ
2024,47.66178751733537,bart_PC3_econ
2024,47.605344029218585,bart_PC3_econ
2024,47.618463841982376,bart_PC3_econ
2024,47.598169222525684,bart_PC3_econ
2024,47.58638388582984,bart_PC3_econ
2024,47.65786395409539,bart_PC3_econ
2024,47.64187466848919,bart_PC3_econ
2024,47.59519889157652,bart_PC3_econ
2024,47.55830109702265,bart_PC3_econ
2024,47.528341819123455,bart_PC3_econ
2024,47.513414253345516,bart_PC3_econ
2024,47.452952225030074,bart_PC3_econ
2024,47.435858756974476,bart_PC3_econ
2024,47.457204144054636,bart_PC3_econ
2024,47.453200159866554,bart_PC3_econ
2024,47.443146443096424,bart_PC3_econ
2024,47.46623467466846,bart_PC3_econ
2024,47.4466539698128,bart_PC3_econ
2024,47.39905437070122,bart_PC3_econ
2024,47.38819059091878,bart_PC3_econ
2024,47.40299285969377,bart_PC3_econ
2024,47.36619208798433,bart_PC3_econ
2024,47.376183364717356,bart_PC3_econ
2024,47.38758004669345,bart_PC3_econ
2024,47.417503827815736,bart_PC3_econ
2024,47.41111179798517,bart_PC3_econ
2024,47.458251542413414,bart_PC3_econ
2024,47.462781758973556,bart_PC3_econ
2024,47.4524730274469,bart_PC3_econ
2024,47.4424692257929,bart_PC3_econ
2024,47.45925349832114,bart_PC3_econ
2024,47.450126471598615,bart_PC3_econ
2024,47.409249182484565,bart_PC3_econ
2024,47.36635242171671,bart_PC3_econ
2024,47.4156022150282,bart_PC3_econ
2024,47.40181820497828,bart_PC3_econ
2024,47.37830593031174,bart_PC3_econ
2024,47.38769441539324,bart_PC3_econ
2024,47.36261067261343,bart_PC3_econ
2024,47.40699833529623,bart_PC3_econ
2024,47.4045836710014,bart_PC3_econ
2024,47.410977094322014,bart_PC3_econ
2024,47.40459445141792,bart_PC3_econ
2024,47.37552295369531,bart_PC3_econ
2024,47.3691020307494,bart_PC3_econ
2024,47.351978292198055,bart_PC3_econ
2024,47.306595946411946,bart_PC3_econ
2024,47.30631313692871,bart_PC3_econ
2024,47.29149394708959,bart_PC3_econ
2024,47.31522595558036,bart_PC3_econ
2024,47.31823145671953,bart_PC3_econ
2024,47.27279971877866,bart_PC3_econ
2024,47.22899223015885,bart_PC3_econ
2024,47.22173561126888,bart_PC3_econ
2024,47.191299563309926,bart_PC3_econ
2024,47.20653543712887,bart_PC3_econ
2024,47.18793801195124,bart_PC3_econ
2024,47.21427926427813,bart_PC3_econ
2024,47.23400495489024,bart_PC3_econ
2024,47.25085904172602,bart_PC3_econ
2024,47.25512952773897,bart_PC3_econ
2024,47.23427123527612,bart_PC3_econ
2024,47.19396056861059,bart_PC3_econ
2024,47.19252191164059,bart_PC3_econ
2024,47.22508713955591,bart_PC3_econ
2024,47.24264214466287,bart_PC3_econ
2024,47.21718505742124,bart_PC3_econ
2024,47.222549370211965,bart_PC3_econ
2024,47.174869475492,bart_PC3_econ
2024,47.168286794628294,bart_PC3_econ
2024,47.13905380470542,bart_PC3_econ
2024,47.15116563139716,bart_PC3_econ
2024,47.1303662731648,bart_PC3_econ
2024,47.090665879597,bart_PC3_econ
2024,47.05555877202165,bart_PC3_econ
2024,47.05749686380639,bart_PC3_econ
2024,47.11032266203016,bart_PC3_econ
2024,47.126735485071265,bart_PC3_econ
2024,47.172708673360304,bart_PC3_econ
2024,47.18296207546541,bart_PC3_econ
2024,47.17572960357835,bart_PC3_econ
2024,47.20158850708478,bart_PC3_econ
2024,47.23508198746557,bart_PC3_econ
2024,47.24986951257831,bart_PC3_econ
2024,47.2620008863576,bart_PC3_econ
2024,47.24484474671284,bart_PC3_econ
2024,47.294625448961824,bart_PC3_econ
2024,47.25692171161436,bart_PC3_econ
2024,47.296372037727586,bart_PC3_econ
2024,47.294457861307485,bart_PC3_econ
2024,47.27929114891349,bart_PC3_econ
2024,47.26154675463074,bart_PC3_econ
2024,47.26514487288268,bart_PC3_econ
2024,47.26416830658492,bart_PC3_econ
2024,47.23288750896356,bart_PC3_econ
2024,47.22954554440406,bart_PC3_econ
2024,47.24381270889904,bart_PC3_econ
2024,47.244928534654875,bart_PC3_econ
2024,47.25042933667485,bart_PC3_econ
2024,47.24685524288351,bart_PC3_econ
2024,47.263497712561076,bart_PC3_econ
2024,47.28289602800976,bart_PC3_econ
2024,47.279620850307055,bart_PC3_econ
2024,47.306021348057286,bart_PC3_econ
2024,47.27574540623989,bart_PC3_econ
2024,47.281047944807014,bart_PC3_econ
2024,47.26391367645837,bart_PC3_econ
2024,47.27035734256964,bart_PC3_econ
2024,47.28781885243336,bart_PC3_econ
2024,47.32295831529561,bart_PC3_econ
2024,47.327875585408094,bart_PC3_econ
2024,47.312050456510995,bart_PC3_econ
2024,47.28490000561179,bart_PC3_econ
2024,47.33339659774095,bart_PC3_econ
2024,47.34576375085631,bart_PC3_econ
2024,47.34232654124371,bart_PC3_econ
2024,47.33300232970225,bart_PC3_econ
2024,47.351723207840735,bart_PC3_econ
2024,47.34820761988614,bart_PC3_econ
2024,47.35341873659763,bart_PC3_econ
2024,47.35801316744367,bart_PC3_econ
2024,47.358564768774144,bart_PC3_econ
2024,47.35992628236523,bart_PC3_econ
2024,47.35527420637153,bart_PC3_econ
2024,47.35186456661209,bart_PC3_econ
2024,47.32560473543128,bart_PC3_econ
2024,47.34409132244892,bart_PC3_econ
2024,47.36861299524067,bart_PC3_econ
2024,47.35631891983793,bart_PC3_econ
2024,47.37611860812532,bart_PC3_econ
2024,47.383091669516126,bart_PC3_econ
2024,47.3974449460953,bart_PC3_econ
2024,47.40278302854986,bart_PC3_econ
2024,47.4023085951654,bart_PC3_econ
2024,47.38442420279392,bart_PC3_econ
2024,47.417346786909874,bart_PC3_econ
2024,47.44225847120644,bart_PC3_econ
2024,47.44658702873485,bart_PC3_econ
2024,47.450688780486054,bart_PC3_econ
2024,47.46990806814849,bart_PC3_econ
2024,47.46115586753699,bart_PC3_econ
2024,47.46139118112873,bart_PC3_econ
2024,47.44475080021762,bart_PC3_econ
2024,47.46812592209559,bart_PC3_econ
2024,47.45997433516167,bart_PC3_econ
2024,47.45468612421703,bart_PC3_econ
2024,47.45225131392481,bart_PC3_econ
2024,47.43884299822717,bart_PC3_econ
2024,47.442972897221864,bart_PC3_econ
2024,47.45035080407384,bart_PC3_econ
2024,47.440150371000435,bart_PC3_econ
2024,47.457348822006495,bart_PC3_econ
2024,47.44471472326177,bart_PC3_econ
2024,47.440944608563036,bart_PC3_econ
2024,47.41157142572898,bart_PC3_econ
2024,47.40500871610819,bart_PC3_econ
2024,47.376617321623684,bart_PC3_econ
2024,47.37310557696599,bart_PC3_econ
2024,47.39406159794425,bart_PC3_econ
2024,47.399477713204334,bart_PC3_econ
2024,47.399093696554274,bart_PC3_econ
2024,47.39667309519082,bart_PC3_econ
2024,47.398986349790356,bart_PC3_econ
2024,47.398250477958,bart_PC3_econ
2024,47.39881098637623,bart_PC3_econ
2024,47.41024770439673,bart_PC3_econ
2024,47.42529793458524,bart_PC3_econ
2024,47.41774903665701,bart_PC3_econ
2024,47.417559827076126,bart_PC3_econ
2024,47.423389638262364,bart_PC3_econ
2024,47.41838241587521,bart_PC3_econ
2024,47.425717787902684,bart_PC3_econ
2024,47.42136406807882,bart_PC3_econ
2024,47.427664406638264,bart_PC3_econ
2024,47.44723843858104,bart_PC3_econ
2024,47.445839417710744,bart_PC3_econ
2024,47.45581908118152,bart_PC3_econ
2024,47.45998771427307,bart_PC3_econ
2024,47.481682893532046,bart_PC3_econ
2024,47.503433171560815,bart_PC3_econ
2024,47.47757291962777,bart_PC3_econ
2024,47.474703065932616,bart_PC3_econ
2024,47.456696988917145,bart_PC3_econ
2024,47.45344278409604,bart_PC3_econ
2024,47.45125298917396,bart_PC3_econ
2024,47.46043586769299,bart_PC3_econ
2024,47.460369463438745,bart_PC3_econ
2024,47.45987739837343,bart_PC3_econ
2024,47.45766193312723,bart_PC3_econ
2024,47.45451075195467,bart_PC3_econ
2024,47.46858903998351,bart_PC3_econ
2024,47.47542085448457,bart_PC3_econ
2024,47.47691229461789,bart_PC3_econ
2024,47.48640704944505,bart_PC3_econ
2024,47.48373581973473,bart_PC3_econ
2024,47.47889880164635,bart_PC3_econ
2024,47.485170244944,bart_PC3_econ
2024,47.47614469578405,bart_PC3_econ
2024,47.47960663993722,bart_PC3_econ
2024,47.489178172350506,bart_PC3_econ
2024,47.47945322175935,bart_PC3_econ
2024,47.50493835089562,bart_PC3_econ
2024,47.49694837931704,bart_PC3_econ
2024,47.5209625923752,bart_PC3_econ
2024,47.53371437805088,bart_PC3_econ
2024,47.53187388070195,bart_PC3_econ
2024,47.54295259793497,bart_PC3_econ
2024,47.55172409308844,bart_PC3_econ
2024,47.56547244423378,bart_PC3_econ
2024,47.537477350781145,bart_PC3_econ
2024,47.5431114386749,bart_PC3_econ
2024,47.53638796496718,bart_PC3_econ
2024,47.53669603032756,bart_PC3_econ
2024,47.52098693811391,bart_PC3_econ
2024,47.51882318411427,bart_PC3_econ
2024,47.514027057889834,bart_PC3_econ
2024,47.532846378162226,bart_PC3_econ
2024,47.5603136161639,bart_PC3_econ
2024,47.567867647825324,bart_PC3_econ
2024,47.571710502798204,bart_PC3_econ
2024,47.570947611831265,bart_PC3_econ
2024,47.56660063283809,bart_PC3_econ
2024,47.55212290457325,bart_PC3_econ
2024,47.53510330553969,bart_PC3_econ
2024,47.526107479970875,bart_PC3_econ
2024,47.518228511682054,bart_PC3_econ
2024,47.51884504930955,bart_PC3_econ
2024,47.52152528488516,bart_PC3_econ
2024,47.53237776576434,bart_PC3_econ
2024,47.540440102531306,bart_PC3_econ
2024,47.53763745808643,bart_PC3_econ
2024,47.531111955811745,bart_PC3_econ
2024,47.53054142457575,bart_PC3_econ
2024,47.534634548731844,bart_PC3_econ
2024,47.5304563128413,bart_PC3_econ
2024,47.522121680636545,bart_PC3_econ
2024,47.527567579528935,bart_PC3_econ
2024,47.530979901519814,bart_PC3_econ
2024,47.55900570944499,bart_PC3_econ
2024,47.55801786864608,bart_PC3_econ
2024,47.57325535164108,bart_PC3_econ
2024,47.56316747842057,bart_PC3_econ
2024,47.5576879916942,bart_PC3_econ
2024,47.553579205692,bart_PC3_econ
2024,47.5432821690507,bart_PC3_econ
2024,47.51793873247374,bart_PC3_econ
2024,47.51932538656564,bart_PC3_econ
2024,47.51475206846146,bart_PC3_econ
2024,47.52177757541276,bart_PC3_econ
2024,47.53854879392516,bart_PC3_econ
2024,47.522314382507474,bart_PC3_econ
2024,47.519006602061545,bart_PC3_econ
2024,47.51533131215237,bart_PC3_econ
2024,47.51317418699128,bart_PC3_econ
2024,47.50826931089635,bart_PC3_econ
2024,47.53091600531944,bart_PC3_econ
2024,47.54587881394477,bart_PC3_econ
2024,47.540282490366835,bart_PC3_econ
2024,47.56130230266874,bart_PC3_econ
2024,47.55871731259301,bart_PC3_econ
2024,47.55754944584956,bart_PC3_econ
2024,47.547432372910784,bart_PC3_econ
2024,47.532119812377545,bart_PC3_econ
2024,47.542272972423866,bart_PC3_econ
2024,47.54752710022004,bart_PC3_econ
2024,47.55344094451115,bart_PC3_econ
2024,47.55426548822908,bart_PC3_econ
2024,47.545813224893045,bart_PC3_econ
2024,47.53522572760404,bart_PC3_econ
2024,47.53432236872816,bart_PC3_econ
2024,47.523720797094946,bart_PC3_econ
2024,47.50294133302933,bart_PC3_econ
2024,47.50204257005393,bart_PC3_econ
2024,47.47545003142203,bart_PC3_econ
2024,47.47862188418186,bart_PC3_econ
2024,47.48150007073323,bart_PC3_econ
2024,47.47786927632239,bart_PC3_econ
2024,47.476207458390476,bart_PC3_econ
2024,47.47665489529962,bart_PC3_econ
2024,47.480040248318666,bart_PC3_econ
2024,47.47389688385965,bart_PC3_econ
2024,47.46623031596927,bart_PC3_econ
2024,47.460849435046484,bart_PC3_econ
2024,47.473824814427715,bart_PC3_econ
2024,47.461592663889945,bart_PC3_econ
2024,47.472982060313186,bart_PC3_econ
2024,47.47201591916197,bart_PC3_econ
2024,47.468492386484826,bart_PC3_econ
2024,47.460688712384076,bart_PC3_econ
2024,47.46604446603094,bart_PC3_econ
2024,47.476323821392825,bart_PC3_econ
2024,47.46037238591075,bart_PC3_econ
2024,47.46678295786698,bart_PC3_econ
2024,47.466969100629,bart_PC3_econ
2024,47.476128647235726,bart_PC3_econ
2024,47.4785211619638,bart_PC3_econ
2024,47.47937780054213,bart_PC3_econ
2024,47.475211931575714,bart_PC3_econ
2024,47.48540655667455,bart_PC3_econ
2024,47.489240635404045,bart_PC3_econ
2024,47.47968383276307,bart_PC3_econ
2024,47.48068806536018,bart_PC3_econ
2024,47.48231675652344,bart_PC3_econ
2024,47.476516143659836,bart_PC3_econ
2024,47.49593486427688,bart_PC3_econ
2024,47.48169603987172,bart_PC3_econ
2024,47.487756956425734,bart_PC3_econ
2024,47.49306907819172,bart_PC3_econ
2024,47.47874979042149,bart_PC3_econ
2024,47.484001801702206,bart_PC3_econ
2024,47.49838773639789,bart_PC3_econ
2024,47.500944937160256,bart_PC3_econ
2024,47.49943951359633,bart_PC3_econ
2024,47.499837130614864,bart_PC3_econ
2024,47.507126265291,bart_PC3_econ
2024,47.51188557819622,bart_PC3_econ
2024,47.50614011145347,bart_PC3_econ
2024,47.497941337498105,bart_PC3_econ
2024,47.49551653908034,bart_PC3_econ
2024,47.493440232011594,bart_PC3_econ
2024,47.502004552189284,bart_PC3_econ
2024,47.49821361173633,bart_PC3_econ
2024,47.489866803045786,bart_PC3_econ
2024,47.49641040675917,bart_PC3_econ
2024,47.49621984605831,bart_PC3_econ
2024,47.4908075674418,bart_PC3_econ
2024,47.4758347942918,bart_PC3_econ
2024,47.471782026421145,bart_PC3_econ
2024,47.47777001847702,bart_PC3_econ
2024,47.47024955510342,bart_PC3_econ
2024,47.46659217506212,bart_PC3_econ
2024,47.463989094389575,bart_PC3_econ
2024,47.46877047211219,bart_PC3_econ
2024,47.484590632039655,bart_PC3_econ
2024,47.467965842597316,bart_PC3_econ
2024,47.47418113814223,bart_PC3_econ
2024,47.45787307070448,bart_PC3_econ
2024,47.46165838701277,bart_PC3_econ
2024,47.46065749117139,bart_PC3_econ
2024,47.45619882303109,bart_PC3_econ
2024,47.46017649360228,bart_PC3_econ
2024,47.458316486663904,bart_PC3_econ
2024,47.45779935675285,bart_PC3_econ
2024,47.46940948884702,bart_PC3_econ
2024,47.4654190196725,bart_PC3_econ
2024,47.46312473572601,bart_PC3_econ
2024,47.46580826377732,bart_PC3_econ
2024,47.48248473767421,bart_PC3_econ
2024,47.48487313802486,bart_PC3_econ
2024,47.488593481477324,bart_PC3_econ
2024,47.49166703005265,bart_PC3_econ
2024,47.48772428844534,bart_PC3_econ
2024,47.497595986068376,bart_PC3_econ
2024,47.504626228598994,bart_PC3_econ
2024,47.50828129680113,bart_PC3_econ
2024,47.521238052013445,bart_PC3_econ
2024,47.52325007127903,bart_PC3_econ
2024,47.51781874081861,bart_PC3_econ
2024,47.51521705646762,bart_PC3_econ
2024,47.51412924016253,bart_PC3_econ
2024,47.520702560109754,bart_PC3_econ
2024,47.53027265344881,bart_PC3_econ
2024,47.533899647348484,bart_PC3_econ
2024,47.52986865292955,bart_PC3_econ
2024,47.5103658446301,bart_PC3_econ
2024,47.504968714565486,bart_PC3_econ
2024,47.50459314844347,bart_PC3_econ
2024,47.49734874147548,bart_PC3_econ
2024,47.495917554045505,bart_PC3_econ
2024,47.495205669740784,bart_PC3_econ
2024,47.48790518845344,bart_PC3_econ
2024,47.49848583165629,bart_PC3_econ
2024,47.494707091642,bart_PC3_econ
2024,47.474306998678074,bart_PC3_econ
2024,47.470431261755095,bart_PC3_econ
2024,47.48181308015794,bart_PC3_econ
2024,47.47939729677001,bart_PC3_econ
2024,47.46321304526924,bart_PC3_econ
2024,47.45985431149235,bart_PC3_econ
2024,47.447691759688894,bart_PC3_econ
2024,47.44140047381005,bart_PC3_econ
2024,47.45197635329547,bart_PC3_econ
2024,47.45365413644321,bart_PC3_econ
2024,47.44648464694211,bart_PC3_econ
2024,47.44618777458824,bart_PC3_econ
2024,47.453254680907946,bart_PC3_econ
2024,47.45293374677245,bart_PC3_econ
2024,47.44539722850997,bart_PC3_econ
2024,47.435593445385,bart_PC3_econ
2024,47.42685244634924,bart_PC3_econ
2024,47.424818706446814,bart_PC3_econ
2024,47.428633980811334,bart_PC3_econ
2024,47.422680457641235,bart_PC3_econ
2024,47.41559164861858,bart_PC3_econ
2024,47.417279801223685,bart_PC3_econ
2024,47.42403463026453,bart_PC3_econ
2024,47.429181308189165,bart_PC3_econ
2024,47.44480457120769,bart_PC3_econ
2024,47.4474308198658,bart_PC3_econ
2024,47.44833233438421,bart_PC3_econ
2024,47.44644230288921,bart_PC3_econ
2024,47.44880638199021,bart_PC3_econ
2024,47.449208846066256,bart_PC3_econ
2024,47.44038774532183,bart_PC3_econ
2024,47.44032885429445,bart_PC3_econ
2024,47.43338515714055,bart_PC3_econ
2024,47.4381424526769,bart_PC3_econ
2024,47.4372906437695,bart_PC3_econ
2024,47.44446661551154,bart_PC3_econ
2024,47.43106811008106,bart_PC3_econ
2024,47.43711586181274,bart_PC3_econ
2024,47.43189695622432,bart_PC3_econ
2024,47.42452348569227,bart_PC3_econ
2024,47.43079779016307,bart_PC3_econ
2024,47.43591624240374,bart_PC3_econ
2024,47.434222855425396,bart_PC3_econ
2024,47.432806103041415,bart_PC3_econ
2024,47.438936543154774,bart_PC3_econ
2024,47.435108710448,bart_PC3_econ
2024,47.43019363183267,bart_PC3_econ
2024,47.444482095940124,bart_PC3_econ
2024,47.449959064729846,bart_PC3_econ
2024,47.45246030077874,bart_PC3_econ
2024,47.45317389987349,bart_PC3_econ
2024,47.44515527331425,bart_PC3_econ
2024,47.44066023347551,bart_PC3_econ
2024,47.45076358824585,bart_PC3_econ
2024,47.453852585125134,bart_PC3_econ
2024,47.46268241701572,bart_PC3_econ
2024,47.475036284340355,bart_PC3_econ
2024,47.46709452897911,bart_PC3_econ
2024,47.468206031864504,bart_PC3_econ
2024,47.47229194116616,bart_PC3_econ
2024,47.475601705996816,bart_PC3_econ
2024,47.482613556099864,bart_PC3_econ
2024,47.47587226862848,bart_PC3_econ
2024,47.48392568766073,bart_PC3_econ
2024,47.493359176350346,bart_PC3_econ
2024,47.4934028924537,bart_PC3_econ
2024,47.49476215929957,bart_PC3_econ
2024,47.493376878014175,bart_PC3_econ
2024,47.49348344969792,bart_PC3_econ
2024,47.485085412508994,bart_PC3_econ
2024,47.48116149558132,bart_PC3_econ
2024,47.48129628175856,bart_PC3_econ
2024,47.48771043271631,bart_PC3_econ
2024,47.485193019367024,bart_PC3_econ
2024,47.49634892584717,bart_PC3_econ
2024,47.488637496069586,bart_PC3_econ
2024,47.49363324716641,bart_PC3_econ
2024,47.49890409035472,bart_PC3_econ
2024,47.49496354018989,bart_PC3_econ
2024,47.49755732967106,bart_PC3_econ
2024,47.500247762438896,bart_PC3_econ
2024,47.496987847133866,bart_PC3_econ
2024,47.490508093457244,bart_PC3_econ
2024,47.48695191458493,bart_PC3_econ
2024,47.482061443285396,bart_PC3_econ
2024,47.47255997342779,bart_PC3_econ
2024,47.48132236638912,bart_PC3_econ
2024,47.48106280034712,bart_PC3_econ
2024,47.48407208528311,bart_PC3_econ
2024,47.4832474804529,bart_PC3_econ
2024,47.486453873678265,bart_PC3_econ
2024,47.47909470867322,bart_PC3_econ
2024,47.48756945710434,bart_PC3_econ
2024,47.49789114238315,bart_PC3_econ
2024,47.50458584990786,bart_PC3_econ
2024,47.50164119549157,bart_PC3_econ
2024,47.49958109019624,bart_PC3_econ
2024,47.50789135509584,bart_PC3_econ
2024,47.50966271784435,bart_PC3_econ
2024,47.5183575266236,bart_PC3_econ
2024,47.52329316216036,bart_PC3_econ
2024,47.53926614429728,bart_PC3_econ
2024,47.54213510510211,bart_PC3_econ
2024,47.546027021007035,bart_PC3_econ
2024,47.53940118967129,bart_PC3_econ
2024,47.54740962825588,bart_PC3_econ
2024,47.54654206721498,bart_PC3_econ
2024,47.546366395566935,bart_PC3_econ
2024,47.554475826784746,bart_PC3_econ
2024,47.55901993661454,bart_PC3_econ
2024,47.563367588836456,bart_PC3_econ
2024,47.57002581113965,bart_PC3_econ
2024,47.58190169293085,bart_PC3_econ
2024,47.57447615377283,bart_PC3_econ
2024,47.586678249729566,bart_PC3_econ
2024,47.598295395728655,bart_PC3_econ
2024,47.59123879972549,bart_PC3_econ
2024,47.58950039270464,bart_PC3_econ
2024,47.5843279626135,bart_PC3_econ
2024,47.56987947381139,bart_PC3_econ
2024,47.57235217710598,bart_PC3_econ
2024,47.569364052469226,bart_PC3_econ
2024,47.56382378148416,bart_PC3_econ
2024,47.556744468999696,bart_PC3_econ
2024,47.54963593694498,bart_PC3_econ
2024,47.544079559708,bart_PC3_econ
2024,47.5500669269284,bart_PC3_econ
2024,47.54810005081275,bart_PC3_econ
2024,47.537004142291046,bart_PC3_econ
2024,47.54869345387799,bart_PC3_econ
2024,47.55174214664001,bart_PC3_econ
2024,47.54449515948818,bart_PC3_econ
2024,47.54100219865989,bart_PC3_econ
2024,47.539692875935366,bart_PC3_econ
2024,47.54425631547285,bart_PC3_econ
2024,47.54439889403396,bart_PC3_econ
2024,47.55383966532997,bart_PC3_econ
2024,47.54939541047285,bart_PC3_econ
2024,47.553085403099914,bart_PC3_econ
2024,47.55292442956278,bart_PC3_econ
2024,47.56218084267806,bart_PC3_econ
2024,47.556787696033545,bart_PC3_econ
2024,47.56045647190747,bart_PC3_econ
2024,47.5504286452131,bart_PC3_econ
2024,47.55320183977554,bart_PC3_econ
2024,47.55026193143969,bart_PC3_econ
2024,47.55174428898778,bart_PC3_econ
2024,47.55812053782165,bart_PC3_econ
2024,47.565408007459176,bart_PC3_econ
2024,47.56368885087093,bart_PC3_econ
2024,47.57674161913574,bart_PC3_econ
2024,47.57456432965569,bart_PC3_econ
2024,47.57272628073885,bart_PC3_econ
2024,47.57321300725851,bart_PC3_econ
2024,47.58048623494198,bart_PC3_econ
2024,47.57776360449503,bart_PC3_econ
2024,47.574855328321874,bart_PC3_econ
2024,47.57579242340626,bart_PC3_econ
2024,47.573703937821925,bart_PC3_econ
2024,47.5808664566718,bart_PC3_econ
2024,47.584844886647275,bart_PC3_econ
2024,47.5878268994645,bart_PC3_econ
2024,47.59365041114247,bart_PC3_econ
2024,47.59644134966045,bart_PC3_econ
2024,47.59351180816801,bart_PC3_econ
2024,47.584739991285815,bart_PC3_econ
2024,47.58121941688533,bart_PC3_econ
2024,47.58605881828714,bart_PC3_econ
2024,47.58032350906319,bart_PC3_econ
2024,47.57675996390253,bart_PC3_econ
2024,47.57622471319972,bart_PC3_econ
2024,47.56559180176659,bart_PC3_econ
2024,47.5569868273825,bart_PC3_econ
2024,47.558418111999856,bart_PC3_econ
2024,47.55982039244723,bart_PC3_econ
2024,47.55511049614966,bart_PC3_econ
2024,47.55507783786878,bart_PC3_econ
2024,47.554840622427456,bart_PC3_econ
2024,47.56394976270808,bart_PC3_econ
2024,47.55645329616836,bart_PC3_econ
2024,47.56740835351291,bart_PC3_econ
2024,47.572727121922746,bart_PC3_econ
2024,47.57147752549893,bart_PC3_econ
2024,47.56640378995002,bart_PC3_econ
2024,47.56843790088875,bart_PC3_econ
2024,47.560742639159514,bart_PC3_econ
2024,47.55613174906674,bart_PC3_econ
2024,47.55230787195915,bart_PC3_econ
2024,47.55449386410131,bart_PC3_econ
2024,47.56231234974727,bart_PC3_econ
2024,47.559992417754565,bart_PC3_econ
2024,47.55672257116737,bart_PC3_econ
2024,47.55844683686606,bart_PC3_econ
2024,47.5544907047388,bart_PC3_econ
2024,47.55237442518066,bart_PC3_econ
2024,47.55169886677918,bart_PC3_econ
2024,47.563480402657646,bart_PC3_econ
2024,47.56685742489786,bart_PC3_econ
2024,47.56663968929516,bart_PC3_econ
2024,47.561253287258396,bart_PC3_econ
2024,47.57227327423171,bart_PC3_econ
2024,47.57248476206897,bart_PC3_econ
2024,47.58121037597902,bart_PC3_econ
2024,47.58220111196779,bart_PC3_econ
2024,47.592303949042,bart_PC3_econ
2024,47.59720224512729,bart_PC3_econ
2024,47.593387162825024,bart_PC3_econ
2024,47.58809385441417,bart_PC3_econ
2024,47.578627971989135,bart_PC3_econ
2024,47.573329838220204,bart_PC3_econ
2024,47.56224806128294,bart_PC3_econ
2024,47.56232759649439,bart_PC3_econ
2024,47.56797829475514,bart_PC3_econ
2024,47.563599654515066,bart_PC3_econ
2024,47.57203092821129,bart_PC3_econ
2024,47.57198061167857,bart_PC3_econ
2024,47.56944502994472,bart_PC3_econ
2024,47.57042255608171,bart_PC3_econ
2024,47.56969029088176,bart_PC3_econ
2024,47.56710740166784,bart_PC3_econ
2024,47.558472083870306,bart_PC3_econ
2024,47.55213384659975,bart_PC3_econ
2024,47.55565262110776,bart_PC3_econ
2024,47.56404552067143,bart_PC3_econ
2024,47.56775077526357,bart_PC3_econ
2024,47.56909593017475,bart_PC3_econ
2024,47.56093826597795,bart_PC3_econ
2024,47.55737478740384,bart_PC3_econ
2024,47.56075752895677,bart_PC3_econ
2024,47.560132630740384,bart_PC3_econ
2024,47.57014661854775,bart_PC3_econ
2024,47.57149819178297,bart_PC3_econ
2024,47.577580062894754,bart_PC3_econ
2024,47.57950954617067,bart_PC3_econ
2024,47.578450806105025,bart_PC3_econ
2024,47.579305700139734,bart_PC3_econ
2024,47.576933749205644,bart_PC3_econ
2024,47.590141208004034,bart_PC3_econ
2024,47.5951484363037,bart_PC3_econ
2024,47.588546136726976,bart_PC3_econ
2024,47.59492932253098,bart_PC3_econ
2024,47.589415717273795,bart_PC3_econ
2024,47.59053426232632,bart_PC3_econ
2024,47.59212484188238,bart_PC3_econ
2024,47.594009729365254,bart_PC3_econ
2024,47.59778473223115,bart_PC3_econ
2024,47.59724373976852,bart_PC3_econ
2024,47.59429004403984,bart_PC3_econ
2024,47.59238298787489,bart_PC3_econ
2024,47.598062071352395,bart_PC3_econ
2024,47.58978621907647,bart_PC3_econ
2024,47.59046939184753,bart_PC3_econ
2024,47.58746705753296,bart_PC3_econ
2024,47.5826297480432,bart_PC3_econ
2024,47.5894779885573,bart_PC3_econ
2024,47.57935702642248,bart_PC3_econ
2024,47.57628774265117,bart_PC3_econ
2024,47.57847372539346,bart_PC3_econ
2024,47.584539617180155,bart_PC3_econ
2024,47.58491073019363,bart_PC3_econ
2024,47.586278984367425,bart_PC3_econ
2024,47.58635077870559,bart_PC3_econ
2024,47.58545408484915,bart_PC3_econ
2024,47.58674751496308,bart_PC3_econ
2024,47.572756890312306,bart_PC3_econ
2024,47.5744094165776,bart_PC3_econ
2024,47.57417227010679,bart_PC3_econ
2024,47.576412173884925,bart_PC3_econ
2024,47.583271418929556,bart_PC3_econ
2024,47.588205496998725,bart_PC3_econ
2024,47.597923797691855,bart_PC3_econ
2024,47.60078977356336,bart_PC3_econ
2024,47.60885657717618,bart_PC3_econ
2024,47.61740647608101,bart_PC3_econ
2024,47.61941172451112,bart_PC3_econ
2024,47.62204269287651,bart_PC3_econ
2024,47.62454531335709,bart_PC3_econ
2024,47.61900670119271,bart_PC3_econ
2024,47.61687699330868,bart_PC3_econ
2024,47.61761730216328,bart_PC3_econ
2024,47.61152592991107,bart_PC3_econ
2024,47.60844165411548,bart_PC3_econ
2024,47.609332699029665,bart_PC3_econ
2024,47.60540994440732,bart_PC3_econ
2024,47.60190114077341,bart_PC3_econ
2024,47.6103887536123,bart_PC3_econ
2024,47.61253752431981,bart_PC3_econ
2024,47.60469634490018,bart_PC3_econ
2024,47.599993489097955,bart_PC3_econ
2024,47.60079440998847,bart_PC3_econ
2024,47.604631597335285,bart_PC3_econ
2024,47.60450045112776,bart_PC3_econ
2024,47.60058891115376,bart_PC3_econ
2024,47.600701600074046,bart_PC3_econ
2024,47.5992995343304,bart_PC3_econ
2024,47.60200107158667,bart_PC3_econ
2024,47.597071074453716,bart_PC3_econ
2024,47.59759955282593,bart_PC3_econ
2024,47.58970285792591,bart_PC3_econ
2024,47.5906524385256,bart_PC3_econ
2024,47.58756587925282,bart_PC3_econ
2024,47.58806846075845,bart_PC3_econ
2024,47.58980562302844,bart_PC3_econ
2024,47.58163316707398,bart_PC3_econ
2024,47.58138864370233,bart_PC3_econ
2024,47.57439380189939,bart_PC3_econ
2024,47.56748946128177,bart_PC3_econ
2024,47.57340536244888,bart_PC3_econ
2024,47.576479241704845,bart_PC3_econ
2024,47.577083599633355,bart_PC3_econ
2024,47.58196223481126,bart_PC3_econ
2024,47.58742207145538,bart_PC3_econ
2024,47.60362752143379,bart_PC3_econ
2024,47.59984738350536,bart_PC3_econ
2024,47.59583090295058,bart_PC3_econ
2024,47.59232316244389,bart_PC3_econ
2024,47.58926419022075,bart_PC3_econ
2024,47.58827687855315,bart_PC3_econ
2024,47.59132564221488,bart_PC3_econ
2024,47.59469520958013,bart_PC3_econ
2024,47.595397088991746,bart_PC3_econ
2024,47.603760942504664,bart_PC3_econ
2024,47.59980693192554,bart_PC3_econ
2024,47.60929051843782,bart_PC3_econ
2024,47.60582862673503,bart_PC3_econ
2024,47.60713627072018,bart_PC3_econ
2024,47.60569444436994,bart_PC3_econ
2024,47.60800404637606,bart_PC3_econ
2024,47.61407337948968,bart_PC3_econ
2024,47.616852928287585,bart_PC3_econ
2024,47.61477336878592,bart_PC3_econ
2024,47.61500311903364,bart_PC3_econ
2024,47.61437914164912,bart_PC3_econ
2024,47.604533915237205,bart_PC3_econ
2024,47.60159577212174,bart_PC3_econ
2024,47.593026853752534,bart_PC3_econ
2024,47.5960533927338,bart_PC3_econ
2024,47.60136835308633,bart_PC3_econ
2024,47.60501719691126,bart_PC3_econ
2024,47.6083326275137,bart_PC3_econ
2024,47.61043934317888,bart_PC3_econ
2024,47.61609879879785,bart_PC3_econ
2024,47.61601322617068,bart_PC3_econ
2024,47.61911370291671,bart_PC3_econ
2024,47.62000201245225,bart_PC3_econ
2024,47.62409759472769,bart_PC3_econ
2024,47.62766962080698,bart_PC3_econ
2024,47.618594027032316,bart_PC3_econ
2024,47.62182078683566,bart_PC3_econ
2024,47.61655804142585,bart_PC3_econ
2024,47.61322450290078,bart_PC3_econ
2024,47.613002852305414,bart_PC3_econ
2024,47.61344221077918,bart_PC3_econ
2024,47.61775531134069,bart_PC3_econ
2024,47.610333933673296,bart_PC3_econ
2024,47.613064463735014,bart_PC3_econ
2024,47.6110344452268,bart_PC3_econ
2024,47.61219144983674,bart_PC3_econ
2024,47.60385044875083,bart_PC3_econ
2024,47.609670028996604,bart_PC3_econ
2024,47.5995126043896,bart_PC3_econ
2024,47.60501092743438,bart_PC3_econ
2024,47.610843024337115,bart_PC3_econ
2024,47.60504647085679,bart_PC3_econ
2024,47.604495817046114,bart_PC3_econ
2024,47.59727030964318,bart_PC3_econ
2024,47.59279256343212,bart_PC3_econ
2024,47.592073498397674,bart_PC3_econ
2024,47.59436829751719,bart_PC3_econ
2024,47.5976459974323,bart_PC3_econ
2024,47.59617115148694,bart_PC3_econ
2024,47.593812660664426,bart_PC3_econ
2024,47.59054707316899,bart_PC3_econ
2024,47.58000365225107,bart_PC3_econ
2024,47.57600600348222,bart_PC3_econ
2024,47.57587379079017,bart_PC3_econ
2024,47.57789867759152,bart_PC3_econ
2024,47.5763862605353,bart_PC3_econ
2024,47.57106243143368,bart_PC3_econ
2024,47.570694257257216,bart_PC3_econ
2024,47.56743211042564,bart_PC3_econ
2024,47.57303259772576,bart_PC3_econ
2024,47.57584104499098,bart_PC3_econ
2024,47.57978181062644,bart_PC3_econ
2024,47.58146803473375,bart_PC3_econ
2024,47.58338659110296,bart_PC3_econ
2024,47.59072924488261,bart_PC3_econ
2024,47.59041794567774,bart_PC3_econ
2024,47.59362981557517,bart_PC3_econ
2024,47.5976802082734,bart_PC3_econ
2024,47.61098804639227,bart_PC3_econ
2024,47.60824757207631,bart_PC3_econ
2024,47.60070209431549,bart_PC3_econ
2024,47.601545789758845,bart_PC3_econ
2024,47.60043301706071,bart_PC3_econ
2024,47.599959305981805,bart_PC3_econ
2024,47.60362866658582,bart_PC3_econ
2024,47.60739914965117,bart_PC3_econ
2024,47.60504786940551,bart_PC3_econ
2024,47.598940849214586,bart_PC3_econ
2024,47.598684990260196,bart_PC3_econ
2024,47.59707548682239,bart_PC3_econ
2024,47.59848403751176,bart_PC3_econ
2024,47.59608920567409,bart_PC3_econ
2024,47.60236790285398,bart_PC3_econ
2024,47.60659397959828,bart_PC3_econ
2024,47.60431600737795,bart_PC3_econ
2024,47.602754061771265,bart_PC3_econ
2024,47.5992539870772,bart_PC3_econ
2024,47.6066968415817,bart_PC3_econ
2024,47.6007337794681,bart_PC3_econ
2024,47.60292223599217,bart_PC3_econ
2024,47.60655769719129,bart_PC3_econ
2024,47.610804408464254,bart_PC3_econ
2024,47.60915913072875,bart_PC3_econ
2024,47.60115843405201,bart_PC3_econ
2024,47.598275416435264,bart_PC3_econ
2024,47.59795211330441,bart_PC3_econ
2024,47.58977165608418,bart_PC3_econ
2024,47.595340944461206,bart_PC3_econ
2024,47.58946779991681,bart_PC3_econ
2024,47.58598525763532,bart_PC3_econ
2024,47.58462704794205,bart_PC3_econ
2024,47.58251021615882,bart_PC3_econ
2024,47.578135127348304,bart_PC3_econ
2024,47.569928701402404,bart_PC3_econ
2024,47.56428807344137,bart_PC3_econ
2024,47.55608322283691,bart_PC3_econ
2024,47.552955836388385,bart_PC3_econ
2024,47.548900415676755,bart_PC3_econ
2024,47.540924844943326,bart_PC3_econ
2024,47.53971453837961,bart_PC3_econ
2024,47.53095231508774,bart_PC3_econ
2024,47.53507201346434,bart_PC3_econ
2024,47.538916302381686,bart_PC3_econ
2024,47.53432206818015,bart_PC3_econ
2024,47.536451735788525,bart_PC3_econ
2024,47.55004831153848,bart_PC3_econ
2024,47.557015465960035,bart_PC3_econ
2024,47.56679730467518,bart_PC3_econ
2024,47.568304450211684,bart_PC3_econ
2024,47.56961320818321,bart_PC3_econ
2024,47.56992103273229,bart_PC3_econ
2024,47.57233890193092,bart_PC3_econ
2024,47.576829448999305,bart_PC3_econ
2024,47.57321673878519,bart_PC3_econ
2024,47.57613476594483,bart_PC3_econ
2024,47.574265724073655,bart_PC3_econ
2024,47.57236534346517,bart_PC3_econ
2024,47.569558188394595,bart_PC3_econ
2024,47.56802690765777,bart_PC3_econ
2024,47.57033200729052,bart_PC3_econ
2024,47.56778320788399,bart_PC3_econ
2024,47.56505618608705,bart_PC3_econ
2024,47.56521181122291,bart_PC3_econ
2024,47.56791564513806,bart_PC3_econ
2024,47.56560236010255,bart_PC3_econ
2024,47.57174185730476,bart_PC3_econ
2024,47.56974614835126,bart_PC3_econ
2024,47.57185907515059,bart_PC3_econ
2024,47.56907487546793,bart_PC3_econ
2024,47.563260576751695,bart_PC3_econ
2024,47.555007034782605,bart_PC3_econ
2024,47.56037558629791,bart_PC3_econ
2024,47.562449939005376,bart_PC3_econ
2024,47.55369357349451,bart_PC3_econ
2024,47.548287778686614,bart_PC3_econ
2024,47.54344303688981,bart_PC3_econ
2024,47.542488281201614,bart_PC3_econ
2024,47.54437610029285,bart_PC3_econ
2024,47.543830297348514,bart_PC3_econ
2024,47.54091736835696,bart_PC3_econ
2024,47.53768894221355,bart_PC3_econ
2024,47.52853870232608,bart_PC3_econ
2024,47.52181165294731,bart_PC3_econ
2024,47.52164939356574,bart_PC3_econ
2024,47.514769370191246,bart_PC3_econ
2024,47.51137382252073,bart_PC3_econ
2024,47.50737103130615,bart_PC3_econ
2024,47.504277431274524,bart_PC3_econ
2024,47.49719354363677,bart_PC3_econ
2024,47.502153942013415,bart_PC3_econ
2024,47.50725666793781,bart_PC3_econ
2024,47.50846243680603,bart_PC3_econ
2024,47.51345679511199,bart_PC3_econ
2024,47.50877152236335,bart_PC3_econ
2024,47.50346968178236,bart_PC3_econ
2024,47.503846413897946,bart_PC3_econ
2024,47.502002728585595,bart_PC3_econ
2024,47.49733978433918,bart_PC3_econ
2024,47.49870548560959,bart_PC3_econ
2024,47.49759896393953,bart_PC3_econ
2024,47.5006160788307,bart_PC3_econ
2024,47.49831580862039,bart_PC3_econ
2024,47.493946406794194,bart_PC3_econ
2024,47.4965143586698,bart_PC3_econ
2024,47.495657039779815,bart_PC3_econ
2024,47.49641009352535,bart_PC3_econ
2024,47.501262415179596,bart_PC3_econ
2024,47.49960981914147,bart_PC3_econ
2024,47.49993359986682,bart_PC3_econ
2024,47.50053774310064,bart_PC3_econ
2024,47.50214589473925,bart_PC3_econ
2024,47.50209166648844,bart_PC3_econ
2024,47.49669661190965,bart_PC3_econ
2024,47.49319341318528,bart_PC3_econ
2024,47.49196045847939,bart_PC3_econ
2024,47.488373298687016,bart_PC3_econ
2024,47.487287688019705,bart_PC3_econ
2024,47.48344309865346,bart_PC3_econ
2024,47.47330924505155,bart_PC3_econ
2024,47.47561538639647,bart_PC3_econ
2024,47.47832703031432,bart_PC3_econ
2024,47.47772009288259,bart_PC3_econ
2024,47.47995112958476,bart_PC3_econ
2024,47.480287302680225,bart_PC3_econ
2024,47.48387376212204,bart_PC3_econ
2024,47.48907684389354,bart_PC3_econ
2024,47.484612203175566,bart_PC3_econ
2024,47.488469336102895,bart_PC3_econ
2024,47.48886037284912,bart_PC3_econ
2024,47.48630080004266,bart_PC3_econ
2024,47.485995167059066,bart_PC3_econ
2024,47.484882257632556,bart_PC3_econ
2024,47.48312720036581,bart_PC3_econ
2024,47.48471970770629,bart_PC3_econ
2024,47.49399458609261,bart_PC3_econ
2024,47.49339311651178,bart_PC3_econ
2024,47.48876083787448,bart_PC3_econ
2024,47.486404927876336,bart_PC3_econ
2024,47.484417078613184,bart_PC3_econ
2024,47.48527625137012,bart_PC3_econ
2024,47.48706206812166,bart_PC3_econ
2024,47.49464728139998,bart_PC3_econ
2024,47.500487764740384,bart_PC3_econ
2024,47.49997928733396,bart_PC3_econ
2024,47.501693239368024,bart_PC3_econ
2024,47.50655768555593,bart_PC3_econ
2024,47.50806731240056,bart_PC3_econ
2024,47.50497742974369,bart_PC3_econ
2024,47.50819319649937,bart_PC3_econ
2024,47.50745508130375,bart_PC3_econ
2024,47.50672294914452,bart_PC3_econ
2024,47.51068922092801,bart_PC3_econ
2024,47.51084881922779,bart_PC3_econ
2016,47.25956019526441,bart_raw_econ
2016,46.24656944057401,bart_raw_econ
2016,46.32096060947026,bart_raw_econ
2016,47.37435488442727,bart_raw_econ
2016,48.233187369922945,bart_raw_econ
2016,47.31503362952075,bart_raw_econ
2016,46.42606242679381,bart_raw_econ
2016,46.64562038755694,bart_raw_econ
2016,47.140325319681416,bart_raw_econ
2016,47.31831799293866,bart_raw_econ
2016,48.21609241502614,bart_raw_econ
2016,48.544669081279544,bart_raw_econ
2016,48.75008804088,bart_raw_econ
2016,49.017539400001425,bart_raw_econ
2016,49.18520547549109,bart_raw_econ
2016,49.29866022795438,bart_raw_econ
2016,49.18495579790692,bart_raw_econ
2016,49.15907862033481,bart_raw_econ
2016,49.43121893221917,bart_raw_econ
2016,49.601465994351834,bart_raw_econ
2016,49.58447566115909,bart_raw_econ
2016,49.454316118999344,bart_raw_econ
2016,49.3560223174741,bart_raw_econ
2016,49.40760157920236,bart_raw_econ
2016,49.38421200601739,bart_raw_econ
2016,49.52153176844337,bart_raw_econ
2016,49.478036998602505,bart_raw_econ
2016,49.448050135177965,bart_raw_econ
2016,49.22275812377097,bart_raw_econ
2016,49.30676649719298,bart_raw_econ
2016,49.21082411354611,bart_raw_econ
2016,49.171956726067926,bart_raw_econ
2016,48.92013389209221,bart_raw_econ
2016,48.91622153557607,bart_raw_econ
2016,48.83285477039183,bart_raw_econ
2016,48.80976574816627,bart_raw_econ
2016,48.74565510623474,bart_raw_econ
2016,48.79882754698153,bart_raw_econ
2016,48.96414469948908,bart_raw_econ
2016,48.94246384632366,bart_raw_econ
2016,48.861297445901684,bart_raw_econ
2016,48.78708001949126,bart_raw_econ
2016,48.799241349180086,bart_raw_econ
2016,48.86246808707837,bart_raw_econ
2016,48.89102602438324,bart_raw_econ
2016,48.885994605514774,bart_raw_econ
2016,48.88107231387225,bart_raw_econ
2016,48.80698374682355,bart_raw_econ
2016,48.7888032600325,bart_raw_econ
2016,48.76346151450963,bart_raw_econ
2016,48.74837291410512,bart_raw_econ
2016,48.67016043291148,bart_raw_econ
2016,48.63485413945052,bart_raw_econ
2016,48.517826726220534,bart_raw_econ
2016,48.4610429197422,bart_raw_econ
2016,48.411602564508605,bart_raw_econ
2016,48.416857457346374,bart_raw_econ
2016,48.38517897482575,bart_raw_econ
2016,48.3703093243969,bart_raw_econ
2016,48.275389567301794,bart_raw_econ
2016,48.12800875619031,bart_raw_econ
2016,48.12557807185839,bart_raw_econ
2016,48.07236592000953,bart_raw_econ
2016,48.114639644563745,bart_raw_econ
2016,48.211419515967116,bart_raw_econ
2016,48.17081283367238,bart_raw_econ
2016,48.13225394371449,bart_raw_econ
2016,48.146719047012596,bart_raw_econ
2016,48.13834879232895,bart_raw_econ
2016,48.17031755880267,bart_raw_econ
2016,48.10994907716253,bart_raw_econ
2016,48.083945380086675,bart_raw_econ
2016,48.107679087370315,bart_raw_econ
2016,48.114569827482725,bart_raw_econ
2016,48.05159844956546,bart_raw_econ
2016,48.03806940720444,bart_raw_econ
2016,48.094891735840015,bart_raw_econ
2016,48.10474661513131,bart_raw_econ
2016,48.174743788510185,bart_raw_econ
2016,48.21302144219325,bart_raw_econ
2016,48.253004992476725,bart_raw_econ
2016,48.30860454674384,bart_raw_econ
2016,48.35082263640825,bart_raw_econ
2016,48.335876142302105,bart_raw_econ
2016,48.398765595245706,bart_raw_econ
2016,48.404996252569134,bart_raw_econ
2016,48.47271832333695,bart_raw_econ
2016,48.49062702855073,bart_raw_econ
2016,48.512541153862855,bart_raw_econ
2016,48.470537759240955,bart_raw_econ
2016,48.43084877341059,bart_raw_econ
2016,48.37490751614254,bart_raw_econ
2016,48.39671680692631,bart_raw_econ
2016,48.34418244004451,bart_raw_econ
2016,48.287826838546366,bart_raw_econ
2016,48.29037952803212,bart_raw_econ
2016,48.23296289457677,bart_raw_econ
2016,48.1826286787474,bart_raw_econ
2016,48.17537050476935,bart_raw_econ
2016,48.18298108933313,bart_raw_econ
2016,48.181083091977186,bart_raw_econ
2016,48.168416025054064,bart_raw_econ
2016,48.19263036734377,bart_raw_econ
2016,48.19757652499447,bart_raw_econ
2016,48.19330093452678,bart_raw_econ
2016,48.20006568948592,bart_raw_econ
2016,48.19505482566137,bart_raw_econ
2016,48.22238825314462,bart_raw_econ
2016,48.25242108094672,bart_raw_econ
2016,48.28127487145518,bart_raw_econ
2016,48.21998115607331,bart_raw_econ
2016,48.22714202906967,bart_raw_econ
2016,48.22583949448394,bart_raw_econ
2016,48.18439379172743,bart_raw_econ
2016,48.16719856176015,bart_raw_econ
2016,48.19796215141962,bart_raw_econ
2016,48.17566433441029,bart_raw_econ
2016,48.14334550811031,bart_raw_econ
2016,48.122522413183624,bart_raw_econ
2016,48.07134112546122,bart_raw_econ
2016,48.042444320664195,bart_raw_econ
2016,47.999738022998066,bart_raw_econ
2016,48.02035571731297,bart_raw_econ
2016,48.078170759736615,bart_raw_econ
2016,48.0615885450467,bart_raw_econ
2016,48.07399597790318,bart_raw_econ
2016,48.08451654945249,bart_raw_econ
2016,48.009776262975194,bart_raw_econ
2016,48.019170250261375,bart_raw_econ
2016,48.00699606093983,bart_raw_econ
2016,47.99385964940795,bart_raw_econ
2016,47.954585289173046,bart_raw_econ
2016,47.974904535126754,bart_raw_econ
2016,47.98509189541542,bart_raw_econ
2016,47.964233322203945,bart_raw_econ
2016,47.93122248759429,bart_raw_econ
2016,47.91438585706091,bart_raw_econ
2016,47.89166924574371,bart_raw_econ
2016,47.9006985323239,bart_raw_econ
2016,47.926847497069204,bart_raw_econ
2016,47.876406669112434,bart_raw_econ
2016,47.89365715910323,bart_raw_econ
2016,47.88823194622237,bart_raw_econ
2016,47.85018912709608,bart_raw_econ
2016,47.83623695307917,bart_raw_econ
2016,47.8456161411586,bart_raw_econ
2016,47.869226583034006,bart_raw_econ
2016,47.88931616987818,bart_raw_econ
2016,47.88524726497388,bart_raw_econ
2016,47.87486465458696,bart_raw_econ
2016,47.882705797770896,bart_raw_econ
2016,47.86683089007768,bart_raw_econ
2016,47.883407741907966,bart_raw_econ
2016,47.85952445087191,bart_raw_econ
2016,47.86687114743909,bart_raw_econ
2016,47.880074658683725,bart_raw_econ
2016,47.879076582751935,bart_raw_econ
2016,47.89753327519095,bart_raw_econ
2016,47.91640279062452,bart_raw_econ
2016,47.93689667482662,bart_raw_econ
2016,47.90803586273986,bart_raw_econ
2016,47.920080221103035,bart_raw_econ
2016,47.937301003743656,bart_raw_econ
2016,47.91928190422077,bart_raw_econ
2016,47.90969065856459,bart_raw_econ
2016,47.88320018707968,bart_raw_econ
2016,47.85750635679581,bart_raw_econ
2016,47.88251797264421,bart_raw_econ
2016,47.91207362492723,bart_raw_econ
2016,47.905260868277445,bart_raw_econ
2016,47.88529549232068,bart_raw_econ
2016,47.91080320111668,bart_raw_econ
2016,47.90334583859769,bart_raw_econ
2016,47.90825198757649,bart_raw_econ
2016,47.89144874023267,bart_raw_econ
2016,47.92708959344871,bart_raw_econ
2016,47.940399171942374,bart_raw_econ
2016,47.930868356917244,bart_raw_econ
2016,47.931259678782595,bart_raw_econ
2016,47.98502393790807,bart_raw_econ
2016,47.98864508579369,bart_raw_econ
2016,47.97093067407935,bart_raw_econ
2016,47.96187672816541,bart_raw_econ
2016,47.94926694446083,bart_raw_econ
2016,47.9585572658877,bart_raw_econ
2016,48.003345302289326,bart_raw_econ
2016,48.00420841380348,bart_raw_econ
2016,47.99530717826796,bart_raw_econ
2016,47.99657193895438,bart_raw_econ
2016,47.981287249952594,bart_raw_econ
2016,48.00637348865532,bart_raw_econ
2016,47.992703365280846,bart_raw_econ
2016,48.036725401167416,bart_raw_econ
2016,48.04097841172454,bart_raw_econ
2016,48.01349146065522,bart_raw_econ
2016,47.981765892687186,bart_raw_econ
2016,47.96305056598284,bart_raw_econ
2016,47.9870085628476,bart_raw_econ
2016,47.978493573472655,bart_raw_econ
2016,48.01219202473555,bart_raw_econ
2016,48.03173196505435,bart_raw_econ
2016,48.02420051750195,bart_raw_econ
2016,48.01512221603563,bart_raw_econ
2016,48.01926397470807,bart_raw_econ
2016,48.034123345991986,bart_raw_econ
2016,48.027149481368774,bart_raw_econ
2016,48.00282794587052,bart_raw_econ
2016,47.996362453279836,bart_raw_econ
2016,48.02334965313551,bart_raw_econ
2016,48.01827874563974,bart_raw_econ
2016,48.046256807862115,bart_raw_econ
2016,48.04131281264456,bart_raw_econ
2016,48.05369843497583,bart_raw_econ
2016,48.07605013519473,bart_raw_econ
2016,48.08642466310927,bart_raw_econ
2016,48.08997135884319,bart_raw_econ
2016,48.104746303756556,bart_raw_econ
2016,48.115205065979765,bart_raw_econ
2016,48.12794193383647,bart_raw_econ
2016,48.11683082957921,bart_raw_econ
2016,48.101181543307405,bart_raw_econ
2016,48.11108153479851,bart_raw_econ
2016,48.09375438887406,bart_raw_econ
2016,48.089425637511866,bart_raw_econ
2016,48.099297414924116,bart_raw_econ
2016,48.12050020993641,bart_raw_econ
2016,48.14686820623257,bart_raw_econ
2016,48.13566062676587,bart_raw_econ
2016,48.1398522279404,bart_raw_econ
2016,48.16512786099521,bart_raw_econ
2016,48.154092128591444,bart_raw_econ
2016,48.14531619377384,bart_raw_econ
2016,48.148448244391275,bart_raw_econ
2016,48.152345803554624,bart_raw_econ
2016,48.193727761693935,bart_raw_econ
2016,48.213374477055424,bart_raw_econ
2016,48.20639193556349,bart_raw_econ
2016,48.206278590486484,bart_raw_econ
2016,48.17566468801343,bart_raw_econ
2016,48.201496592564666,bart_raw_econ
2016,48.22111807947568,bart_raw_econ
2016,48.23289876057054,bart_raw_econ
2016,48.21050251076497,bart_raw_econ
2016,48.236771408239036,bart_raw_econ
2016,48.236505932576904,bart_raw_econ
2016,48.2172343926443,bart_raw_econ
2016,48.20159122723768,bart_raw_econ
2016,48.17598090070764,bart_raw_econ
2016,48.17041715557197,bart_raw_econ
2016,48.16906790835647,bart_raw_econ
2016,48.16364605602596,bart_raw_econ
2016,48.15622770901401,bart_raw_econ
2016,48.16255479638239,bart_raw_econ
2016,48.17697485934531,bart_raw_econ
2016,48.16422342586755,bart_raw_econ
2016,48.18553723039882,bart_raw_econ
2016,48.1859192402122,bart_raw_econ
2016,48.19379021468006,bart_raw_econ
2016,48.17615093339218,bart_raw_econ
2016,48.17519868310208,bart_raw_econ
2016,48.18623369149548,bart_raw_econ
2016,48.17820031584672,bart_raw_econ
2016,48.17309432870976,bart_raw_econ
2016,48.16482437982678,bart_raw_econ
2016,48.1435358078746,bart_raw_econ
2016,48.139970368872,bart_raw_econ
2016,48.150489193351774,bart_raw_econ
2016,48.151472748120725,bart_raw_econ
2016,48.170331613983876,bart_raw_econ
2016,48.169042763906845,bart_raw_econ
2016,48.1654426227146,bart_raw_econ
2016,48.180753473565765,bart_raw_econ
2016,48.196417188235905,bart_raw_econ
2016,48.1834710055896,bart_raw_econ
2016,48.19998330388569,bart_raw_econ
2016,48.19330127668755,bart_raw_econ
2016,48.18689155134579,bart_raw_econ
2016,48.1555701084159,bart_raw_econ
2016,48.16043574528968,bart_raw_econ
2016,48.16709724270399,bart_raw_econ
2016,48.16135213965488,bart_raw_econ
2016,48.18274755684695,bart_raw_econ
2016,48.15678153399103,bart_raw_econ
2016,48.1714688496914,bart_raw_econ
2016,48.15678798613977,bart_raw_econ
2016,48.15560772317648,bart_raw_econ
2016,48.14010615848133,bart_raw_econ
2016,48.145422545610224,bart_raw_econ
2016,48.15149003754573,bart_raw_econ
2016,48.15310254718369,bart_raw_econ
2016,48.15673275906622,bart_raw_econ
2016,48.14086147290934,bart_raw_econ
2016,48.13964624054265,bart_raw_econ
2016,48.14220373541038,bart_raw_econ
2016,48.15900302240253,bart_raw_econ
2016,48.15389520029471,bart_raw_econ
2016,48.141347862806,bart_raw_econ
2016,48.131018092081945,bart_raw_econ
2016,48.13056000959377,bart_raw_econ
2016,48.12780887839254,bart_raw_econ
2016,48.10749562570026,bart_raw_econ
2016,48.11395322846159,bart_raw_econ
2016,48.10703822459696,bart_raw_econ
2016,48.09470311253086,bart_raw_econ
2016,48.07506109702282,bart_raw_econ
2016,48.06053626501557,bart_raw_econ
2016,48.04913047786016,bart_raw_econ
2016,48.04634501920086,bart_raw_econ
2016,48.06818778105182,bart_raw_econ
2016,48.0547562718071,bart_raw_econ
2016,48.018516635135015,bart_raw_econ
2016,48.02502183912829,bart_raw_econ
2016,48.060587398592546,bart_raw_econ
2016,48.06137761924827,bart_raw_econ
2016,48.07777638914083,bart_raw_econ
2016,48.07763054047477,bart_raw_econ
2016,48.07429369022996,bart_raw_econ
2016,48.07250345417657,bart_raw_econ
2016,48.064244284919425,bart_raw_econ
2016,48.08409794061757,bart_raw_econ
2016,48.08449605699177,bart_raw_econ
2016,48.075612119365786,bart_raw_econ
2016,48.071919237218445,bart_raw_econ
2016,48.07744680207838,bart_raw_econ
2016,48.08555790625847,bart_raw_econ
2016,48.07834241744124,bart_raw_econ
2016,48.072319807064666,bart_raw_econ
2016,48.066467815366366,bart_raw_econ
2016,48.07803874255702,bart_raw_econ
2016,48.07976828621231,bart_raw_econ
2016,48.09548987858177,bart_raw_econ
2016,48.10676627479208,bart_raw_econ
2016,48.10218088472113,bart_raw_econ
2016,48.09987998777028,bart_raw_econ
2016,48.1018873109172,bart_raw_econ
2016,48.09949999825051,bart_raw_econ
2016,48.098430961043874,bart_raw_econ
2016,48.086355048540256,bart_raw_econ
2016,48.104245866436315,bart_raw_econ
2016,48.08978504419841,bart_raw_econ
2016,48.093630378968996,bart_raw_econ
2016,48.090329161380126,bart_raw_econ
2016,48.08565633275674,bart_raw_econ
2016,48.07903795070325,bart_raw_econ
2016,48.0771883563835,bart_raw_econ
2016,48.10088174524983,bart_raw_econ
2016,48.10262844965677,bart_raw_econ
2016,48.11109499119838,bart_raw_econ
2016,48.11200175503314,bart_raw_econ
2016,48.11709227479483,bart_raw_econ
2016,48.11328360848999,bart_raw_econ
2016,48.105934389689224,bart_raw_econ
2016,48.130425578284516,bart_raw_econ
2016,48.12684290159642,bart_raw_econ
2016,48.12749678718412,bart_raw_econ
2016,48.13422784693138,bart_raw_econ
2016,48.13490593295769,bart_raw_econ
2016,48.1563728828065,bart_raw_econ
2016,48.15894653229817,bart_raw_econ
2016,48.16595844661465,bart_raw_econ
2016,48.17652856957876,bart_raw_econ
2016,48.194640591816075,bart_raw_econ
2016,48.197781969381495,bart_raw_econ
2016,48.194619212796994,bart_raw_econ
2016,48.21815669284243,bart_raw_econ
2016,48.2223766205187,bart_raw_econ
2016,48.21652670852322,bart_raw_econ
2016,48.212692704593366,bart_raw_econ
2016,48.20663436327786,bart_raw_econ
2016,48.21270245339917,bart_raw_econ
2016,48.20549185710917,bart_raw_econ
2016,48.18888593876102,bart_raw_econ
2016,48.189335798876265,bart_raw_econ
2016,48.1907185777606,bart_raw_econ
2016,48.191011362038196,bart_raw_econ
2016,48.18671279200693,bart_raw_econ
2016,48.19192210121,bart_raw_econ
2016,48.173654186115,bart_raw_econ
2016,48.16239964795718,bart_raw_econ
2016,48.1731199502703,bart_raw_econ
2016,48.174281538651925,bart_raw_econ
2016,48.17438113271847,bart_raw_econ
2016,48.167703471791356,bart_raw_econ
2016,48.17849443990438,bart_raw_econ
2016,48.18629906002552,bart_raw_econ
2016,48.18186776268731,bart_raw_econ
2016,48.18908270681911,bart_raw_econ
2016,48.181472488243855,bart_raw_econ
2016,48.17697786834871,bart_raw_econ
2016,48.18210352809392,bart_raw_econ
2016,48.19044440004559,bart_raw_econ
2016,48.19100315297102,bart_raw_econ
2016,48.19215738810213,bart_raw_econ
2016,48.193679427974814,bart_raw_econ
2016,48.17572805222114,bart_raw_econ
2016,48.16334559916195,bart_raw_econ
2016,48.16008383977204,bart_raw_econ
2016,48.16245592954505,bart_raw_econ
2016,48.16709499136334,bart_raw_econ
2016,48.162211665892045,bart_raw_econ
2016,48.15704300831681,bart_raw_econ
2016,48.15850799366167,bart_raw_econ
2016,48.14283764740134,bart_raw_econ
2016,48.15021026249584,bart_raw_econ
2016,48.16011735818251,bart_raw_econ
2016,48.167610437747584,bart_raw_econ
2016,48.166499774857215,bart_raw_econ
2016,48.16224937017825,bart_raw_econ
2016,48.17749290861212,bart_raw_econ
2016,48.178404784600225,bart_raw_econ
2016,48.17711011536031,bart_raw_econ
2016,48.17416635146998,bart_raw_econ
2016,48.1774182250674,bart_raw_econ
2016,48.19068795622184,bart_raw_econ
2016,48.18652567948159,bart_raw_econ
2016,48.18762248655054,bart_raw_econ
2016,48.190662449297555,bart_raw_econ
2016,48.17841653815972,bart_raw_econ
2016,48.17828587528698,bart_raw_econ
2016,48.18855734693385,bart_raw_econ
2016,48.18727585905422,bart_raw_econ
2016,48.18127335394503,bart_raw_econ
2016,48.183101880923125,bart_raw_econ
2016,48.18942900830735,bart_raw_econ
2016,48.19663165197957,bart_raw_econ
2016,48.194574006691596,bart_raw_econ
2016,48.200237745714546,bart_raw_econ
2016,48.2085322690602,bart_raw_econ
2016,48.197229339374495,bart_raw_econ
2016,48.19795120742832,bart_raw_econ
2016,48.18695648091085,bart_raw_econ
2016,48.18817143341208,bart_raw_econ
2016,48.19408177491715,bart_raw_econ
2016,48.18688055635551,bart_raw_econ
2016,48.18495676511833,bart_raw_econ
2016,48.19592148557724,bart_raw_econ
2016,48.20673351663,bart_raw_econ
2016,48.217237573046134,bart_raw_econ
2016,48.217689290341106,bart_raw_econ
2016,48.21919133290877,bart_raw_econ
2016,48.2222567269675,bart_raw_econ
2016,48.216965694860036,bart_raw_econ
2016,48.205867228777436,bart_raw_econ
2016,48.211160945318305,bart_raw_econ
2016,48.214393107228744,bart_raw_econ
2016,48.207726739849306,bart_raw_econ
2016,48.20274550285383,bart_raw_econ
2016,48.19430615984264,bart_raw_econ
2016,48.181842314065776,bart_raw_econ
2016,48.18440913265089,bart_raw_econ
2016,48.185446386718695,bart_raw_econ
2016,48.18697799776227,bart_raw_econ
2016,48.188281737649255,bart_raw_econ
2016,48.18433573505781,bart_raw_econ
2016,48.18334318123818,bart_raw_econ
2016,48.19529270498125,bart_raw_econ
2016,48.20927120794896,bart_raw_econ
2016,48.20752001805176,bart_raw_econ
2016,48.20429872600472,bart_raw_econ
2016,48.19812559187179,bart_raw_econ
2016,48.20694424455764,bart_raw_econ
2016,48.2076391639539,bart_raw_econ
2016,48.210812243584186,bart_raw_econ
2016,48.197846552132916,bart_raw_econ
2016,48.19153937746103,bart_raw_econ
2016,48.2056645122622,bart_raw_econ
2016,48.20377393815558,bart_raw_econ
2016,48.220588732002426,bart_raw_econ
2016,48.223066353504684,bart_raw_econ
2016,48.22384648800395,bart_raw_econ
2016,48.21768246263977,bart_raw_econ
2016,48.21282003123354,bart_raw_econ
2016,48.203676266034876,bart_raw_econ
2016,48.202140483617185,bart_raw_econ
2016,48.19366352693611,bart_raw_econ
2016,48.19668429410188,bart_raw_econ
2016,48.18164146718428,bart_raw_econ
2016,48.17575778528018,bart_raw_econ
2016,48.17088803034062,bart_raw_econ
2016,48.17062199307363,bart_raw_econ
2016,48.17269576506029,bart_raw_econ
2016,48.16938969520033,bart_raw_econ
2016,48.16343063346656,bart_raw_econ
2016,48.15809570000231,bart_raw_econ
2016,48.1517529947146,bart_raw_econ
2016,48.139827165677275,bart_raw_econ
2016,48.135646554335956,bart_raw_econ
2016,48.13424925920053,bart_raw_econ
2016,48.12673248499085,bart_raw_econ
2016,48.126452730656645,bart_raw_econ
2016,48.123272465459166,bart_raw_econ
2016,48.12261025607604,bart_raw_econ
2016,48.132974549348376,bart_raw_econ
2016,48.12667794261438,bart_raw_econ
2016,48.128342377148186,bart_raw_econ
2016,48.12038998629323,bart_raw_econ
2016,48.12233618984157,bart_raw_econ
2016,48.13164278545709,bart_raw_econ
2016,48.14245778286204,bart_raw_econ
2016,48.14832698726457,bart_raw_econ
2016,48.14598253974892,bart_raw_econ
2016,48.153687442360656,bart_raw_econ
2016,48.152060029873255,bart_raw_econ
2016,48.154042416801026,bart_raw_econ
2016,48.15675092751849,bart_raw_econ
2016,48.158192171337305,bart_raw_econ
2016,48.16798846466386,bart_raw_econ
2016,48.17639508621096,bart_raw_econ
2016,48.16825319797136,bart_raw_econ
2016,48.159926088344164,bart_raw_econ
2016,48.158834868241236,bart_raw_econ
2016,48.167163846501595,bart_raw_econ
2016,48.164571339384594,bart_raw_econ
2016,48.16531873519619,bart_raw_econ
2016,48.16685956151382,bart_raw_econ
2016,48.16122607364793,bart_raw_econ
2016,48.15700254812637,bart_raw_econ
2016,48.1661368601298,bart_raw_econ
2016,48.169139296371554,bart_raw_econ
2016,48.16414162979673,bart_raw_econ
2016,48.16956957481635,bart_raw_econ
2016,48.170766319047054,bart_raw_econ
2016,48.175893263106374,bart_raw_econ
2016,48.18189143027143,bart_raw_econ
2016,48.180325615249004,bart_raw_econ
2016,48.176396903382226,bart_raw_econ
2016,48.18013229637191,bart_raw_econ
2016,48.17557873655939,bart_raw_econ
2016,48.17438190380895,bart_raw_econ
2016,48.16483914259102,bart_raw_econ
2016,48.16318857197048,bart_raw_econ
2016,48.17224481699014,bart_raw_econ
2016,48.176303828323924,bart_raw_econ
2016,48.17518849937659,bart_raw_econ
2016,48.17528438193974,bart_raw_econ
2016,48.1797812403742,bart_raw_econ
2016,48.164602603928365,bart_raw_econ
2016,48.16230323941162,bart_raw_econ
2016,48.158260611950816,bart_raw_econ
2016,48.16382107858255,bart_raw_econ
2016,48.1586187654066,bart_raw_econ
2016,48.16728938021251,bart_raw_econ
2016,48.16094127349515,bart_raw_econ
2016,48.16119646811413,bart_raw_econ
2016,48.14974735298941,bart_raw_econ
2016,48.14813112914707,bart_raw_econ
2016,48.151474298593584,bart_raw_econ
2016,48.15495440553548,bart_raw_econ
2016,48.150235695577564,bart_raw_econ
2016,48.147817559929116,bart_raw_econ
2016,48.14710295831317,bart_raw_econ
2016,48.14935345919505,bart_raw_econ
2016,48.15564551225589,bart_raw_econ
2016,48.158382763453886,bart_raw_econ
2016,48.159133820281724,bart_raw_econ
2016,48.16667670147661,bart_raw_econ
2016,48.16781743689296,bart_raw_econ
2016,48.16624871101824,bart_raw_econ
2016,48.17138119230467,bart_raw_econ
2016,48.17557625616273,bart_raw_econ
2016,48.172774357009644,bart_raw_econ
2016,48.16941428174906,bart_raw_econ
2016,48.165361212505154,bart_raw_econ
2016,48.16255346103165,bart_raw_econ
2016,48.149203209481904,bart_raw_econ
2016,48.15063675256653,bart_raw_econ
2016,48.15119872866917,bart_raw_econ
2016,48.14591109291824,bart_raw_econ
2016,48.145278393786576,bart_raw_econ
2016,48.147704041210645,bart_raw_econ
2016,48.16134260354271,bart_raw_econ
2016,48.155710148792615,bart_raw_econ
2016,48.15679088786214,bart_raw_econ
2016,48.15443259997988,bart_raw_econ
2016,48.15899039779951,bart_raw_econ
2016,48.162038105462635,bart_raw_econ
2016,48.15604908508474,bart_raw_econ
2016,48.14931408059801,bart_raw_econ
2016,48.15440691034088,bart_raw_econ
2016,48.154985387134275,bart_raw_econ
2016,48.156473168114644,bart_raw_econ
2016,48.15618595834407,bart_raw_econ
2016,48.16163521379572,bart_raw_econ
2016,48.1619950164887,bart_raw_econ
2016,48.16300614784581,bart_raw_econ
2016,48.16073411395439,bart_raw_econ
2016,48.165329369322976,bart_raw_econ
2016,48.16259627880737,bart_raw_econ
2016,48.16447266056545,bart_raw_econ
2016,48.164542304382266,bart_raw_econ
2016,48.163774721205826,bart_raw_econ
2016,48.170187252690546,bart_raw_econ
2016,48.167406159563626,bart_raw_econ
2016,48.164295159999526,bart_raw_econ
2016,48.165497789302414,bart_raw_econ
2016,48.17760826793766,bart_raw_econ
2016,48.182460779383725,bart_raw_econ
2016,48.17788485695552,bart_raw_econ
2016,48.17357888210681,bart_raw_econ
2016,48.17857389859876,bart_raw_econ
2016,48.176843136947966,bart_raw_econ
2016,48.17686542294146,bart_raw_econ
2016,48.185551796157604,bart_raw_econ
2016,48.18559101700714,bart_raw_econ
2016,48.1848384203872,bart_raw_econ
2016,48.17111837540181,bart_raw_econ
2016,48.161726328482544,bart_raw_econ
2016,48.16943639470536,bart_raw_econ
2016,48.17038619537446,bart_raw_econ
2016,48.164480209490584,bart_raw_econ
2016,48.155329370598224,bart_raw_econ
2016,48.15297187138919,bart_raw_econ
2016,48.153877523785596,bart_raw_econ
2016,48.15334222223906,bart_raw_econ
2016,48.154677458423244,bart_raw_econ
2016,48.15948011394495,bart_raw_econ
2016,48.15579503346828,bart_raw_econ
2016,48.15224576152399,bart_raw_econ
2016,48.1636860685107,bart_raw_econ
2016,48.16348741117264,bart_raw_econ
2016,48.16277727848053,bart_raw_econ
2016,48.171809484934066,bart_raw_econ
2016,48.16645412869721,bart_raw_econ
2016,48.168337125932254,bart_raw_econ
2016,48.17201569265726,bart_raw_econ
2016,48.17529422238693,bart_raw_econ
2016,48.17067896276149,bart_raw_econ
2016,48.171069028564425,bart_raw_econ
2016,48.175086651378614,bart_raw_econ
2016,48.174969160835005,bart_raw_econ
2016,48.1822576919371,bart_raw_econ
2016,48.18065575259959,bart_raw_econ
2016,48.17777747866718,bart_raw_econ
2016,48.17718250910648,bart_raw_econ
2016,48.17753092397798,bart_raw_econ
2016,48.17721447933286,bart_raw_econ
2016,48.18010078238648,bart_raw_econ
2016,48.18425990997874,bart_raw_econ
2016,48.19227217396063,bart_raw_econ
2016,48.19480673583183,bart_raw_econ
2016,48.19084595488093,bart_raw_econ
2016,48.18728863085201,bart_raw_econ
2016,48.182992173443694,bart_raw_econ
2016,48.17534354190068,bart_raw_econ
2016,48.171241747817774,bart_raw_econ
2016,48.16491110710594,bart_raw_econ
2016,48.16652178168654,bart_raw_econ
2016,48.17454922954996,bart_raw_econ
2016,48.16905686816821,bart_raw_econ
2016,48.17041070729185,bart_raw_econ
2016,48.171920941658556,bart_raw_econ
2016,48.172715568518186,bart_raw_econ
2016,48.173810832776155,bart_raw_econ
2016,48.167694433242836,bart_raw_econ
2016,48.17225403943276,bart_raw_econ
2016,48.17213609275087,bart_raw_econ
2016,48.17170525780611,bart_raw_econ
2016,48.17761698634775,bart_raw_econ
2016,48.1770286147881,bart_raw_econ
2016,48.18007067625474,bart_raw_econ
2016,48.17748491536291,bart_raw_econ
2016,48.182131157186305,bart_raw_econ
2016,48.184019617061885,bart_raw_econ
2016,48.170446067991946,bart_raw_econ
2016,48.17820329460002,bart_raw_econ
2016,48.17640457884117,bart_raw_econ
2016,48.17438968711515,bart_raw_econ
2016,48.173333486321496,bart_raw_econ
2016,48.16986411026391,bart_raw_econ
2016,48.16150654349637,bart_raw_econ
2016,48.16217863356353,bart_raw_econ
2016,48.16529146459713,bart_raw_econ
2016,48.162141750194024,bart_raw_econ
2016,48.168766692140814,bart_raw_econ
2016,48.16400856821788,bart_raw_econ
2016,48.16007691656792,bart_raw_econ
2016,48.16128195372373,bart_raw_econ
2016,48.168429205289655,bart_raw_econ
2016,48.16938856052508,bart_raw_econ
2016,48.17227819681788,bart_raw_econ
2016,48.17864593048564,bart_raw_econ
2016,48.17539621270881,bart_raw_econ
2016,48.178647737452,bart_raw_econ
2016,48.17614191293174,bart_raw_econ
2016,48.18022631360979,bart_raw_econ
2016,48.1815412453152,bart_raw_econ
2016,48.18019155050275,bart_raw_econ
2016,48.182375562527724,bart_raw_econ
2016,48.18392112206208,bart_raw_econ
2016,48.17140292343306,bart_raw_econ
2016,48.17197275823554,bart_raw_econ
2016,48.17779558009771,bart_raw_econ
2016,48.1690276625354,bart_raw_econ
2016,48.169406909911174,bart_raw_econ
2016,48.1690105582044,bart_raw_econ
2016,48.17389554800699,bart_raw_econ
2016,48.16875441530063,bart_raw_econ
2016,48.16817615325717,bart_raw_econ
2016,48.17447893048803,bart_raw_econ
2016,48.18441088983965,bart_raw_econ
2016,48.18218072472551,bart_raw_econ
2016,48.17762761245588,bart_raw_econ
2016,48.18139714426058,bart_raw_econ
2016,48.17352845698904,bart_raw_econ
2016,48.171719448244716,bart_raw_econ
2016,48.17310587252705,bart_raw_econ
2016,48.169994962888396,bart_raw_econ
2016,48.17011089922233,bart_raw_econ
2016,48.176774549553144,bart_raw_econ
2016,48.17088794938517,bart_raw_econ
2016,48.17087544350194,bart_raw_econ
2016,48.17364268224356,bart_raw_econ
2016,48.18065585749965,bart_raw_econ
2016,48.17698421788912,bart_raw_econ
2016,48.1723808838346,bart_raw_econ
2016,48.17130992423113,bart_raw_econ
2016,48.17130220277305,bart_raw_econ
2016,48.17019730924264,bart_raw_econ
2016,48.167464757117564,bart_raw_econ
2016,48.16686636814339,bart_raw_econ
2016,48.16347218349179,bart_raw_econ
2016,48.1743817573163,bart_raw_econ
2016,48.17054393292873,bart_raw_econ
2016,48.16624795056674,bart_raw_econ
2016,48.172131039676984,bart_raw_econ
2016,48.1763428207701,bart_raw_econ
2016,48.17842287941587,bart_raw_econ
2016,48.18048807983769,bart_raw_econ
2016,48.17957811316501,bart_raw_econ
2016,48.17351857745428,bart_raw_econ
2016,48.167153608484654,bart_raw_econ
2016,48.16555403548719,bart_raw_econ
2016,48.15294413807875,bart_raw_econ
2016,48.154986765256865,bart_raw_econ
2016,48.153857036396374,bart_raw_econ
2016,48.153832049118236,bart_raw_econ
2016,48.15870715341513,bart_raw_econ
2016,48.17351299167716,bart_raw_econ
2016,48.16976631745618,bart_raw_econ
2016,48.16591590215557,bart_raw_econ
2016,48.166031192325725,bart_raw_econ
2016,48.16321445300319,bart_raw_econ
2016,48.15454338237684,bart_raw_econ
2016,48.15661372436307,bart_raw_econ
2016,48.162121930807714,bart_raw_econ
2016,48.16571756558386,bart_raw_econ
2016,48.168101110990605,bart_raw_econ
2016,48.16721591707916,bart_raw_econ
2016,48.1782798922668,bart_raw_econ
2016,48.18025337138971,bart_raw_econ
2016,48.18455347286356,bart_raw_econ
2016,48.18698219466789,bart_raw_econ
2016,48.185051271353316,bart_raw_econ
2016,48.186188204988156,bart_raw_econ
2016,48.194560234862934,bart_raw_econ
2016,48.1933839925085,bart_raw_econ
2016,48.19194887896512,bart_raw_econ
2016,48.18756360820324,bart_raw_econ
2016,48.19268977093017,bart_raw_econ
2016,48.19189540933513,bart_raw_econ
2016,48.200482251805525,bart_raw_econ
2016,48.19725418008776,bart_raw_econ
2016,48.194524003408425,bart_raw_econ
2016,48.1965764651908,bart_raw_econ
2016,48.188736200914605,bart_raw_econ
2016,48.19431598265204,bart_raw_econ
2016,48.197965490238815,bart_raw_econ
2016,48.19937059304476,bart_raw_econ
2016,48.19606718996894,bart_raw_econ
2016,48.19857538952105,bart_raw_econ
2016,48.194039163351526,bart_raw_econ
2016,48.19320809368992,bart_raw_econ
2016,48.189572340235586,bart_raw_econ
2016,48.184722492180946,bart_raw_econ
2016,48.18479616038622,bart_raw_econ
2016,48.18327444050766,bart_raw_econ
2016,48.177144934229325,bart_raw_econ
2016,48.17590237938665,bart_raw_econ
2016,48.16777660313413,bart_raw_econ
2016,48.16617795633565,bart_raw_econ
2016,48.16542103426729,bart_raw_econ
2016,48.163921591905364,bart_raw_econ
2016,48.16311596172538,bart_raw_econ
2016,48.15936008187329,bart_raw_econ
2016,48.164818924315156,bart_raw_econ
2016,48.16893872795609,bart_raw_econ
2016,48.17280442529374,bart_raw_econ
2016,48.172046763808794,bart_raw_econ
2016,48.17713005025314,bart_raw_econ
2016,48.183186589752964,bart_raw_econ
2016,48.17931696310226,bart_raw_econ
2016,48.182755715912734,bart_raw_econ
2016,48.182041671270056,bart_raw_econ
2016,48.181527979924624,bart_raw_econ
2016,48.17652429971244,bart_raw_econ
2016,48.17123911800587,bart_raw_econ
2016,48.165740778006565,bart_raw_econ
2016,48.16953571844165,bart_raw_econ
2016,48.16830345754151,bart_raw_econ
2016,48.1725302792863,bart_raw_econ
2016,48.17534461994006,bart_raw_econ
2016,48.16820440808756,bart_raw_econ
2016,48.1700966087723,bart_raw_econ
2016,48.1616449368899,bart_raw_econ
2016,48.1540262835515,bart_raw_econ
2016,48.14802647729441,bart_raw_econ
2016,48.14780534282342,bart_raw_econ
2016,48.144200604737925,bart_raw_econ
2016,48.14890056468377,bart_raw_econ
2016,48.1492205598728,bart_raw_econ
2016,48.1454867518853,bart_raw_econ
2016,48.149564285956004,bart_raw_econ
2016,48.15384620888892,bart_raw_econ
2016,48.154677009586415,bart_raw_econ
2016,48.15719564881065,bart_raw_econ
2016,48.15672627427828,bart_raw_econ
2016,48.15709608013603,bart_raw_econ
2016,48.149440768544416,bart_raw_econ
2016,48.148309935538414,bart_raw_econ
2016,48.15215680984749,bart_raw_econ
2016,48.14825743184158,bart_raw_econ
2016,48.148667892922454,bart_raw_econ
2016,48.152383388386404,bart_raw_econ
2016,48.155097918576004,bart_raw_econ
2016,48.15214939712848,bart_raw_econ
2016,48.14602712594415,bart_raw_econ
2016,48.15606992790793,bart_raw_econ
2016,48.14926119727789,bart_raw_econ
2016,48.15113470693737,bart_raw_econ
2016,48.155117260946916,bart_raw_econ
2016,48.1603494342798,bart_raw_econ
2016,48.167053863317676,bart_raw_econ
2016,48.16358055776723,bart_raw_econ
2016,48.16188037212161,bart_raw_econ
2016,48.163566827014336,bart_raw_econ
2016,48.156106176802695,bart_raw_econ
2016,48.16513062870377,bart_raw_econ
2016,48.16763147877711,bart_raw_econ
2016,48.16443686723942,bart_raw_econ
2016,48.16527983620748,bart_raw_econ
2016,48.16643554554575,bart_raw_econ
2016,48.16202658324918,bart_raw_econ
2016,48.15623165877021,bart_raw_econ
2016,48.153112096102774,bart_raw_econ
2016,48.16066420980723,bart_raw_econ
2016,48.16256910183733,bart_raw_econ
2016,48.161174305954916,bart_raw_econ
2016,48.161237355593286,bart_raw_econ
2016,48.15812863324476,bart_raw_econ
2016,48.15207278488247,bart_raw_econ
2016,48.14468370789054,bart_raw_econ
2016,48.14919244453773,bart_raw_econ
2016,48.14909406693449,bart_raw_econ
2016,48.14260503980239,bart_raw_econ
2016,48.14223116494715,bart_raw_econ
2016,48.14800861665623,bart_raw_econ
2016,48.152498477537115,bart_raw_econ
2016,48.15144380465947,bart_raw_econ
2016,48.15447449852537,bart_raw_econ
2016,48.158331337420975,bart_raw_econ
2016,48.163588843042206,bart_raw_econ
2016,48.16530590476453,bart_raw_econ
2016,48.172595371281176,bart_raw_econ
2016,48.17267804543028,bart_raw_econ
2016,48.17536382593414,bart_raw_econ
2016,48.17286968230138,bart_raw_econ
2016,48.17558794975567,bart_raw_econ
2016,48.174870500194515,bart_raw_econ
2016,48.17967281734829,bart_raw_econ
2016,48.18281276146031,bart_raw_econ
2016,48.191044130875994,bart_raw_econ
2016,48.19317049772445,bart_raw_econ
2016,48.19084902150121,bart_raw_econ
2016,48.18904642323529,bart_raw_econ
2016,48.18868736160011,bart_raw_econ
2016,48.18526410717257,bart_raw_econ
2016,48.18280049657249,bart_raw_econ
2016,48.173875014490136,bart_raw_econ
2016,48.17636831621091,bart_raw_econ
2016,48.17783268661774,bart_raw_econ
2016,48.175599385374994,bart_raw_econ
2016,48.17935795060589,bart_raw_econ
2016,48.18280958463881,bart_raw_econ
2016,48.18288795691243,bart_raw_econ
2016,48.18756429808013,bart_raw_econ
2016,48.188065645185986,bart_raw_econ
2016,48.18807952855124,bart_raw_econ
2016,48.18348270592379,bart_raw_econ
2016,48.18559878994367,bart_raw_econ
2016,48.184166767490154,bart_raw_econ
2016,48.18180090928619,bart_raw_econ
2016,48.17721455202572,bart_raw_econ
2016,48.17583565001627,bart_raw_econ
2016,48.16762720050332,bart_raw_econ
2016,48.17531097112945,bart_raw_econ
2016,48.18409536296311,bart_raw_econ
2016,48.180519348995155,bart_raw_econ
2016,48.17799246647607,bart_raw_econ
2016,48.172834451974154,bart_raw_econ
2016,48.169423112175124,bart_raw_econ
2016,48.16437996274942,bart_raw_econ
2016,48.16179550970452,bart_raw_econ
2016,48.163130490250914,bart_raw_econ
2016,48.165789394929206,bart_raw_econ
2016,48.16584006192842,bart_raw_econ
2016,48.166697859806135,bart_raw_econ
2016,48.17343119869187,bart_raw_econ
2016,48.16887122024771,bart_raw_econ
2016,48.175465385871206,bart_raw_econ
2016,48.17699169130532,bart_raw_econ
2016,48.17506582599634,bart_raw_econ
2016,48.17590800600227,bart_raw_econ
2016,48.18045811671756,bart_raw_econ
2016,48.17946676870794,bart_raw_econ
2016,48.18498653733067,bart_raw_econ
2016,48.184801160842476,bart_raw_econ
2016,48.18415145022065,bart_raw_econ
2016,48.18238205415349,bart_raw_econ
2016,48.182516649116124,bart_raw_econ
2016,48.180534894065254,bart_raw_econ
2016,48.18136013149991,bart_raw_econ
2016,48.188556516747845,bart_raw_econ
2016,48.18690330766458,bart_raw_econ
2016,48.182232323107044,bart_raw_econ
2016,48.1788841524528,bart_raw_econ
2016,48.17774821566608,bart_raw_econ
2016,48.174753417992726,bart_raw_econ
2016,48.16974719690082,bart_raw_econ
2016,48.16684067395285,bart_raw_econ
2016,48.16727045087879,bart_raw_econ
2016,48.17056593383912,bart_raw_econ
2016,48.16591405960779,bart_raw_econ
2016,48.16705279902138,bart_raw_econ
2016,48.166437397214985,bart_raw_econ
2016,48.17210498565791,bart_raw_econ
2016,48.17441117717377,bart_raw_econ
2016,48.17151578729971,bart_raw_econ
2016,48.16410454440349,bart_raw_econ
2016,48.1602548674777,bart_raw_econ
2016,48.15763201089158,bart_raw_econ
2016,48.162444065812764,bart_raw_econ
2016,48.16116839516392,bart_raw_econ
2016,48.16402055806483,bart_raw_econ
2016,48.16493622746493,bart_raw_econ
2016,48.1595712644196,bart_raw_econ
2016,48.163507894627614,bart_raw_econ
2016,48.166588427374165,bart_raw_econ
2016,48.16576448127264,bart_raw_econ
2016,48.166696581717666,bart_raw_econ
2016,48.16999351539219,bart_raw_econ
2016,48.173421766709254,bart_raw_econ
2016,48.17042542279796,bart_raw_econ
2016,48.16768872260998,bart_raw_econ
2016,48.164058329402906,bart_raw_econ
2016,48.16138983292177,bart_raw_econ
2016,48.16175389029046,bart_raw_econ
2016,48.16084774215483,bart_raw_econ
2016,48.15744671625592,bart_raw_econ
2016,48.1507185835865,bart_raw_econ
2016,48.15384802456749,bart_raw_econ
2016,48.154316330029516,bart_raw_econ
2016,48.15584068478162,bart_raw_econ
2016,48.152859380488444,bart_raw_econ
2016,48.15930497262865,bart_raw_econ
2016,48.16017746557918,bart_raw_econ
2016,48.16270800401203,bart_raw_econ
2016,48.16534301778055,bart_raw_econ
2016,48.16508296268896,bart_raw_econ
2016,48.161932531709716,bart_raw_econ
2016,48.16701085417682,bart_raw_econ
2016,48.17084833238216,bart_raw_econ
2016,48.16459990649776,bart_raw_econ
2016,48.16339715707161,bart_raw_econ
2016,48.162264475925575,bart_raw_econ
2016,48.158058711782324,bart_raw_econ
2016,48.159590222195675,bart_raw_econ
2016,48.16315570057066,bart_raw_econ
2016,48.16707778705836,bart_raw_econ
2016,48.171062550891634,bart_raw_econ
2016,48.16639549309245,bart_raw_econ
2016,48.15967499979254,bart_raw_econ
2016,48.1613621279174,bart_raw_econ
2016,48.162888214742004,bart_raw_econ
2016,48.16151060723435,bart_raw_econ
2016,48.16239807023901,bart_raw_econ
2016,48.16442553849689,bart_raw_econ
2016,48.15685628297134,bart_raw_econ
2016,48.15223981047527,bart_raw_econ
2016,48.14896301926788,bart_raw_econ
2016,48.14678824204753,bart_raw_econ
2016,48.145957445922555,bart_raw_econ
2016,48.14905452058655,bart_raw_econ
2016,48.15499365726291,bart_raw_econ
2016,48.15090133386283,bart_raw_econ
2016,48.1512935448837,bart_raw_econ
2016,48.14542475539958,bart_raw_econ
2016,48.14863469069638,bart_raw_econ
2016,48.150574305376566,bart_raw_econ
2016,48.15030591323248,bart_raw_econ
2016,48.15285582418901,bart_raw_econ
2020,49.23400882393288,bart_raw_econ
2020,49.72315736060483,bart_raw_econ
2020,48.15110823774388,bart_raw_econ
2020,48.823954496479246,bart_raw_econ
2020,48.92848981968518,bart_raw_econ
2020,47.686785083359815,bart_raw_econ
2020,47.1839492720991,bart_raw_econ
2020,47.19666879460519,bart_raw_econ
2020,47.698847144386306,bart_raw_econ
2020,48.02242648319614,bart_raw_econ
2020,48.711498210687644,bart_raw_econ
2020,48.67262870097894,bart_raw_econ
2020,48.61954486330046,bart_raw_econ
2020,48.81829303899377,bart_raw_econ
2020,48.72002639039647,bart_raw_econ
2020,48.825164911842585,bart_raw_econ
2020,48.724409312556745,bart_raw_econ
2020,48.6661211757977,bart_raw_econ
2020,48.63233344684217,bart_raw_econ
2020,48.67868980510079,bart_raw_econ
2020,48.66757439862947,bart_raw_econ
2020,48.446705936231055,bart_raw_econ
2020,48.37842743412552,bart_raw_econ
2020,48.02390399254476,bart_raw_econ
2020,48.106873352776994,bart_raw_econ
2020,48.51857831611233,bart_raw_econ
2020,48.46922210918752,bart_raw_econ
2020,48.53955346140351,bart_raw_econ
2020,48.26270784217455,bart_raw_econ
2020,48.42965214383962,bart_raw_econ
2020,48.34251920239598,bart_raw_econ
2020,48.39945464134291,bart_raw_econ
2020,48.19337259233025,bart_raw_econ
2020,48.095256555608216,bart_raw_econ
2020,47.94666321382283,bart_raw_econ
2020,47.98033006314534,bart_raw_econ
2020,48.0790319762933,bart_raw_econ
2020,48.09397403600485,bart_raw_econ
2020,48.1276626748194,bart_raw_econ
2020,48.00598522630244,bart_raw_econ
2020,47.8196778080402,bart_raw_econ
2020,47.75626228497647,bart_raw_econ
2020,47.800317225567554,bart_raw_econ
2020,47.869819190221925,bart_raw_econ
2020,48.01473595890369,bart_raw_econ
2020,48.0543032750753,bart_raw_econ
2020,48.041637092046116,bart_raw_econ
2020,47.957489496516935,bart_raw_econ
2020,48.01780367657212,bart_raw_econ
2020,48.0511524223561,bart_raw_econ
2020,48.07115726247925,bart_raw_econ
2020,48.12983884745165,bart_raw_econ
2020,48.13144548861234,bart_raw_econ
2020,48.096285106924654,bart_raw_econ
2020,48.05211306926608,bart_raw_econ
2020,47.98792740035272,bart_raw_econ
2020,47.967153928978966,bart_raw_econ
2020,47.9549338307971,bart_raw_econ
2020,47.923928679608636,bart_raw_econ
2020,47.907795226762474,bart_raw_econ
2020,47.78319931126794,bart_raw_econ
2020,47.81608516453885,bart_raw_econ
2020,47.82072768264484,bart_raw_econ
2020,47.91545420260822,bart_raw_econ
2020,48.02212954832584,bart_raw_econ
2020,48.0644712404693,bart_raw_econ
2020,48.06609633701997,bart_raw_econ
2020,48.12173538238305,bart_raw_econ
2020,48.12730732432469,bart_raw_econ
2020,48.1125004202435,bart_raw_econ
2020,48.07742091940474,bart_raw_econ
2020,48.071560102848366,bart_raw_econ
2020,48.08678405576549,bart_raw_econ
2020,48.08347368979415,bart_raw_econ
2020,48.029781579406446,bart_raw_econ
2020,48.019535064139326,bart_raw_econ
2020,48.04824565932491,bart_raw_econ
2020,48.04335258170304,bart_raw_econ
2020,48.08987147759508,bart_raw_econ
2020,48.11651308864796,bart_raw_econ
2020,48.13734078384777,bart_raw_econ
2020,48.18378669426284,bart_raw_econ
2020,48.26203432351761,bart_raw_econ
2020,48.27346439517816,bart_raw_econ
2020,48.299311621091746,bart_raw_econ
2020,48.32518802096897,bart_raw_econ
2020,48.369298420627814,bart_raw_econ
2020,48.36283182087407,bart_raw_econ
2020,48.34480728160581,bart_raw_econ
2020,48.34936017446039,bart_raw_econ
2020,48.345056205460416,bart_raw_econ
2020,48.317472699055884,bart_raw_econ
2020,48.33661067077952,bart_raw_econ
2020,48.29744975436083,bart_raw_econ
2020,48.24475636254755,bart_raw_econ
2020,48.2566209063923,bart_raw_econ
2020,48.20437213603387,bart_raw_econ
2020,48.16812770456192,bart_raw_econ
2020,48.13987577956222,bart_raw_econ
2020,48.148064163993425,bart_raw_econ
2020,48.169730563904935,bart_raw_econ
2020,48.155494778485114,bart_raw_econ
2020,48.1501443782403,bart_raw_econ
2020,48.153893268749805,bart_raw_econ
2020,48.20166240346069,bart_raw_econ
2020,48.19162838389252,bart_raw_econ
2020,48.17988589025293,bart_raw_econ
2020,48.221615053974446,bart_raw_econ
2020,48.21352181140865,bart_raw_econ
2020,48.218182610249336,bart_raw_econ
2020,48.17633509928621,bart_raw_econ
2020,48.16965455016834,bart_raw_econ
2020,48.13993112740144,bart_raw_econ
2020,48.09628922337263,bart_raw_econ
2020,48.0614640191304,bart_raw_econ
2020,48.11392721683227,bart_raw_econ
2020,48.09925890803703,bart_raw_econ
2020,48.06169604320937,bart_raw_econ
2020,48.019538239783266,bart_raw_econ
2020,47.96260077904986,bart_raw_econ
2020,47.93628680950725,bart_raw_econ
2020,47.9096330863992,bart_raw_econ
2020,47.901655239698755,bart_raw_econ
2020,47.959343382346596,bart_raw_econ
2020,47.92570360038406,bart_raw_econ
2020,47.95022408224736,bart_raw_econ
2020,47.92646717242779,bart_raw_econ
2020,47.863507084300764,bart_raw_econ
2020,47.88425365666412,bart_raw_econ
2020,47.89386347539859,bart_raw_econ
2020,47.92943771331911,bart_raw_econ
2020,47.87229224527789,bart_raw_econ
2020,47.867258837759756,bart_raw_econ
2020,47.89822837531716,bart_raw_econ
2020,47.91488734574082,bart_raw_econ
2020,47.900671104420425,bart_raw_econ
2020,47.91428031694237,bart_raw_econ
2020,47.8936807112732,bart_raw_econ
2020,47.902440052093525,bart_raw_econ
2020,47.934060098209244,bart_raw_econ
2020,47.9042203654231,bart_raw_econ
2020,47.93345580332048,bart_raw_econ
2020,47.933084250669914,bart_raw_econ
2020,47.89269178908502,bart_raw_econ
2020,47.88685543299475,bart_raw_econ
2020,47.90669989266134,bart_raw_econ
2020,47.92703368790569,bart_raw_econ
2020,47.95914133555715,bart_raw_econ
2020,47.96722867274889,bart_raw_econ
2020,47.96382350265374,bart_raw_econ
2020,47.98430142380605,bart_raw_econ
2020,47.97805723585998,bart_raw_econ
2020,47.99203051246944,bart_raw_econ
2020,47.973152554078965,bart_raw_econ
2020,47.98314060211234,bart_raw_econ
2020,48.011172869177614,bart_raw_econ
2020,48.03932760948794,bart_raw_econ
2020,48.06944281592408,bart_raw_econ
2020,48.10597144931128,bart_raw_econ
2020,48.11000964637978,bart_raw_econ
2020,48.09174634598075,bart_raw_econ
2020,48.08880340459621,bart_raw_econ
2020,48.08759620197822,bart_raw_econ
2020,48.10822012660619,bart_raw_econ
2020,48.108048095496834,bart_raw_econ
2020,48.076090889994816,bart_raw_econ
2020,48.088547094560695,bart_raw_econ
2020,48.10008366303808,bart_raw_econ
2020,48.111846201445836,bart_raw_econ
2020,48.114704999427616,bart_raw_econ
2020,48.09465617913471,bart_raw_econ
2020,48.108611739068195,bart_raw_econ
2020,48.110176565045926,bart_raw_econ
2020,48.12577785848492,bart_raw_econ
2020,48.1200250385777,bart_raw_econ
2020,48.18234675494158,bart_raw_econ
2020,48.183080377015784,bart_raw_econ
2020,48.16301070911481,bart_raw_econ
2020,48.15617092020925,bart_raw_econ
2020,48.17830009561828,bart_raw_econ
2020,48.18692170463548,bart_raw_econ
2020,48.17932260783641,bart_raw_econ
2020,48.17871463120091,bart_raw_econ
2020,48.153323935410555,bart_raw_econ
2020,48.177178211013185,bart_raw_econ
2020,48.19711889299562,bart_raw_econ
2020,48.21015555261244,bart_raw_econ
2020,48.194577954797246,bart_raw_econ
2020,48.208600145031966,bart_raw_econ
2020,48.1870677811928,bart_raw_econ
2020,48.20991682903082,bart_raw_econ
2020,48.19120478650164,bart_raw_econ
2020,48.194984258603846,bart_raw_econ
2020,48.200129222261495,bart_raw_econ
2020,48.18453883691681,bart_raw_econ
2020,48.173136871479564,bart_raw_econ
2020,48.14316211115255,bart_raw_econ
2020,48.13570452929319,bart_raw_econ
2020,48.112718423312565,bart_raw_econ
2020,48.150330153911014,bart_raw_econ
2020,48.18845149396549,bart_raw_econ
2020,48.190837939683476,bart_raw_econ
2020,48.18895222590329,bart_raw_econ
2020,48.184332459948706,bart_raw_econ
2020,48.192426093133484,bart_raw_econ
2020,48.203958713250266,bart_raw_econ
2020,48.187104743124806,bart_raw_econ
2020,48.18312559541455,bart_raw_econ
2020,48.224856913474184,bart_raw_econ
2020,48.2103364530721,bart_raw_econ
2020,48.22919380500392,bart_raw_econ
2020,48.24201853017067,bart_raw_econ
2020,48.24932086788915,bart_raw_econ
2020,48.245913738547635,bart_raw_econ
2020,48.264451910824896,bart_raw_econ
2020,48.26094965452192,bart_raw_econ
2020,48.271177635530755,bart_raw_econ
2020,48.27528282044978,bart_raw_econ
2020,48.27850416365483,bart_raw_econ
2020,48.256481862941484,bart_raw_econ
2020,48.25461690781531,bart_raw_econ
2020,48.24387070503385,bart_raw_econ
2020,48.24457156149526,bart_raw_econ
2020,48.24282346646377,bart_raw_econ
2020,48.25096702525442,bart_raw_econ
2020,48.2655172960844,bart_raw_econ
2020,48.297597811984346,bart_raw_econ
2020,48.27381204654185,bart_raw_econ
2020,48.26389502691302,bart_raw_econ
2020,48.27606758352688,bart_raw_econ
2020,48.27955390101007,bart_raw_econ
2020,48.280079870813694,bart_raw_econ
2020,48.25547568171157,bart_raw_econ
2020,48.275839773152384,bart_raw_econ
2020,48.308494127571585,bart_raw_econ
2020,48.332052432533644,bart_raw_econ
2020,48.34020194049605,bart_raw_econ
2020,48.34118951703661,bart_raw_econ
2020,48.32785216204657,bart_raw_econ
2020,48.34521746697459,bart_raw_econ
2020,48.35768903761933,bart_raw_econ
2020,48.352761412210256,bart_raw_econ
2020,48.329608939704116,bart_raw_econ
2020,48.3402552741219,bart_raw_econ
2020,48.34156688483367,bart_raw_econ
2020,48.320054793319365,bart_raw_econ
2020,48.30704372081875,bart_raw_econ
2020,48.305852133770806,bart_raw_econ
2020,48.32084046286491,bart_raw_econ
2020,48.33285959102471,bart_raw_econ
2020,48.332404754109206,bart_raw_econ
2020,48.334971096710234,bart_raw_econ
2020,48.3386855939674,bart_raw_econ
2020,48.34512759312254,bart_raw_econ
2020,48.32927461023803,bart_raw_econ
2020,48.3255420132269,bart_raw_econ
2020,48.334040689745535,bart_raw_econ
2020,48.336253285549304,bart_raw_econ
2020,48.31820116987301,bart_raw_econ
2020,48.30867912306152,bart_raw_econ
2020,48.331745829129474,bart_raw_econ
2020,48.33204872378475,bart_raw_econ
2020,48.32851778393112,bart_raw_econ
2020,48.32879691370093,bart_raw_econ
2020,48.32041218216628,bart_raw_econ
2020,48.31491366583286,bart_raw_econ
2020,48.327547266095785,bart_raw_econ
2020,48.335721489494475,bart_raw_econ
2020,48.35108308987223,bart_raw_econ
2020,48.342510161378485,bart_raw_econ
2020,48.33574045170618,bart_raw_econ
2020,48.33051356178133,bart_raw_econ
2020,48.33763381830558,bart_raw_econ
2020,48.343150554357734,bart_raw_econ
2020,48.355783886028085,bart_raw_econ
2020,48.37327923121887,bart_raw_econ
2020,48.3723397183942,bart_raw_econ
2020,48.35509291479062,bart_raw_econ
2020,48.33450860337765,bart_raw_econ
2020,48.33566326085781,bart_raw_econ
2020,48.34396262923465,bart_raw_econ
2020,48.36072536608546,bart_raw_econ
2020,48.34615026482998,bart_raw_econ
2020,48.36010009165144,bart_raw_econ
2020,48.36248025390917,bart_raw_econ
2020,48.36416439517984,bart_raw_econ
2020,48.353930033036846,bart_raw_econ
2020,48.35535388694169,bart_raw_econ
2020,48.358623222549134,bart_raw_econ
2020,48.35952149698146,bart_raw_econ
2020,48.363774203556446,bart_raw_econ
2020,48.3521389294026,bart_raw_econ
2020,48.377078379024766,bart_raw_econ
2020,48.375870424858036,bart_raw_econ
2020,48.36877854575172,bart_raw_econ
2020,48.36348422094363,bart_raw_econ
2020,48.3533340352294,bart_raw_econ
2020,48.35218646330399,bart_raw_econ
2020,48.344280635896524,bart_raw_econ
2020,48.32907250528245,bart_raw_econ
2020,48.30564952244245,bart_raw_econ
2020,48.29559612414841,bart_raw_econ
2020,48.28871500439686,bart_raw_econ
2020,48.27645854291821,bart_raw_econ
2020,48.26456633490436,bart_raw_econ
2020,48.2604648760701,bart_raw_econ
2020,48.26092572707829,bart_raw_econ
2020,48.25843772592245,bart_raw_econ
2020,48.26279478729401,bart_raw_econ
2020,48.27532706162125,bart_raw_econ
2020,48.24856358811181,bart_raw_econ
2020,48.25651095438543,bart_raw_econ
2020,48.28239772015233,bart_raw_econ
2020,48.26906775841188,bart_raw_econ
2020,48.27320870340371,bart_raw_econ
2020,48.28433458132495,bart_raw_econ
2020,48.283421694571835,bart_raw_econ
2020,48.293163566165845,bart_raw_econ
2020,48.301096224580846,bart_raw_econ
2020,48.32465976553395,bart_raw_econ
2020,48.318805381499395,bart_raw_econ
2020,48.31508904917895,bart_raw_econ
2020,48.31922517797295,bart_raw_econ
2020,48.33827883443635,bart_raw_econ
2020,48.35625044552933,bart_raw_econ
2020,48.35048897184923,bart_raw_econ
2020,48.35275256409394,bart_raw_econ
2020,48.35297470389713,bart_raw_econ
2020,48.35052097360041,bart_raw_econ
2020,48.35233036050917,bart_raw_econ
2020,48.37548714759594,bart_raw_econ
2020,48.38340162509385,bart_raw_econ
2020,48.384513859996474,bart_raw_econ
2020,48.38212603514294,bart_raw_econ
2020,48.38374240121951,bart_raw_econ
2020,48.38566537696445,bart_raw_econ
2020,48.38213891725232,bart_raw_econ
2020,48.37546760181064,bart_raw_econ
2020,48.380725030665126,bart_raw_econ
2020,48.383063813196564,bart_raw_econ
2020,48.38923831677535,bart_raw_econ
2020,48.39249852712502,bart_raw_econ
2020,48.38322067454918,bart_raw_econ
2020,48.377612850403914,bart_raw_econ
2020,48.391546969872934,bart_raw_econ
2020,48.40526623456427,bart_raw_econ
2020,48.40766492303247,bart_raw_econ
2020,48.41217213446545,bart_raw_econ
2020,48.411340195365966,bart_raw_econ
2020,48.41483896245872,bart_raw_econ
2020,48.41261863521747,bart_raw_econ
2020,48.418051194748415,bart_raw_econ
2020,48.43302305488255,bart_raw_econ
2020,48.41157620698843,bart_raw_econ
2020,48.41042085588374,bart_raw_econ
2020,48.418193801908075,bart_raw_econ
2020,48.40935391639485,bart_raw_econ
2020,48.42030011712634,bart_raw_econ
2020,48.43616837731054,bart_raw_econ
2020,48.425322026961524,bart_raw_econ
2020,48.43216055601973,bart_raw_econ
2020,48.443322992452735,bart_raw_econ
2020,48.436639810519424,bart_raw_econ
2020,48.436599007989926,bart_raw_econ
2020,48.45188755555666,bart_raw_econ
2020,48.44973248048818,bart_raw_econ
2020,48.453047902033994,bart_raw_econ
2020,48.44900195436971,bart_raw_econ
2020,48.45155141298332,bart_raw_econ
2020,48.471825782340794,bart_raw_econ
2020,48.47412287745193,bart_raw_econ
2020,48.45801046020736,bart_raw_econ
2020,48.4532140455741,bart_raw_econ
2020,48.45042308416141,bart_raw_econ
2020,48.45061238413384,bart_raw_econ
2020,48.45132159668832,bart_raw_econ
2020,48.452090716869776,bart_raw_econ
2020,48.44039513305218,bart_raw_econ
2020,48.43493842430309,bart_raw_econ
2020,48.42997008819876,bart_raw_econ
2020,48.432212753743755,bart_raw_econ
2020,48.440097867569044,bart_raw_econ
2020,48.424967417679525,bart_raw_econ
2020,48.42640236064686,bart_raw_econ
2020,48.44015227783399,bart_raw_econ
2020,48.43184745540844,bart_raw_econ
2020,48.42551981978613,bart_raw_econ
2020,48.4197058913891,bart_raw_econ
2020,48.41472904126218,bart_raw_econ
2020,48.41407148389033,bart_raw_econ
2020,48.41227486153451,bart_raw_econ
2020,48.41673891917171,bart_raw_econ
2020,48.405729842666005,bart_raw_econ
2020,48.39694184761668,bart_raw_econ
2020,48.375476559491574,bart_raw_econ
2020,48.375968260044175,bart_raw_econ
2020,48.37786178910304,bart_raw_econ
2020,48.38816704882403,bart_raw_econ
2020,48.39499023307645,bart_raw_econ
2020,48.403108107900884,bart_raw_econ
2020,48.39119755174028,bart_raw_econ
2020,48.38785952147707,bart_raw_econ
2020,48.37159106770356,bart_raw_econ
2020,48.36926771570915,bart_raw_econ
2020,48.38250185251635,bart_raw_econ
2020,48.38843696693678,bart_raw_econ
2020,48.398655631601684,bart_raw_econ
2020,48.3973466866742,bart_raw_econ
2020,48.411667640339,bart_raw_econ
2020,48.399843677719254,bart_raw_econ
2020,48.405992359414704,bart_raw_econ
2020,48.40392197201038,bart_raw_econ
2020,48.40465287361944,bart_raw_econ
2020,48.411159860663986,bart_raw_econ
2020,48.4015638769453,bart_raw_econ
2020,48.401840096694315,bart_raw_econ
2020,48.406608823943145,bart_raw_econ
2020,48.39963481683924,bart_raw_econ
2020,48.40498585153855,bart_raw_econ
2020,48.40162836958114,bart_raw_econ
2020,48.389167702082325,bart_raw_econ
2020,48.376124224951,bart_raw_econ
2020,48.36887816515768,bart_raw_econ
2020,48.373593872814986,bart_raw_econ
2020,48.37796501322353,bart_raw_econ
2020,48.373674509667545,bart_raw_econ
2020,48.38430515339458,bart_raw_econ
2020,48.38395919471192,bart_raw_econ
2020,48.37772173466691,bart_raw_econ
2020,48.38151793716116,bart_raw_econ
2020,48.38431448968058,bart_raw_econ
2020,48.392791731443936,bart_raw_econ
2020,48.40566919466953,bart_raw_econ
2020,48.39951182980127,bart_raw_econ
2020,48.38281072558215,bart_raw_econ
2020,48.38226106186569,bart_raw_econ
2020,48.381476310940066,bart_raw_econ
2020,48.389651358107926,bart_raw_econ
2020,48.38359025731215,bart_raw_econ
2020,48.371301589465304,bart_raw_econ
2020,48.363850133235296,bart_raw_econ
2020,48.36365400935843,bart_raw_econ
2020,48.35908052896909,bart_raw_econ
2020,48.36237720074246,bart_raw_econ
2020,48.36940263840992,bart_raw_econ
2020,48.35841120537691,bart_raw_econ
2020,48.34799940250453,bart_raw_econ
2020,48.338026009406605,bart_raw_econ
2020,48.328817442709116,bart_raw_econ
2020,48.332131657196975,bart_raw_econ
2020,48.338829650499896,bart_raw_econ
2020,48.34109658958049,bart_raw_econ
2020,48.35169906256506,bart_raw_econ
2020,48.34310040301058,bart_raw_econ
2020,48.339644746284335,bart_raw_econ
2020,48.34790834750366,bart_raw_econ
2020,48.35363319773085,bart_raw_econ
2020,48.352627616555836,bart_raw_econ
2020,48.359034766611224,bart_raw_econ
2020,48.35548057406348,bart_raw_econ
2020,48.36396285511698,bart_raw_econ
2020,48.362838826489515,bart_raw_econ
2020,48.36372102650293,bart_raw_econ
2020,48.35303400079263,bart_raw_econ
2020,48.347696849400826,bart_raw_econ
2020,48.36016457964601,bart_raw_econ
2020,48.35822258793476,bart_raw_econ
2020,48.37059699388689,bart_raw_econ
2020,48.37128355015987,bart_raw_econ
2020,48.37613488918799,bart_raw_econ
2020,48.3737213174976,bart_raw_econ
2020,48.3720260666797,bart_raw_econ
2020,48.37255568110057,bart_raw_econ
2020,48.37585679540155,bart_raw_econ
2020,48.36327058707838,bart_raw_econ
2020,48.36866593740923,bart_raw_econ
2020,48.35700655488944,bart_raw_econ
2020,48.352933557771436,bart_raw_econ
2020,48.352475023494705,bart_raw_econ
2020,48.34075999289762,bart_raw_econ
2020,48.35381186703527,bart_raw_econ
2020,48.35707557590175,bart_raw_econ
2020,48.34084153290982,bart_raw_econ
2020,48.34783163682449,bart_raw_econ
2020,48.34527097027136,bart_raw_econ
2020,48.34221402817988,bart_raw_econ
2020,48.33900515620607,bart_raw_econ
2020,48.34030271470948,bart_raw_econ
2020,48.34162401697058,bart_raw_econ
2020,48.35314236678705,bart_raw_econ
2020,48.35221725400872,bart_raw_econ
2020,48.35561635795273,bart_raw_econ
2020,48.364128554966676,bart_raw_econ
2020,48.364707385320756,bart_raw_econ
2020,48.36281871444773,bart_raw_econ
2020,48.36212392212431,bart_raw_econ
2020,48.36539947214041,bart_raw_econ
2020,48.37441155288626,bart_raw_econ
2020,48.377315437702634,bart_raw_econ
2020,48.38326965459538,bart_raw_econ
2020,48.385832492494195,bart_raw_econ
2020,48.38128632502004,bart_raw_econ
2020,48.376025459839155,bart_raw_econ
2020,48.382764406187206,bart_raw_econ
2020,48.39104915133148,bart_raw_econ
2020,48.40167655716805,bart_raw_econ
2020,48.40789403004843,bart_raw_econ
2020,48.41956776085405,bart_raw_econ
2020,48.41084929675959,bart_raw_econ
2020,48.40694250712325,bart_raw_econ
2020,48.4061428613463,bart_raw_econ
2020,48.41094038253138,bart_raw_econ
2020,48.40857816610478,bart_raw_econ
2020,48.412382047983634,bart_raw_econ
2020,48.41608969502117,bart_raw_econ
2020,48.419625462654835,bart_raw_econ
2020,48.41671566034647,bart_raw_econ
2020,48.419541112043206,bart_raw_econ
2020,48.42215378930454,bart_raw_econ
2020,48.42469152693259,bart_raw_econ
2020,48.42669019608887,bart_raw_econ
2020,48.42651570208716,bart_raw_econ
2020,48.42716043919626,bart_raw_econ
2020,48.42692148527758,bart_raw_econ
2020,48.4270154048111,bart_raw_econ
2020,48.41554785604337,bart_raw_econ
2020,48.40850263960585,bart_raw_econ
2020,48.407182967017164,bart_raw_econ
2020,48.404965528617026,bart_raw_econ
2020,48.40025051127536,bart_raw_econ
2020,48.40428102938138,bart_raw_econ
2020,48.40726636839477,bart_raw_econ
2020,48.42171460170377,bart_raw_econ
2020,48.42149869555211,bart_raw_econ
2020,48.417044291238945,bart_raw_econ
2020,48.4139063890255,bart_raw_econ
2020,48.409338559697694,bart_raw_econ
2020,48.41075762724847,bart_raw_econ
2020,48.40755278051651,bart_raw_econ
2020,48.412595933303486,bart_raw_econ
2020,48.40600081028503,bart_raw_econ
2020,48.41373673411623,bart_raw_econ
2020,48.4200537311913,bart_raw_econ
2020,48.422934236282266,bart_raw_econ
2020,48.415705074253104,bart_raw_econ
2020,48.41335124285443,bart_raw_econ
2020,48.414930200929696,bart_raw_econ
2020,48.42075907559836,bart_raw_econ
2020,48.418750701873634,bart_raw_econ
2020,48.426099315564315,bart_raw_econ
2020,48.424236013787706,bart_raw_econ
2020,48.418361455311825,bart_raw_econ
2020,48.41921419777539,bart_raw_econ
2020,48.4189238950304,bart_raw_econ
2020,48.414649651850226,bart_raw_econ
2020,48.41107286423733,bart_raw_econ
2020,48.419857756156325,bart_raw_econ
2020,48.416474514104536,bart_raw_econ
2020,48.415531347547656,bart_raw_econ
2020,48.40787190402,bart_raw_econ
2020,48.41556341359955,bart_raw_econ
2020,48.41948491988576,bart_raw_econ
2020,48.41425958676111,bart_raw_econ
2020,48.41684519418747,bart_raw_econ
2020,48.41065171696999,bart_raw_econ
2020,48.41028606780559,bart_raw_econ
2020,48.40531236810775,bart_raw_econ
2020,48.391168960698934,bart_raw_econ
2020,48.38991507024071,bart_raw_econ
2020,48.388695773416444,bart_raw_econ
2020,48.39000591029543,bart_raw_econ
2020,48.38884919796542,bart_raw_econ
2020,48.39214456460423,bart_raw_econ
2020,48.39214033004428,bart_raw_econ
2020,48.39343016878345,bart_raw_econ
2020,48.39231691612549,bart_raw_econ
2020,48.38902552047049,bart_raw_econ
2020,48.38645584790153,bart_raw_econ
2020,48.391063502631525,bart_raw_econ
2020,48.39237573071493,bart_raw_econ
2020,48.38254685799245,bart_raw_econ
2020,48.384809800144446,bart_raw_econ
2020,48.3861233293228,bart_raw_econ
2020,48.386194864775156,bart_raw_econ
2020,48.3786934627366,bart_raw_econ
2020,48.37538707811705,bart_raw_econ
2020,48.36897348355629,bart_raw_econ
2020,48.3670587700437,bart_raw_econ
2020,48.36230781779818,bart_raw_econ
2020,48.361217066379346,bart_raw_econ
2020,48.363537876519615,bart_raw_econ
2020,48.36338920537091,bart_raw_econ
2020,48.36520223574362,bart_raw_econ
2020,48.36134845480394,bart_raw_econ
2020,48.35990142207667,bart_raw_econ
2020,48.360430740272975,bart_raw_econ
2020,48.36476491857637,bart_raw_econ
2020,48.36202341410513,bart_raw_econ
2020,48.3665041785148,bart_raw_econ
2020,48.36550688850627,bart_raw_econ
2020,48.364983912585615,bart_raw_econ
2020,48.36374735078989,bart_raw_econ
2020,48.369491015503655,bart_raw_econ
2020,48.36975612558521,bart_raw_econ
2020,48.3725170324143,bart_raw_econ
2020,48.3675643907802,bart_raw_econ
2020,48.35656790323953,bart_raw_econ
2020,48.35578386921628,bart_raw_econ
2020,48.35853962178025,bart_raw_econ
2020,48.352708878139744,bart_raw_econ
2020,48.35309173739367,bart_raw_econ
2020,48.356985892255814,bart_raw_econ
2020,48.35462415943645,bart_raw_econ
2020,48.35346398508594,bart_raw_econ
2020,48.36004895326997,bart_raw_econ
2020,48.367354937321686,bart_raw_econ
2020,48.367715572766635,bart_raw_econ
2020,48.37209389064958,bart_raw_econ
2020,48.38613670060094,bart_raw_econ
2020,48.390738169969254,bart_raw_econ
2020,48.39048966769359,bart_raw_econ
2020,48.3877261004943,bart_raw_econ
2020,48.380190845372596,bart_raw_econ
2020,48.38464615952239,bart_raw_econ
2020,48.38577877609941,bart_raw_econ
2020,48.380699178932815,bart_raw_econ
2020,48.38264508966223,bart_raw_econ
2020,48.3739294932805,bart_raw_econ
2020,48.38371196703411,bart_raw_econ
2020,48.3816758164009,bart_raw_econ
2020,48.38826678746539,bart_raw_econ
2020,48.38703930841909,bart_raw_econ
2020,48.383698656517566,bart_raw_econ
2020,48.387035084081745,bart_raw_econ
2020,48.383189334519265,bart_raw_econ
2020,48.38067410248362,bart_raw_econ
2020,48.379475677591316,bart_raw_econ
2020,48.38686329582784,bart_raw_econ
2020,48.38614532743751,bart_raw_econ
2020,48.385196834543216,bart_raw_econ
2020,48.37954199947863,bart_raw_econ
2020,48.379137253885105,bart_raw_econ
2020,48.37397638192871,bart_raw_econ
2020,48.37026821756752,bart_raw_econ
2020,48.36974049235873,bart_raw_econ
2020,48.364446384821335,bart_raw_econ
2020,48.366220056377394,bart_raw_econ
2020,48.37728881254544,bart_raw_econ
2020,48.37772660943152,bart_raw_econ
2020,48.37328831167408,bart_raw_econ
2020,48.37953165757372,bart_raw_econ
2020,48.38682599425155,bart_raw_econ
2020,48.388691821674314,bart_raw_econ
2020,48.38739876986818,bart_raw_econ
2020,48.39439516758373,bart_raw_econ
2020,48.3907279326842,bart_raw_econ
2020,48.39030243751,bart_raw_econ
2020,48.38880847218135,bart_raw_econ
2020,48.38902123663834,bart_raw_econ
2020,48.38733496283988,bart_raw_econ
2020,48.39001977011562,bart_raw_econ
2020,48.396027611517795,bart_raw_econ
2020,48.40636259765803,bart_raw_econ
2020,48.40533049338574,bart_raw_econ
2020,48.41171269771016,bart_raw_econ
2020,48.40460082816435,bart_raw_econ
2020,48.4030183088278,bart_raw_econ
2020,48.39601034675674,bart_raw_econ
2020,48.396031639992714,bart_raw_econ
2020,48.39092611743586,bart_raw_econ
2020,48.39334926365481,bart_raw_econ
2020,48.39629006330946,bart_raw_econ
2020,48.39651759316757,bart_raw_econ
2020,48.39801501460512,bart_raw_econ
2020,48.39318102520312,bart_raw_econ
2020,48.387646131874135,bart_raw_econ
2020,48.39017313047871,bart_raw_econ
2020,48.406033034888054,bart_raw_econ
2020,48.40603874256041,bart_raw_econ
2020,48.411851893022785,bart_raw_econ
2020,48.41059961309653,bart_raw_econ
2020,48.41115054629405,bart_raw_econ
2020,48.41391183215904,bart_raw_econ
2020,48.41034089709609,bart_raw_econ
2020,48.406924569610624,bart_raw_econ
2020,48.3960796504244,bart_raw_econ
2020,48.392667108718314,bart_raw_econ
2020,48.39803491825919,bart_raw_econ
2020,48.39828433283162,bart_raw_econ
2020,48.38774019392943,bart_raw_econ
2020,48.38534755782994,bart_raw_econ
2020,48.390026986759715,bart_raw_econ
2020,48.38711286068756,bart_raw_econ
2020,48.38378602210415,bart_raw_econ
2020,48.38721791302989,bart_raw_econ
2020,48.38918448323476,bart_raw_econ
2020,48.38306357596915,bart_raw_econ
2020,48.391450341747515,bart_raw_econ
2020,48.39276430347206,bart_raw_econ
2020,48.395952386549034,bart_raw_econ
2020,48.395909833265534,bart_raw_econ
2020,48.39066070884492,bart_raw_econ
2020,48.39666414107736,bart_raw_econ
2020,48.390493870436714,bart_raw_econ
2020,48.384868185695034,bart_raw_econ
2020,48.38318582779675,bart_raw_econ
2020,48.374393303750495,bart_raw_econ
2020,48.3837243707849,bart_raw_econ
2020,48.383223792421795,bart_raw_econ
2020,48.382651486067566,bart_raw_econ
2020,48.38532503823162,bart_raw_econ
2020,48.38256002028179,bart_raw_econ
2020,48.38829850272226,bart_raw_econ
2020,48.38517982864133,bart_raw_econ
2020,48.38709836436488,bart_raw_econ
2020,48.38125529819554,bart_raw_econ
2020,48.37766720532542,bart_raw_econ
2020,48.37470482392837,bart_raw_econ
2020,48.374250967800386,bart_raw_econ
2020,48.37489963081693,bart_raw_econ
2020,48.37669566425542,bart_raw_econ
2020,48.38277012874116,bart_raw_econ
2020,48.38597135333413,bart_raw_econ
2020,48.385223208451634,bart_raw_econ
2020,48.39124737547126,bart_raw_econ
2020,48.392798822248665,bart_raw_econ
2020,48.40203958460135,bart_raw_econ
2020,48.40435105927787,bart_raw_econ
2020,48.40992565469958,bart_raw_econ
2020,48.39742220904449,bart_raw_econ
2020,48.3877618186002,bart_raw_econ
2020,48.380891419449675,bart_raw_econ
2020,48.370093725522736,bart_raw_econ
2020,48.37444078848581,bart_raw_econ
2020,48.37378002741878,bart_raw_econ
2020,48.379224874008244,bart_raw_econ
2020,48.381035008538,bart_raw_econ
2020,48.38447434241522,bart_raw_econ
2020,48.3789989115608,bart_raw_econ
2020,48.37883807831705,bart_raw_econ
2020,48.381353886059834,bart_raw_econ
2020,48.37718446984246,bart_raw_econ
2020,48.36857764140298,bart_raw_econ
2020,48.37758352075119,bart_raw_econ
2020,48.3868859802343,bart_raw_econ
2020,48.39283997795738,bart_raw_econ
2020,48.39820524922254,bart_raw_econ
2020,48.39503964865028,bart_raw_econ
2020,48.40481581257884,bart_raw_econ
2020,48.40305379167988,bart_raw_econ
2020,48.404678214053384,bart_raw_econ
2020,48.40352699341466,bart_raw_econ
2020,48.404506494396486,bart_raw_econ
2020,48.40605745525205,bart_raw_econ
2020,48.40875632451392,bart_raw_econ
2020,48.39899247234861,bart_raw_econ
2020,48.3951926044561,bart_raw_econ
2020,48.387847341980226,bart_raw_econ
2020,48.390623269443665,bart_raw_econ
2020,48.38388476392219,bart_raw_econ
2020,48.389564073520596,bart_raw_econ
2020,48.38979502563894,bart_raw_econ
2020,48.390186510982,bart_raw_econ
2020,48.39390407545778,bart_raw_econ
2020,48.39015985876562,bart_raw_econ
2020,48.38585698871326,bart_raw_econ
2020,48.38235595603849,bart_raw_econ
2020,48.38230352856378,bart_raw_econ
2020,48.37283341742413,bart_raw_econ
2020,48.38007347534737,bart_raw_econ
2020,48.37932010596874,bart_raw_econ
2020,48.380976348386724,bart_raw_econ
2020,48.381111935206135,bart_raw_econ
2020,48.378703171698916,bart_raw_econ
2020,48.38134939624391,bart_raw_econ
2020,48.37544769574503,bart_raw_econ
2020,48.374339127999306,bart_raw_econ
2020,48.37678270379027,bart_raw_econ
2020,48.37090508738318,bart_raw_econ
2020,48.374218605123424,bart_raw_econ
2020,48.372338952315296,bart_raw_econ
2020,48.374279167337406,bart_raw_econ
2020,48.371975888463595,bart_raw_econ
2020,48.37195747730204,bart_raw_econ
2020,48.37343412267459,bart_raw_econ
2020,48.381196155830594,bart_raw_econ
2020,48.38784043805164,bart_raw_econ
2020,48.38882103621351,bart_raw_econ
2020,48.38955295949569,bart_raw_econ
2020,48.390027637086504,bart_raw_econ
2020,48.390728701537384,bart_raw_econ
2020,48.390154636867635,bart_raw_econ
2020,48.38845782315381,bart_raw_econ
2020,48.386840975011935,bart_raw_econ
2020,48.38781725725744,bart_raw_econ
2020,48.38249077097028,bart_raw_econ
2020,48.38154903700704,bart_raw_econ
2020,48.388468262534445,bart_raw_econ
2020,48.383696178182085,bart_raw_econ
2020,48.3841482401072,bart_raw_econ
2020,48.38146680955474,bart_raw_econ
2020,48.375756806895396,bart_raw_econ
2020,48.37771746640629,bart_raw_econ
2020,48.38152408897996,bart_raw_econ
2020,48.38159495803128,bart_raw_econ
2020,48.37841852320226,bart_raw_econ
2020,48.37852547548783,bart_raw_econ
2020,48.37822504087136,bart_raw_econ
2020,48.37440236833666,bart_raw_econ
2020,48.37192130824933,bart_raw_econ
2020,48.37042094241568,bart_raw_econ
2020,48.37687382154029,bart_raw_econ
2020,48.374778040703305,bart_raw_econ
2020,48.377001973485164,bart_raw_econ
2020,48.377038685586705,bart_raw_econ
2020,48.37754833325657,bart_raw_econ
2020,48.37600004192273,bart_raw_econ
2020,48.37334531214004,bart_raw_econ
2020,48.372293661659924,bart_raw_econ
2020,48.37173083636734,bart_raw_econ
2020,48.367963386122746,bart_raw_econ
2020,48.36561516070372,bart_raw_econ
2020,48.36373322512457,bart_raw_econ
2020,48.36180303726598,bart_raw_econ
2020,48.35641043562532,bart_raw_econ
2020,48.35346856019219,bart_raw_econ
2020,48.35531995898347,bart_raw_econ
2020,48.35575161258001,bart_raw_econ
2020,48.357677061088964,bart_raw_econ
2020,48.35457597292596,bart_raw_econ
2020,48.3581603786232,bart_raw_econ
2020,48.36151225828032,bart_raw_econ
2020,48.35827274134665,bart_raw_econ
2020,48.359311711176055,bart_raw_econ
2020,48.35607312709863,bart_raw_econ
2020,48.348785674956446,bart_raw_econ
2020,48.3593478597643,bart_raw_econ
2020,48.35895930163956,bart_raw_econ
2020,48.358518496287395,bart_raw_econ
2020,48.35691416577326,bart_raw_econ
2020,48.36202590337192,bart_raw_econ
2020,48.36149486462349,bart_raw_econ
2020,48.36047976964609,bart_raw_econ
2020,48.3581963806009,bart_raw_econ
2020,48.359804382254545,bart_raw_econ
2020,48.35527156900362,bart_raw_econ
2020,48.357130323792546,bart_raw_econ
2020,48.35549191056664,bart_raw_econ
2020,48.35041712662177,bart_raw_econ
2020,48.352587334525055,bart_raw_econ
2020,48.35286373338977,bart_raw_econ
2020,48.36121740199578,bart_raw_econ
2020,48.35964648247129,bart_raw_econ
2020,48.354556387622075,bart_raw_econ
2020,48.35803657997753,bart_raw_econ
2020,48.364304937070216,bart_raw_econ
2020,48.36692483276738,bart_raw_econ
2020,48.36709104499603,bart_raw_econ
2020,48.36681290872315,bart_raw_econ
2020,48.36666885729423,bart_raw_econ
2020,48.36846963384052,bart_raw_econ
2020,48.37042316848866,bart_raw_econ
2020,48.374546410305285,bart_raw_econ
2020,48.372464885373105,bart_raw_econ
2020,48.371738105732035,bart_raw_econ
2020,48.368415654954156,bart_raw_econ
2020,48.369226258622824,bart_raw_econ
2020,48.368751037347586,bart_raw_econ
2020,48.37322393585743,bart_raw_econ
2020,48.379983406389705,bart_raw_econ
2020,48.38326164319932,bart_raw_econ
2020,48.387361268284785,bart_raw_econ
2020,48.38836085951873,bart_raw_econ
2020,48.38832675491709,bart_raw_econ
2020,48.39007356437118,bart_raw_econ
2020,48.38492055714779,bart_raw_econ
2020,48.384450441696124,bart_raw_econ
2020,48.37712685858835,bart_raw_econ
2020,48.38249764163831,bart_raw_econ
2020,48.38150677363028,bart_raw_econ
2020,48.378986304506036,bart_raw_econ
2020,48.378293180618,bart_raw_econ
2020,48.37894235366974,bart_raw_econ
2020,48.38254049883631,bart_raw_econ
2020,48.385104816912595,bart_raw_econ
2020,48.38055508507733,bart_raw_econ
2020,48.37866792735304,bart_raw_econ
2020,48.376384875649606,bart_raw_econ
2020,48.381752749571014,bart_raw_econ
2020,48.383515485581334,bart_raw_econ
2020,48.378453619533374,bart_raw_econ
2020,48.37734759994586,bart_raw_econ
2020,48.377203861918815,bart_raw_econ
2020,48.376007531408234,bart_raw_econ
2020,48.378748262226914,bart_raw_econ
2020,48.38296465163042,bart_raw_econ
2020,48.3829009338289,bart_raw_econ
2020,48.38541473489809,bart_raw_econ
2020,48.383470944290124,bart_raw_econ
2020,48.376363672944336,bart_raw_econ
2020,48.37451593918108,bart_raw_econ
2020,48.377701647401985,bart_raw_econ
2020,48.3866678247266,bart_raw_econ
2020,48.38939064745342,bart_raw_econ
2020,48.386849782104875,bart_raw_econ
2020,48.387360384844996,bart_raw_econ
2020,48.39133527482603,bart_raw_econ
2020,48.38839019106185,bart_raw_econ
2020,48.3907894709381,bart_raw_econ
2020,48.39501724906409,bart_raw_econ
2020,48.39334111817466,bart_raw_econ
2020,48.394521069339724,bart_raw_econ
2020,48.40122154027157,bart_raw_econ
2020,48.40171282336324,bart_raw_econ
2020,48.39961977619922,bart_raw_econ
2020,48.39687991042422,bart_raw_econ
2020,48.39794684820463,bart_raw_econ
2020,48.39824723237784,bart_raw_econ
2020,48.39560316366885,bart_raw_econ
2020,48.399833383496485,bart_raw_econ
2020,48.40310137734801,bart_raw_econ
2020,48.406520649170346,bart_raw_econ
2020,48.413659865212026,bart_raw_econ
2020,48.412040764284754,bart_raw_econ
2020,48.411293329334356,bart_raw_econ
2020,48.40231842538465,bart_raw_econ
2020,48.395999716471266,bart_raw_econ
2020,48.39270774129409,bart_raw_econ
2020,48.390797665236775,bart_raw_econ
2020,48.387898230510096,bart_raw_econ
2020,48.38621690410888,bart_raw_econ
2020,48.38114799278944,bart_raw_econ
2020,48.37737489544808,bart_raw_econ
2020,48.38175224207964,bart_raw_econ
2020,48.38769825217663,bart_raw_econ
2020,48.3890229476631,bart_raw_econ
2020,48.38805465576087,bart_raw_econ
2020,48.38762387390391,bart_raw_econ
2020,48.382831139406974,bart_raw_econ
2020,48.382379926489435,bart_raw_econ
2020,48.389304335488546,bart_raw_econ
2020,48.39024494271534,bart_raw_econ
2020,48.392454279259596,bart_raw_econ
2020,48.391810903827945,bart_raw_econ
2020,48.38873377846866,bart_raw_econ
2020,48.386955601388394,bart_raw_econ
2020,48.3910854207941,bart_raw_econ
2020,48.38948126703078,bart_raw_econ
2020,48.38973206007263,bart_raw_econ
2020,48.389365756234426,bart_raw_econ
2020,48.39156645937774,bart_raw_econ
2020,48.39250323287565,bart_raw_econ
2020,48.39113824156979,bart_raw_econ
2020,48.38564962310229,bart_raw_econ
2020,48.38163473862991,bart_raw_econ
2020,48.38867570644383,bart_raw_econ
2020,48.3933547644759,bart_raw_econ
2020,48.38421179539093,bart_raw_econ
2020,48.37839482910381,bart_raw_econ
2020,48.37894006695504,bart_raw_econ
2020,48.38051975571886,bart_raw_econ
2020,48.38445923247975,bart_raw_econ
2020,48.38241930242968,bart_raw_econ
2020,48.385234209374715,bart_raw_econ
2020,48.39166754314516,bart_raw_econ
2020,48.393990883306756,bart_raw_econ
2020,48.39696413881176,bart_raw_econ
2020,48.39832036819721,bart_raw_econ
2020,48.395673237210104,bart_raw_econ
2020,48.4023595956336,bart_raw_econ
2020,48.39988771324934,bart_raw_econ
2020,48.392213982604176,bart_raw_econ
2020,48.391216404537026,bart_raw_econ
2020,48.393627117835514,bart_raw_econ
2020,48.38945307540002,bart_raw_econ
2020,48.38912856321113,bart_raw_econ
2020,48.390022987522975,bart_raw_econ
2020,48.39339327125971,bart_raw_econ
2020,48.39839388029267,bart_raw_econ
2020,48.3916498003623,bart_raw_econ
2020,48.386354131435326,bart_raw_econ
2020,48.387569648670315,bart_raw_econ
2020,48.39000213555697,bart_raw_econ
2020,48.393851386281455,bart_raw_econ
2020,48.39115937316397,bart_raw_econ
2020,48.3897075490934,bart_raw_econ
2020,48.38621940324761,bart_raw_econ
2020,48.38155268861809,bart_raw_econ
2020,48.37806850770574,bart_raw_econ
2020,48.37772396927301,bart_raw_econ
2020,48.37850707313132,bart_raw_econ
2020,48.38369169106876,bart_raw_econ
2020,48.38170242524887,bart_raw_econ
2020,48.377306747787614,bart_raw_econ
2020,48.37646764389564,bart_raw_econ
2020,48.373478101268844,bart_raw_econ
2020,48.38314823377378,bart_raw_econ
2020,48.38493967079134,bart_raw_econ
2020,48.38487189622339,bart_raw_econ
2020,48.388484275921556,bart_raw_econ
2024,47.58862150068907,bart_raw_econ
2024,48.290392200753715,bart_raw_econ
2024,48.26380779728049,bart_raw_econ
2024,49.577242137359974,bart_raw_econ
2024,51.07982692086151,bart_raw_econ
2024,49.93661010718971,bart_raw_econ
2024,49.79919473198476,bart_raw_econ
2024,49.02746526475242,bart_raw_econ
2024,49.330955170560635,bart_raw_econ
2024,49.07014662078628,bart_raw_econ
2024,49.5565506068436,bart_raw_econ
2024,49.497074100008646,bart_raw_econ
2024,49.0985012162359,bart_raw_econ
2024,49.18216637944214,bart_raw_econ
2024,49.23307482122365,bart_raw_econ
2024,49.39776015637283,bart_raw_econ
2024,49.376700340260555,bart_raw_econ
2024,49.21504737355524,bart_raw_econ
2024,49.32835827018694,bart_raw_econ
2024,49.28640334612067,bart_raw_econ
2024,49.507562170289084,bart_raw_econ
2024,49.45983220417677,bart_raw_econ
2024,49.62735165995827,bart_raw_econ
2024,49.548365963654064,bart_raw_econ
2024,49.78256309579598,bart_raw_econ
2024,49.79233059553398,bart_raw_econ
2024,49.74823682237896,bart_raw_econ
2024,49.65828250818258,bart_raw_econ
2024,49.34822561664562,bart_raw_econ
2024,49.548744931635554,bart_raw_econ
2024,49.6137527314983,bart_raw_econ
2024,49.6271074721272,bart_raw_econ
2024,49.46746095451961,bart_raw_econ
2024,49.58338823681491,bart_raw_econ
2024,49.5395352781908,bart_raw_econ
2024,49.57674764529799,bart_raw_econ
2024,49.71443167566101,bart_raw_econ
2024,49.795439266117825,bart_raw_econ
2024,49.98885326861682,bart_raw_econ
2024,49.91412513390934,bart_raw_econ
2024,49.70869971094892,bart_raw_econ
2024,49.737024335956946,bart_raw_econ
2024,49.601987591600256,bart_raw_econ
2024,49.61682408748005,bart_raw_econ
2024,49.66558540092779,bart_raw_econ
2024,49.727550213714586,bart_raw_econ
2024,49.833351333771645,bart_raw_econ
2024,49.85122091764856,bart_raw_econ
2024,49.937104507089316,bart_raw_econ
2024,49.93942774080345,bart_raw_econ
2024,49.88150653217502,bart_raw_econ
2024,49.988871219532896,bart_raw_econ
2024,50.04326627551279,bart_raw_econ
2024,50.080840739698644,bart_raw_econ
2024,50.072595423837264,bart_raw_econ
2024,50.01489381489204,bart_raw_econ
2024,50.05041539887629,bart_raw_econ
2024,50.10097320333797,bart_raw_econ
2024,50.078970336337974,bart_raw_econ
2024,49.99948116121426,bart_raw_econ
2024,49.84669441098592,bart_raw_econ
2024,49.82521821750831,bart_raw_econ
2024,49.84554250960957,bart_raw_econ
2024,49.92681902569135,bart_raw_econ
2024,50.04215371973618,bart_raw_econ
2024,50.097780677564195,bart_raw_econ
2024,50.120755591626775,bart_raw_econ
2024,50.10035706770849,bart_raw_econ
2024,50.092887994654106,bart_raw_econ
2024,50.048736458874465,bart_raw_econ
2024,49.97906321028259,bart_raw_econ
2024,49.94812481214208,bart_raw_econ
2024,50.01799458307284,bart_raw_econ
2024,50.04136267485042,bart_raw_econ
2024,50.053236747099696,bart_raw_econ
2024,50.00198978475129,bart_raw_econ
2024,50.082271382800144,bart_raw_econ
2024,50.11922949887425,bart_raw_econ
2024,50.16126658228076,bart_raw_econ
2024,50.13259406855326,bart_raw_econ
2024,50.17219139590397,bart_raw_econ
2024,50.23250465306398,bart_raw_econ
2024,50.299796393026725,bart_raw_econ
2024,50.32919819499427,bart_raw_econ
2024,50.35260467778798,bart_raw_econ
2024,50.33586982244429,bart_raw_econ
2024,50.35861889895504,bart_raw_econ
2024,50.42736578227804,bart_raw_econ
2024,50.39319634734656,bart_raw_econ
2024,50.35411395580816,bart_raw_econ
2024,50.35522758213142,bart_raw_econ
2024,50.32946031729906,bart_raw_econ
2024,50.35021939879614,bart_raw_econ
2024,50.2747453297966,bart_raw_econ
2024,50.24883334736876,bart_raw_econ
2024,50.283947093017936,bart_raw_econ
2024,50.254352361874396,bart_raw_econ
2024,50.25108886061832,bart_raw_econ
2024,50.26630570645479,bart_raw_econ
2024,50.26994218465795,bart_raw_econ
2024,50.24543584492391,bart_raw_econ
2024,50.19844810920795,bart_raw_econ
2024,50.198774383156916,bart_raw_econ
2024,50.20438201192581,bart_raw_econ
2024,50.23284525389585,bart_raw_econ
2024,50.282143779560116,bart_raw_econ
2024,50.27896998279022,bart_raw_econ
2024,50.3469592285632,bart_raw_econ
2024,50.319675843991874,bart_raw_econ
2024,50.37924785913768,bart_raw_econ
2024,50.32341459845061,bart_raw_econ
2024,50.36755788538743,bart_raw_econ
2024,50.301113909150715,bart_raw_econ
2024,50.29801281640684,bart_raw_econ
2024,50.265728566618264,bart_raw_econ
2024,50.26767312415111,bart_raw_econ
2024,50.238180249686756,bart_raw_econ
2024,50.178590076082756,bart_raw_econ
2024,50.13418048233065,bart_raw_econ
2024,50.07416814247622,bart_raw_econ
2024,50.05076356537781,bart_raw_econ
2024,50.01216457079962,bart_raw_econ
2024,50.00570758190852,bart_raw_econ
2024,50.030705098445594,bart_raw_econ
2024,50.034943822334014,bart_raw_econ
2024,50.08678076453796,bart_raw_econ
2024,50.08845682417075,bart_raw_econ
2024,50.070704680532195,bart_raw_econ
2024,50.082547939373974,bart_raw_econ
2024,50.051270382399586,bart_raw_econ
2024,50.033518188996126,bart_raw_econ
2024,49.98932342317622,bart_raw_econ
2024,49.9688027567935,bart_raw_econ
2024,49.93658142839992,bart_raw_econ
2024,49.89742007732346,bart_raw_econ
2024,49.87661051017745,bart_raw_econ
2024,49.88296633987211,bart_raw_econ
2024,49.87254112772956,bart_raw_econ
2024,49.85326184348983,bart_raw_econ
2024,49.9075900197169,bart_raw_econ
2024,49.878850649365035,bart_raw_econ
2024,49.9227273821781,bart_raw_econ
2024,49.88755988601604,bart_raw_econ
2024,49.876597947147864,bart_raw_econ
2024,49.88892005925388,bart_raw_econ
2024,49.912347155282426,bart_raw_econ
2024,49.92862595029946,bart_raw_econ
2024,49.92579796256007,bart_raw_econ
2024,49.932855170325325,bart_raw_econ
2024,49.91331117951634,bart_raw_econ
2024,49.93191854577958,bart_raw_econ
2024,49.93393073732669,bart_raw_econ
2024,49.929623877495914,bart_raw_econ
2024,49.905930658792364,bart_raw_econ
2024,49.884343280171265,bart_raw_econ
2024,49.91638412094244,bart_raw_econ
2024,49.921995350747956,bart_raw_econ
2024,49.907979673513466,bart_raw_econ
2024,49.94717194103001,bart_raw_econ
2024,49.97586578347839,bart_raw_econ
2024,49.945786691754336,bart_raw_econ
2024,49.92813943802889,bart_raw_econ
2024,49.915582673197115,bart_raw_econ
2024,49.94783910799021,bart_raw_econ
2024,49.972454782288615,bart_raw_econ
2024,49.9654288644777,bart_raw_econ
2024,49.94852215263733,bart_raw_econ
2024,49.96236669440994,bart_raw_econ
2024,50.00435025831507,bart_raw_econ
2024,50.00047258065184,bart_raw_econ
2024,49.96755007639359,bart_raw_econ
2024,49.979921746906285,bart_raw_econ
2024,49.99055656608807,bart_raw_econ
2024,49.9915478404221,bart_raw_econ
2024,49.97754973100334,bart_raw_econ
2024,49.98755011882602,bart_raw_econ
2024,49.993262161115666,bart_raw_econ
2024,49.9818552006146,bart_raw_econ
2024,49.975812116055124,bart_raw_econ
2024,50.01979604759899,bart_raw_econ
2024,50.0526908724921,bart_raw_econ
2024,50.0274493391789,bart_raw_econ
2024,50.03096446440644,bart_raw_econ
2024,49.992571168276825,bart_raw_econ
2024,49.995650785532774,bart_raw_econ
2024,50.00715664029194,bart_raw_econ
2024,50.033742971057734,bart_raw_econ
2024,50.03922841295439,bart_raw_econ
2024,50.02576356680753,bart_raw_econ
2024,50.0240472659381,bart_raw_econ
2024,50.04526499850546,bart_raw_econ
2024,50.00618686236365,bart_raw_econ
2024,50.02112639691808,bart_raw_econ
2024,50.00162583092713,bart_raw_econ
2024,49.995779959650605,bart_raw_econ
2024,49.969241763412256,bart_raw_econ
2024,49.954497029283644,bart_raw_econ
2024,49.94080105947377,bart_raw_econ
2024,49.93915952890093,bart_raw_econ
2024,49.97607797477375,bart_raw_econ
2024,50.00886812258648,bart_raw_econ
2024,49.976276996672496,bart_raw_econ
2024,49.980121488879334,bart_raw_econ
2024,49.994409100595874,bart_raw_econ
2024,49.99714249605577,bart_raw_econ
2024,49.990480568188,bart_raw_econ
2024,49.97056789175248,bart_raw_econ
2024,49.96202928184272,bart_raw_econ
2024,49.957227666437646,bart_raw_econ
2024,49.95287256659553,bart_raw_econ
2024,49.93628584050924,bart_raw_econ
2024,49.939285212333935,bart_raw_econ
2024,49.941803696892194,bart_raw_econ
2024,49.940484708337735,bart_raw_econ
2024,49.95214949217858,bart_raw_econ
2024,49.96419911998705,bart_raw_econ
2024,49.965291017936124,bart_raw_econ
2024,49.95698100174498,bart_raw_econ
2024,49.96203936890208,bart_raw_econ
2024,49.93258896813508,bart_raw_econ
2024,49.91527690720759,bart_raw_econ
2024,49.88634954538227,bart_raw_econ
2024,49.88049550894002,bart_raw_econ
2024,49.871698730547195,bart_raw_econ
2024,49.846702514596494,bart_raw_econ
2024,49.86024570577276,bart_raw_econ
2024,49.86390220253614,bart_raw_econ
2024,49.82172760554646,bart_raw_econ
2024,49.816648186210244,bart_raw_econ
2024,49.84672109299528,bart_raw_econ
2024,49.820537426432935,bart_raw_econ
2024,49.81028847677809,bart_raw_econ
2024,49.82673660608398,bart_raw_econ
2024,49.839687011472975,bart_raw_econ
2024,49.83643533423252,bart_raw_econ
2024,49.82116112697494,bart_raw_econ
2024,49.82979999535195,bart_raw_econ
2024,49.817183321471006,bart_raw_econ
2024,49.811539239111355,bart_raw_econ
2024,49.804872770119275,bart_raw_econ
2024,49.81558244071257,bart_raw_econ
2024,49.83031869551168,bart_raw_econ
2024,49.81160938537178,bart_raw_econ
2024,49.824103685425925,bart_raw_econ
2024,49.858092065515066,bart_raw_econ
2024,49.85562159388804,bart_raw_econ
2024,49.876171874711446,bart_raw_econ
2024,49.850982339532955,bart_raw_econ
2024,49.85721023926966,bart_raw_econ
2024,49.85330314843199,bart_raw_econ
2024,49.851424850699146,bart_raw_econ
2024,49.83505444927147,bart_raw_econ
2024,49.828598910946376,bart_raw_econ
2024,49.797859206977904,bart_raw_econ
2024,49.769519868242355,bart_raw_econ
2024,49.7791844498595,bart_raw_econ
2024,49.77246189855124,bart_raw_econ
2024,49.78350105132162,bart_raw_econ
2024,49.772308399947136,bart_raw_econ
2024,49.76005383911435,bart_raw_econ
2024,49.75237465258109,bart_raw_econ
2024,49.74075572081392,bart_raw_econ
2024,49.745818884874396,bart_raw_econ
2024,49.76675903777037,bart_raw_econ
2024,49.777301938909496,bart_raw_econ
2024,49.77562768832787,bart_raw_econ
2024,49.79564781924585,bart_raw_econ
2024,49.80926246273748,bart_raw_econ
2024,49.83432182887775,bart_raw_econ
2024,49.843095544262965,bart_raw_econ
2024,49.827953595730875,bart_raw_econ
2024,49.8422207669268,bart_raw_econ
2024,49.85514642469473,bart_raw_econ
2024,49.866147350258025,bart_raw_econ
2024,49.89851051440897,bart_raw_econ
2024,49.90689596345102,bart_raw_econ
2024,49.898179181449905,bart_raw_econ
2024,49.88965379649679,bart_raw_econ
2024,49.90304914777666,bart_raw_econ
2024,49.89993602756406,bart_raw_econ
2024,49.895382925107526,bart_raw_econ
2024,49.915520259061665,bart_raw_econ
2024,49.90367758980207,bart_raw_econ
2024,49.90334863162539,bart_raw_econ
2024,49.882461043203705,bart_raw_econ
2024,49.89340841347944,bart_raw_econ
2024,49.88085886863729,bart_raw_econ
2024,49.86762765859572,bart_raw_econ
2024,49.877839498288346,bart_raw_econ
2024,49.882053270106184,bart_raw_econ
2024,49.90656227171739,bart_raw_econ
2024,49.891242630676274,bart_raw_econ
2024,49.910300112703915,bart_raw_econ
2024,49.919232985486204,bart_raw_econ
2024,49.92033866790791,bart_raw_econ
2024,49.930736615531316,bart_raw_econ
2024,49.9363194810185,bart_raw_econ
2024,49.934327912342596,bart_raw_econ
2024,49.937420154097126,bart_raw_econ
2024,49.926121435208955,bart_raw_econ
2024,49.91012269670307,bart_raw_econ
2024,49.90711012088836,bart_raw_econ
2024,49.906950691339205,bart_raw_econ
2024,49.9048870147307,bart_raw_econ
2024,49.89611139623399,bart_raw_econ
2024,49.88340077458611,bart_raw_econ
2024,49.8743498189898,bart_raw_econ
2024,49.887543922510346,bart_raw_econ
2024,49.893880149086534,bart_raw_econ
2024,49.8757256872844,bart_raw_econ
2024,49.84686118760053,bart_raw_econ
2024,49.832550223337236,bart_raw_econ
2024,49.85449857405724,bart_raw_econ
2024,49.85307474351332,bart_raw_econ
2024,49.853702770029656,bart_raw_econ
2024,49.85079526392978,bart_raw_econ
2024,49.85528988446134,bart_raw_econ
2024,49.84115588482129,bart_raw_econ
2024,49.81425706901804,bart_raw_econ
2024,49.83423310521269,bart_raw_econ
2024,49.83923476389246,bart_raw_econ
2024,49.83919750714485,bart_raw_econ
2024,49.835822447066,bart_raw_econ
2024,49.84377061414968,bart_raw_econ
2024,49.86402152468846,bart_raw_econ
2024,49.85281494222196,bart_raw_econ
2024,49.84827816490319,bart_raw_econ
2024,49.86037061284573,bart_raw_econ
2024,49.879950830520166,bart_raw_econ
2024,49.86426469820402,bart_raw_econ
2024,49.86656243256761,bart_raw_econ
2024,49.86529884915744,bart_raw_econ
2024,49.85855948411141,bart_raw_econ
2024,49.8361440243724,bart_raw_econ
2024,49.83398331972857,bart_raw_econ
2024,49.82112746624699,bart_raw_econ
2024,49.81607649872113,bart_raw_econ
2024,49.813744463852515,bart_raw_econ
2024,49.8092866219289,bart_raw_econ
2024,49.821835689215334,bart_raw_econ
2024,49.82512756309444,bart_raw_econ
2024,49.8192105941751,bart_raw_econ
2024,49.794855565756734,bart_raw_econ
2024,49.790545590073435,bart_raw_econ
2024,49.76993917415295,bart_raw_econ
2024,49.783670553095774,bart_raw_econ
2024,49.779779114896186,bart_raw_econ
2024,49.77561896226396,bart_raw_econ
2024,49.7808549283095,bart_raw_econ
2024,49.79439903815988,bart_raw_econ
2024,49.79946457743071,bart_raw_econ
2024,49.80921380188401,bart_raw_econ
2024,49.81545232792806,bart_raw_econ
2024,49.78723445318682,bart_raw_econ
2024,49.803813804969835,bart_raw_econ
2024,49.81703562411031,bart_raw_econ
2024,49.82229268864701,bart_raw_econ
2024,49.841155459425046,bart_raw_econ
2024,49.84374149440906,bart_raw_econ
2024,49.832791771846765,bart_raw_econ
2024,49.826101991169466,bart_raw_econ
2024,49.83958509464869,bart_raw_econ
2024,49.856972272275115,bart_raw_econ
2024,49.86733919482109,bart_raw_econ
2024,49.88085695001242,bart_raw_econ
2024,49.89011315531742,bart_raw_econ
2024,49.8932506033325,bart_raw_econ
2024,49.89409824494662,bart_raw_econ
2024,49.89049573801517,bart_raw_econ
2024,49.889464478640456,bart_raw_econ
2024,49.88997212766519,bart_raw_econ
2024,49.881685120127266,bart_raw_econ
2024,49.883507066533326,bart_raw_econ
2024,49.86562509023567,bart_raw_econ
2024,49.85688137314773,bart_raw_econ
2024,49.84668799537703,bart_raw_econ
2024,49.85930694453513,bart_raw_econ
2024,49.859196524297495,bart_raw_econ
2024,49.853939406306466,bart_raw_econ
2024,49.858706989927384,bart_raw_econ
2024,49.86197375005794,bart_raw_econ
2024,49.873443223581084,bart_raw_econ
2024,49.873919935576,bart_raw_econ
2024,49.87780632802442,bart_raw_econ
2024,49.88009178582264,bart_raw_econ
2024,49.87037493698158,bart_raw_econ
2024,49.867363866879614,bart_raw_econ
2024,49.874152813601,bart_raw_econ
2024,49.87262669564818,bart_raw_econ
2024,49.88035453423972,bart_raw_econ
2024,49.89406883769117,bart_raw_econ
2024,49.894165893268664,bart_raw_econ
2024,49.891057439789456,bart_raw_econ
2024,49.88558498182465,bart_raw_econ
2024,49.86446908563694,bart_raw_econ
2024,49.86799468346583,bart_raw_econ
2024,49.87739466318162,bart_raw_econ
2024,49.89328747717686,bart_raw_econ
2024,49.90709914815987,bart_raw_econ
2024,49.906085438498785,bart_raw_econ
2024,49.90248696162283,bart_raw_econ
2024,49.9135581022753,bart_raw_econ
2024,49.90901056323032,bart_raw_econ
2024,49.89834054949395,bart_raw_econ
2024,49.908170161207565,bart_raw_econ
2024,49.91522166248537,bart_raw_econ
2024,49.91475037603338,bart_raw_econ
2024,49.90079084872662,bart_raw_econ
2024,49.9036790271611,bart_raw_econ
2024,49.902631449005256,bart_raw_econ
2024,49.89535577668651,bart_raw_econ
2024,49.89360453482196,bart_raw_econ
2024,49.910418486610155,bart_raw_econ
2024,49.9045905751289,bart_raw_econ
2024,49.89246138191226,bart_raw_econ
2024,49.89340072765724,bart_raw_econ
2024,49.88993945097461,bart_raw_econ
2024,49.89093528379532,bart_raw_econ
2024,49.897846215925654,bart_raw_econ
2024,49.89353471628914,bart_raw_econ
2024,49.89432213972582,bart_raw_econ
2024,49.89706806426284,bart_raw_econ
2024,49.89408271561164,bart_raw_econ
2024,49.88364722434835,bart_raw_econ
2024,49.88212670088695,bart_raw_econ
2024,49.87768476464353,bart_raw_econ
2024,49.8757461543198,bart_raw_econ
2024,49.87505839911426,bart_raw_econ
2024,49.86966210572506,bart_raw_econ
2024,49.86898002728131,bart_raw_econ
2024,49.857911601890905,bart_raw_econ
2024,49.85742384668044,bart_raw_econ
2024,49.859503161135194,bart_raw_econ
2024,49.863310276358504,bart_raw_econ
2024,49.848019859076224,bart_raw_econ
2024,49.83798469203443,bart_raw_econ
2024,49.82138138443579,bart_raw_econ
2024,49.82547277488351,bart_raw_econ
2024,49.819948345258794,bart_raw_econ
2024,49.827026706830154,bart_raw_econ
2024,49.82110621530716,bart_raw_econ
2024,49.82209510800641,bart_raw_econ
2024,49.821099245490615,bart_raw_econ
2024,49.81666846377882,bart_raw_econ
2024,49.824153460331054,bart_raw_econ
2024,49.81240551573302,bart_raw_econ
2024,49.81250958301615,bart_raw_econ
2024,49.81420486307126,bart_raw_econ
2024,49.81057809049344,bart_raw_econ
2024,49.81891781671173,bart_raw_econ
2024,49.814693440161975,bart_raw_econ
2024,49.832436773383385,bart_raw_econ
2024,49.85608282492419,bart_raw_econ
2024,49.85489502221692,bart_raw_econ
2024,49.84724188856836,bart_raw_econ
2024,49.84565668384266,bart_raw_econ
2024,49.85166806651509,bart_raw_econ
2024,49.86004342308812,bart_raw_econ
2024,49.85964712432608,bart_raw_econ
2024,49.85029335100516,bart_raw_econ
2024,49.842359704485766,bart_raw_econ
2024,49.839886091470305,bart_raw_econ
2024,49.83874688042771,bart_raw_econ
2024,49.83589681001129,bart_raw_econ
2024,49.826161277795535,bart_raw_econ
2024,49.826718462189376,bart_raw_econ
2024,49.822223224749784,bart_raw_econ
2024,49.83177578168767,bart_raw_econ
2024,49.8212466668223,bart_raw_econ
2024,49.82549480086627,bart_raw_econ
2024,49.82182602421706,bart_raw_econ
2024,49.83577856024405,bart_raw_econ
2024,49.82922875418176,bart_raw_econ
2024,49.82166885442098,bart_raw_econ
2024,49.81534103159936,bart_raw_econ
2024,49.81867837846941,bart_raw_econ
2024,49.81066525296629,bart_raw_econ
2024,49.81177248218383,bart_raw_econ
2024,49.809314916619705,bart_raw_econ
2024,49.804631626926835,bart_raw_econ
2024,49.82478316838157,bart_raw_econ
2024,49.83893555471438,bart_raw_econ
2024,49.83276020240486,bart_raw_econ
2024,49.84302765903906,bart_raw_econ
2024,49.848229146208936,bart_raw_econ
2024,49.84871466104776,bart_raw_econ
2024,49.839575858983345,bart_raw_econ
2024,49.858468327152664,bart_raw_econ
2024,49.852008027170115,bart_raw_econ
2024,49.85397267085496,bart_raw_econ
2024,49.84946303965766,bart_raw_econ
2024,49.84981319029186,bart_raw_econ
2024,49.86578957689959,bart_raw_econ
2024,49.865601338738,bart_raw_econ
2024,49.86056477153187,bart_raw_econ
2024,49.854688891707546,bart_raw_econ
2024,49.85228170266849,bart_raw_econ
2024,49.84998764530483,bart_raw_econ
2024,49.84893431069226,bart_raw_econ
2024,49.849059803253844,bart_raw_econ
2024,49.854231871606835,bart_raw_econ
2024,49.85855088539428,bart_raw_econ
2024,49.85881279338827,bart_raw_econ
2024,49.854966282264556,bart_raw_econ
2024,49.84698921188709,bart_raw_econ
2024,49.859194986945845,bart_raw_econ
2024,49.86607261599458,bart_raw_econ
2024,49.87187680683979,bart_raw_econ
2024,49.86689648623294,bart_raw_econ
2024,49.867482298749216,bart_raw_econ
2024,49.867401907377115,bart_raw_econ
2024,49.86913413820283,bart_raw_econ
2024,49.865388970775165,bart_raw_econ
2024,49.87275199517961,bart_raw_econ
2024,49.88077647520578,bart_raw_econ
2024,49.882608091001025,bart_raw_econ
2024,49.888302638398116,bart_raw_econ
2024,49.896535789070306,bart_raw_econ
2024,49.901919245527296,bart_raw_econ
2024,49.89863135855049,bart_raw_econ
2024,49.90706447829157,bart_raw_econ
2024,49.90642206014222,bart_raw_econ
2024,49.90729753988237,bart_raw_econ
2024,49.91447688674508,bart_raw_econ
2024,49.92052864576442,bart_raw_econ
2024,49.91927718720007,bart_raw_econ
2024,49.918191267073226,bart_raw_econ
2024,49.91241623657158,bart_raw_econ
2024,49.92731233167161,bart_raw_econ
2024,49.92069991961267,bart_raw_econ
2024,49.93129274944169,bart_raw_econ
2024,49.932788710897825,bart_raw_econ
2024,49.9469887509742,bart_raw_econ
2024,49.94929321031636,bart_raw_econ
2024,49.94477086546166,bart_raw_econ
2024,49.94202108687732,bart_raw_econ
2024,49.94939151906041,bart_raw_econ
2024,49.958021502173686,bart_raw_econ
2024,49.95854966070404,bart_raw_econ
2024,49.95480852421443,bart_raw_econ
2024,49.95685691951499,bart_raw_econ
2024,49.96594037850187,bart_raw_econ
2024,49.9696192015028,bart_raw_econ
2024,49.973948499352844,bart_raw_econ
2024,49.97538899185689,bart_raw_econ
2024,49.9756356590258,bart_raw_econ
2024,49.98312514857088,bart_raw_econ
2024,49.99795197450466,bart_raw_econ
2024,49.99549227131927,bart_raw_econ
2024,50.000042501671125,bart_raw_econ
2024,49.99794071432942,bart_raw_econ
2024,50.00293627633222,bart_raw_econ
2024,50.005425981883846,bart_raw_econ
2024,50.00599409856603,bart_raw_econ
2024,50.00395926208131,bart_raw_econ
2024,50.010197118781896,bart_raw_econ
2024,50.00145173396227,bart_raw_econ
2024,50.00422813218118,bart_raw_econ
2024,49.998237092496694,bart_raw_econ
2024,49.992763902620375,bart_raw_econ
2024,50.00013697490242,bart_raw_econ
2024,50.0037825260424,bart_raw_econ
2024,49.999251755357015,bart_raw_econ
2024,50.0010583105832,bart_raw_econ
2024,50.000935776672506,bart_raw_econ
2024,49.99792699288628,bart_raw_econ
2024,49.99583742869834,bart_raw_econ
2024,49.985369305644745,bart_raw_econ
2024,49.9790694583221,bart_raw_econ
2024,49.97922405922783,bart_raw_econ
2024,49.97858713082453,bart_raw_econ
2024,49.97331208775146,bart_raw_econ
2024,49.97646636933532,bart_raw_econ
2024,49.981652279037554,bart_raw_econ
2024,49.9777424629836,bart_raw_econ
2024,49.964643299831565,bart_raw_econ
2024,49.960645015806556,bart_raw_econ
2024,49.95479737213462,bart_raw_econ
2024,49.964308043803754,bart_raw_econ
2024,49.98032391646841,bart_raw_econ
2024,49.98115369040761,bart_raw_econ
2024,49.974464748347366,bart_raw_econ
2024,49.97210102540708,bart_raw_econ
2024,49.96448540192391,bart_raw_econ
2024,49.96460669805245,bart_raw_econ
2024,49.95334073169665,bart_raw_econ
2024,49.96268519578126,bart_raw_econ
2024,49.96021207401546,bart_raw_econ
2024,49.951421556060225,bart_raw_econ
2024,49.94859064255904,bart_raw_econ
2024,49.94503669159705,bart_raw_econ
2024,49.95172884743969,bart_raw_econ
2024,49.94174035696063,bart_raw_econ
2024,49.95021576168135,bart_raw_econ
2024,49.95523236246012,bart_raw_econ
2024,49.967746246519525,bart_raw_econ
2024,49.966381342124464,bart_raw_econ
2024,49.95909287036193,bart_raw_econ
2024,49.95164589185528,bart_raw_econ
2024,49.96347783586328,bart_raw_econ
2024,49.96239172419996,bart_raw_econ
2024,49.960285866489436,bart_raw_econ
2024,49.969120500691446,bart_raw_econ
2024,49.97100470259035,bart_raw_econ
2024,49.96144966165233,bart_raw_econ
2024,49.96015447890281,bart_raw_econ
2024,49.949926167547744,bart_raw_econ
2024,49.954248485184706,bart_raw_econ
2024,49.95119282633607,bart_raw_econ
2024,49.953541741483036,bart_raw_econ
2024,49.95127979052357,bart_raw_econ
2024,49.95390770843333,bart_raw_econ
2024,49.945498667246,bart_raw_econ
2024,49.94721422977594,bart_raw_econ
2024,49.955450881955,bart_raw_econ
2024,49.964093904840745,bart_raw_econ
2024,49.94762769158151,bart_raw_econ
2024,49.94734126399687,bart_raw_econ
2024,49.9577732662685,bart_raw_econ
2024,49.97085270388169,bart_raw_econ
2024,49.979353532415274,bart_raw_econ
2024,49.99362273839081,bart_raw_econ
2024,49.978995316119686,bart_raw_econ
2024,49.97863836873876,bart_raw_econ
2024,49.96879814966972,bart_raw_econ
2024,49.96012136397569,bart_raw_econ
2024,49.95450212521372,bart_raw_econ
2024,49.956746603991725,bart_raw_econ
2024,49.95878838118668,bart_raw_econ
2024,49.95802810962176,bart_raw_econ
2024,49.96501043070067,bart_raw_econ
2024,49.966486711988296,bart_raw_econ
2024,49.95780731672418,bart_raw_econ
2024,49.967231366222464,bart_raw_econ
2024,49.97133386051473,bart_raw_econ
2024,49.96364837025787,bart_raw_econ
2024,49.96475391150418,bart_raw_econ
2024,49.9707022463956,bart_raw_econ
2024,49.97012144462748,bart_raw_econ
2024,49.97213204340963,bart_raw_econ
2024,49.96918009942876,bart_raw_econ
2024,49.97585482917811,bart_raw_econ
2024,49.98597911293307,bart_raw_econ
2024,49.97857908485206,bart_raw_econ
2024,49.967769763759286,bart_raw_econ
2024,49.96204221221679,bart_raw_econ
2024,49.95916475614135,bart_raw_econ
2024,49.96579815130269,bart_raw_econ
2024,49.958453237576734,bart_raw_econ
2024,49.94940910757938,bart_raw_econ
2024,49.948947567558356,bart_raw_econ
2024,49.954045864994626,bart_raw_econ
2024,49.94616296017543,bart_raw_econ
2024,49.945177471052894,bart_raw_econ
2024,49.94178298402671,bart_raw_econ
2024,49.945345356180916,bart_raw_econ
2024,49.94602166870426,bart_raw_econ
2024,49.94482816174469,bart_raw_econ
2024,49.94830359147418,bart_raw_econ
2024,49.942577290034095,bart_raw_econ
2024,49.94315089947421,bart_raw_econ
2024,49.94623552395461,bart_raw_econ
2024,49.955350350744965,bart_raw_econ
2024,49.943909605659705,bart_raw_econ
2024,49.950675961454195,bart_raw_econ
2024,49.941910792399256,bart_raw_econ
2024,49.94324414182267,bart_raw_econ
2024,49.93793278482349,bart_raw_econ
2024,49.93617993797457,bart_raw_econ
2024,49.9282786608456,bart_raw_econ
2024,49.935495996759116,bart_raw_econ
2024,49.943789863128686,bart_raw_econ
2024,49.93805917506634,bart_raw_econ
2024,49.94585867964304,bart_raw_econ
2024,49.94191658210134,bart_raw_econ
2024,49.936857315996875,bart_raw_econ
2024,49.938416263808016,bart_raw_econ
2024,49.94421535071193,bart_raw_econ
2024,49.94440492679338,bart_raw_econ
2024,49.93649088993394,bart_raw_econ
2024,49.93027682546852,bart_raw_econ
2024,49.92971449333915,bart_raw_econ
2024,49.937169998855936,bart_raw_econ
2024,49.93680570982466,bart_raw_econ
2024,49.93655646615363,bart_raw_econ
2024,49.93607136817407,bart_raw_econ
2024,49.93717394832369,bart_raw_econ
2024,49.9371187988778,bart_raw_econ
2024,49.931965658340324,bart_raw_econ
2024,49.91854878279525,bart_raw_econ
2024,49.91903397845009,bart_raw_econ
2024,49.93298772704863,bart_raw_econ
2024,49.93154490087289,bart_raw_econ
2024,49.93077164002584,bart_raw_econ
2024,49.92711928758713,bart_raw_econ
2024,49.929369110085176,bart_raw_econ
2024,49.9294586443477,bart_raw_econ
2024,49.93430457750014,bart_raw_econ
2024,49.94360522332544,bart_raw_econ
2024,49.955186807378524,bart_raw_econ
2024,49.957195944460324,bart_raw_econ
2024,49.94774847215935,bart_raw_econ
2024,49.94022239850251,bart_raw_econ
2024,49.935501152751364,bart_raw_econ
2024,49.929361988817305,bart_raw_econ
2024,49.92908119119657,bart_raw_econ
2024,49.9184129201998,bart_raw_econ
2024,49.91879606557325,bart_raw_econ
2024,49.92319977678192,bart_raw_econ
2024,49.915344930724906,bart_raw_econ
2024,49.911000663653155,bart_raw_econ
2024,49.906874843510586,bart_raw_econ
2024,49.90606551452203,bart_raw_econ
2024,49.900203924535155,bart_raw_econ
2024,49.913616427182504,bart_raw_econ
2024,49.90771705216677,bart_raw_econ
2024,49.908869697254026,bart_raw_econ
2024,49.90737681696706,bart_raw_econ
2024,49.90478309371582,bart_raw_econ
2024,49.899254833310664,bart_raw_econ
2024,49.8936290978165,bart_raw_econ
2024,49.89560935869594,bart_raw_econ
2024,49.89628024249379,bart_raw_econ
2024,49.89796060218016,bart_raw_econ
2024,49.900935085195286,bart_raw_econ
2024,49.89488692469013,bart_raw_econ
2024,49.90094814725317,bart_raw_econ
2024,49.906347110863855,bart_raw_econ
2024,49.90854663666628,bart_raw_econ
2024,49.90772477442026,bart_raw_econ
2024,49.89916649849518,bart_raw_econ
2024,49.89885634841572,bart_raw_econ
2024,49.89265314694416,bart_raw_econ
2024,49.899413389448114,bart_raw_econ
2024,49.89196464797189,bart_raw_econ
2024,49.88425038375245,bart_raw_econ
2024,49.880534853997005,bart_raw_econ
2024,49.886205293075754,bart_raw_econ
2024,49.88768906676267,bart_raw_econ
2024,49.888255099302015,bart_raw_econ
2024,49.89447177006356,bart_raw_econ
2024,49.88249034395808,bart_raw_econ
2024,49.872100479211994,bart_raw_econ
2024,49.87562535504444,bart_raw_econ
2024,49.8854596750636,bart_raw_econ
2024,49.88658124378763,bart_raw_econ
2024,49.890533274725,bart_raw_econ
2024,49.88170952552036,bart_raw_econ
2024,49.88980900305352,bart_raw_econ
2024,49.88644183680943,bart_raw_econ
2024,49.89311007933007,bart_raw_econ
2024,49.89506878390293,bart_raw_econ
2024,49.90086876813709,bart_raw_econ
2024,49.88826434188424,bart_raw_econ
2024,49.88868641333411,bart_raw_econ
2024,49.879513613808896,bart_raw_econ
2024,49.88648563800501,bart_raw_econ
2024,49.88826219676939,bart_raw_econ
2024,49.886347830696074,bart_raw_econ
2024,49.88385731211693,bart_raw_econ
2024,49.89541860776883,bart_raw_econ
2024,49.89018993376381,bart_raw_econ
2024,49.885949041713495,bart_raw_econ
2024,49.88899923515037,bart_raw_econ
2024,49.88593525985294,bart_raw_econ
2024,49.88744771307152,bart_raw_econ
2024,49.887041827862184,bart_raw_econ
2024,49.890862431920105,bart_raw_econ
2024,49.88923318092837,bart_raw_econ
2024,49.897845979306744,bart_raw_econ
2024,49.89616098869514,bart_raw_econ
2024,49.895068294695506,bart_raw_econ
2024,49.88590753101673,bart_raw_econ
2024,49.89047510940357,bart_raw_econ
2024,49.89209339783123,bart_raw_econ
2024,49.88518911916601,bart_raw_econ
2024,49.88511792837008,bart_raw_econ
2024,49.887920324595086,bart_raw_econ
2024,49.88700675245312,bart_raw_econ
2024,49.887945491448804,bart_raw_econ
2024,49.8919719212127,bart_raw_econ
2024,49.890735292177865,bart_raw_econ
2024,49.89459011157449,bart_raw_econ
2024,49.89829173216518,bart_raw_econ
2024,49.903453636202386,bart_raw_econ
2024,49.9072177925307,bart_raw_econ
2024,49.916755191439826,bart_raw_econ
2024,49.91907932822389,bart_raw_econ
2024,49.92583432260718,bart_raw_econ
2024,49.93059792884607,bart_raw_econ
2024,49.934062092077156,bart_raw_econ
2024,49.93130734679117,bart_raw_econ
2024,49.93528190634635,bart_raw_econ
2024,49.932602438595325,bart_raw_econ
2024,49.93112854273688,bart_raw_econ
2024,49.92850656282967,bart_raw_econ
2024,49.9230119009685,bart_raw_econ
2024,49.92273654901562,bart_raw_econ
2024,49.92588297183031,bart_raw_econ
2024,49.93112243263832,bart_raw_econ
2024,49.93738745972997,bart_raw_econ
2024,49.942028522552164,bart_raw_econ
2024,49.9427494510376,bart_raw_econ
2024,49.93803070324604,bart_raw_econ
2024,49.94074759196301,bart_raw_econ
2024,49.94190699039072,bart_raw_econ
2024,49.945492252981715,bart_raw_econ
2024,49.94478559634178,bart_raw_econ
2024,49.94458414862997,bart_raw_econ
2024,49.95387636647857,bart_raw_econ
2024,49.953658412495386,bart_raw_econ
2024,49.96277451931522,bart_raw_econ
2024,49.97234384640936,bart_raw_econ
2024,49.97162808314324,bart_raw_econ
2024,49.977950065534685,bart_raw_econ
2024,49.97425069697387,bart_raw_econ
2024,49.966483093096706,bart_raw_econ
2024,49.965834714127574,bart_raw_econ
2024,49.970183072929814,bart_raw_econ
2024,49.98091285022611,bart_raw_econ
2024,49.98404874960282,bart_raw_econ
2024,49.9811076006662,bart_raw_econ
2024,49.97182375003548,bart_raw_econ
2024,49.96533436475979,bart_raw_econ
2024,49.955870284077164,bart_raw_econ
2024,49.96054913376769,bart_raw_econ
2024,49.96267704148556,bart_raw_econ
2024,49.95762503360892,bart_raw_econ
2024,49.95723387552317,bart_raw_econ
2024,49.95734826345413,bart_raw_econ
2024,49.96180673207211,bart_raw_econ
2024,49.96229488549258,bart_raw_econ
2024,49.9582197358294,bart_raw_econ
2024,49.95684545257804,bart_raw_econ
2024,49.9575561729869,bart_raw_econ
2024,49.95147940174238,bart_raw_econ
2024,49.95430699425565,bart_raw_econ
2024,49.94459358708433,bart_raw_econ
2024,49.942591438068064,bart_raw_econ
2024,49.942102028148234,bart_raw_econ
2024,49.94269063917119,bart_raw_econ
2024,49.937749719669874,bart_raw_econ
2024,49.94394212720442,bart_raw_econ
2024,49.93887102694529,bart_raw_econ
2024,49.95143027179417,bart_raw_econ
2024,49.95977793751776,bart_raw_econ
2024,49.95995072415684,bart_raw_econ
2024,49.95828009416018,bart_raw_econ
2024,49.95519065043218,bart_raw_econ
2024,49.96476717957574,bart_raw_econ
2024,49.958231926687525,bart_raw_econ
2024,49.96638596821049,bart_raw_econ
2024,49.96813932171709,bart_raw_econ
2024,49.95763482047493,bart_raw_econ
2024,49.957497034123286,bart_raw_econ
2024,49.960827341527015,bart_raw_econ
2024,49.95827040935729,bart_raw_econ
2024,49.94890313643491,bart_raw_econ
2024,49.94704649081291,bart_raw_econ
2024,49.94891406533907,bart_raw_econ
2024,49.95251707052475,bart_raw_econ
2024,49.951347534495056,bart_raw_econ
2024,49.95048494264829,bart_raw_econ
2024,49.94743790408675,bart_raw_econ
2024,49.94665993072181,bart_raw_econ
2024,49.94841437515076,bart_raw_econ
2024,49.94916967356408,bart_raw_econ
2024,49.95216917773254,bart_raw_econ
2024,49.95604532454992,bart_raw_econ
2024,49.96469078231553,bart_raw_econ
2024,49.96606829699095,bart_raw_econ
2024,49.96589340969741,bart_raw_econ
2024,49.96705797246133,bart_raw_econ
2024,49.96507604028995,bart_raw_econ
2024,49.96273523175495,bart_raw_econ
2024,49.95619304112948,bart_raw_econ
2024,49.95542831890311,bart_raw_econ
2024,49.94478699683513,bart_raw_econ
2024,49.94716260028688,bart_raw_econ
2024,49.95255789622508,bart_raw_econ
2024,49.94649899144606,bart_raw_econ
2024,49.94675017741131,bart_raw_econ
2024,49.942356297362124,bart_raw_econ
2024,49.946530256015194,bart_raw_econ
2024,49.94584360706113,bart_raw_econ
2024,49.944639434556024,bart_raw_econ
2024,49.94541870657906,bart_raw_econ
2024,49.94669456223898,bart_raw_econ
2024,49.95663517334316,bart_raw_econ
2024,49.95980716486526,bart_raw_econ
2024,49.95967820301108,bart_raw_econ
2024,49.95363141384879,bart_raw_econ
2024,49.94990933728519,bart_raw_econ
2024,49.94328173538129,bart_raw_econ
2024,49.94450704530937,bart_raw_econ
2024,49.94969611715343,bart_raw_econ
2024,49.9458354715852,bart_raw_econ
2024,49.943423264122906,bart_raw_econ
2024,49.93400771634372,bart_raw_econ
2024,49.94158450680223,bart_raw_econ
2024,49.93898496898628,bart_raw_econ
2024,49.93676865152855,bart_raw_econ
2024,49.94436842247244,bart_raw_econ
2024,49.95364027309453,bart_raw_econ
2024,49.96112733493105,bart_raw_econ
2024,49.96466817569919,bart_raw_econ
2024,49.95651440250989,bart_raw_econ
2024,49.950884070489366,bart_raw_econ
2024,49.94802535679156,bart_raw_econ
2024,49.945423072864074,bart_raw_econ
2024,49.945763861587345,bart_raw_econ
2024,49.93553270776647,bart_raw_econ
2024,49.933350387760846,bart_raw_econ
2024,49.92959446490507,bart_raw_econ
2024,49.93196524170943,bart_raw_econ
2024,49.92968606636583,bart_raw_econ
2024,49.92259656370475,bart_raw_econ
2024,49.92211454060948,bart_raw_econ
2024,49.92441002379879,bart_raw_econ
2024,49.925813839136616,bart_raw_econ
2024,49.932860525300924,bart_raw_econ
2024,49.93971209905952,bart_raw_econ
2024,49.94485204472312,bart_raw_econ
2024,49.94141941445563,bart_raw_econ
2024,49.94370000467528,bart_raw_econ
2024,49.94461865891367,bart_raw_econ
2024,49.94143923924335,bart_raw_econ
2024,49.9435678918896,bart_raw_econ
2024,49.944865418885946,bart_raw_econ
2024,49.94523690537933,bart_raw_econ
2024,49.950565662227845,bart_raw_econ
2024,49.94320352332004,bart_raw_econ
2024,49.948094791495365,bart_raw_econ
2024,49.947985483555414,bart_raw_econ
2024,49.95529330317544,bart_raw_econ
2024,49.95946492508404,bart_raw_econ
2024,49.9567307191697,bart_raw_econ
2024,49.953539630859886,bart_raw_econ
2024,49.9554124708453,bart_raw_econ
2024,49.9522134613022,bart_raw_econ
2024,49.9517114673802,bart_raw_econ
2024,49.94643551431946,bart_raw_econ
2024,49.95528191696326,bart_raw_econ
2024,49.95646805904421,bart_raw_econ
2024,49.953607570862516,bart_raw_econ
2024,49.95651568918288,bart_raw_econ
2024,49.96037054376265,bart_raw_econ
2024,49.961592994771365,bart_raw_econ
2024,49.96465126738879,bart_raw_econ
2024,49.96848525536047,bart_raw_econ
2024,49.966257097431,bart_raw_econ
2024,49.96744829059196,bart_raw_econ
2024,49.96483515236197,bart_raw_econ
2024,49.9604310072298,bart_raw_econ
2024,49.96108873823674,bart_raw_econ
2024,49.96562444264871,bart_raw_econ
2024,49.96790015816762,bart_raw_econ
2024,49.964197137996564,bart_raw_econ
2024,49.95939643047615,bart_raw_econ
2024,49.962589277087154,bart_raw_econ
2024,49.96743114179604,bart_raw_econ
2024,49.971092764054916,bart_raw_econ
2024,49.96531212041907,bart_raw_econ
2024,49.96997001854983,bart_raw_econ
2024,49.97281706189912,bart_raw_econ
2024,49.97553872953371,bart_raw_econ
2024,49.96878363436184,bart_raw_econ
2024,49.96836124318121,bart_raw_econ
2024,49.969161094377284,bart_raw_econ
2024,49.96839805819354,bart_raw_econ
2024,49.96137968926173,bart_raw_econ
2024,49.960288121822714,bart_raw_econ
2024,49.961962866701406,bart_raw_econ
2024,49.96082413602227,bart_raw_econ
2024,49.95374484176003,bart_raw_econ
2024,49.95673925933008,bart_raw_econ
2024,49.960396652967624,bart_raw_econ
2024,49.967843948546914,bart_raw_econ
2024,49.97568888073424,bart_raw_econ
2024,49.97401252185458,bart_raw_econ
2024,49.9731861260026,bart_raw_econ
2024,49.97480744495953,bart_raw_econ
2024,49.974045040882295,bart_raw_econ
2024,49.975059952980814,bart_raw_econ
2024,49.97479137727159,bart_raw_econ
2024,49.977261060069615,bart_raw_econ
2024,49.974605105655726,bart_raw_econ
2024,49.976431790497195,bart_raw_econ
2024,49.974462654424784,bart_raw_econ
2024,49.97936453648528,bart_raw_econ
2024,49.97989569774154,bart_raw_econ
2024,49.980270806900094,bart_raw_econ
2024,49.9800440707411,bart_raw_econ
2024,49.97527179316634,bart_raw_econ
2024,49.977379677219936,bart_raw_econ
2024,49.97583922723381,bart_raw_econ
2024,49.97787696844331,bart_raw_econ
2024,49.975768695787835,bart_raw_econ
2024,49.97798551601865,bart_raw_econ
2024,49.969695160853455,bart_raw_econ
2016,43.773776711819465,bart_well_us
2016,42.615078333587405,bart_well_us
2016,42.59090542060264,bart_well_us
2016,42.95725825918786,bart_well_us
2016,43.768065594861895,bart_well_us
2016,43.88964831791406,bart_well_us
2016,43.383161275837566,bart_well_us
2016,43.681427153590235,bart_well_us
2016,44.124805735100935,bart_well_us
2016,44.40943960652508,bart_well_us
2016,44.53826302579481,bart_well_us
2016,44.766153330808045,bart_well_us
2016,45.06533642275881,bart_well_us
2016,45.13783319555732,bart_well_us
2016,45.32185544100683,bart_well_us
2016,45.36864785511285,bart_well_us
2016,45.29171933890585,bart_well_us
2016,45.217353806332724,bart_well_us
2016,45.2021264949704,bart_well_us
2016,45.01611795198248,bart_well_us
2016,45.12738685019345,bart_well_us
2016,45.314023760905116,bart_well_us
2016,45.232722180747146,bart_well_us
2016,45.29275209353944,bart_well_us
2016,45.41588287369294,bart_well_us
2016,45.44907258382989,bart_well_us
2016,45.48531884559702,bart_well_us
2016,45.487972534278455,bart_well_us
2016,45.57973651500548,bart_well_us
2016,45.55536267649874,bart_well_us
2016,45.561620144108055,bart_well_us
2016,45.54117445135592,bart_well_us
2016,45.46011296152487,bart_well_us
2016,45.566944435980034,bart_well_us
2016,45.59181790710731,bart_well_us
2016,45.52943860324361,bart_well_us
2016,45.328985962762495,bart_well_us
2016,45.21967336352039,bart_well_us
2016,45.231053810243445,bart_well_us
2016,45.294908375801995,bart_well_us
2016,45.18586176143282,bart_well_us
2016,45.20772355231049,bart_well_us
2016,45.30934860772285,bart_well_us
2016,45.38748821385434,bart_well_us
2016,45.34194456563968,bart_well_us
2016,45.35500679530231,bart_well_us
2016,45.29236812658046,bart_well_us
2016,45.3505867662849,bart_well_us
2016,45.16742512394105,bart_well_us
2016,45.16921602641929,bart_well_us
2016,45.069246571925945,bart_well_us
2016,44.97000638970934,bart_well_us
2016,44.9268704777109,bart_well_us
2016,45.00139579552836,bart_well_us
2016,45.08302825650001,bart_well_us
2016,45.07264378000029,bart_well_us
2016,45.00810429668968,bart_well_us
2016,45.03907009140791,bart_well_us
2016,45.14119003707533,bart_well_us
2016,45.10153567737025,bart_well_us
2016,45.03595192868858,bart_well_us
2016,45.0821571935394,bart_well_us
2016,44.965036945490766,bart_well_us
2016,44.98394623026723,bart_well_us
2016,45.01544986417248,bart_well_us
2016,44.997270963632175,bart_well_us
2016,45.01346819077456,bart_well_us
2016,45.025242160953965,bart_well_us
2016,45.10637516940624,bart_well_us
2016,45.09783217194901,bart_well_us
2016,45.071396093213174,bart_well_us
2016,45.01703490387997,bart_well_us
2016,44.95700230717441,bart_well_us
2016,44.89976456307,bart_well_us
2016,44.93109420702862,bart_well_us
2016,44.91343753901655,bart_well_us
2016,44.91487066563554,bart_well_us
2016,44.879673140520126,bart_well_us
2016,44.96291095078024,bart_well_us
2016,44.93025596700658,bart_well_us
2016,44.954886637352985,bart_well_us
2016,44.954636815520615,bart_well_us
2016,44.94762738278164,bart_well_us
2016,44.92781182260127,bart_well_us
2016,44.900043799802106,bart_well_us
2016,44.82984519565419,bart_well_us
2016,44.758145569368025,bart_well_us
2016,44.769381258455475,bart_well_us
2016,44.74636081354279,bart_well_us
2016,44.77345882939436,bart_well_us
2016,44.76490140600106,bart_well_us
2016,44.787829353841815,bart_well_us
2016,44.79890926705879,bart_well_us
2016,44.92122251168502,bart_well_us
2016,44.89777703920463,bart_well_us
2016,44.85770366039461,bart_well_us
2016,44.80836139432347,bart_well_us
2016,44.81162295302692,bart_well_us
2016,44.82586460342923,bart_well_us
2016,44.84270655483715,bart_well_us
2016,44.89267060560912,bart_well_us
2016,44.84423292288256,bart_well_us
2016,44.84162758508965,bart_well_us
2016,44.806657625278305,bart_well_us
2016,44.76955775593618,bart_well_us
2016,44.79463111906804,bart_well_us
2016,44.81933607057424,bart_well_us
2016,44.81049198533647,bart_well_us
2016,44.83802205786077,bart_well_us
2016,44.844033836579975,bart_well_us
2016,44.837881704215064,bart_well_us
2016,44.81909630935291,bart_well_us
2016,44.85182395498944,bart_well_us
2016,44.839109982762594,bart_well_us
2016,44.85738935927441,bart_well_us
2016,44.902118570073014,bart_well_us
2016,44.961191490918544,bart_well_us
2016,45.00052014080626,bart_well_us
2016,45.0384351785309,bart_well_us
2016,44.99441189019471,bart_well_us
2016,45.00022481220948,bart_well_us
2016,45.01026939185888,bart_well_us
2016,45.042694216650006,bart_well_us
2016,45.09098255943848,bart_well_us
2016,45.050990128450685,bart_well_us
2016,45.063909972875486,bart_well_us
2016,45.04233150194391,bart_well_us
2016,45.019639374579654,bart_well_us
2016,45.03148105659745,bart_well_us
2016,45.03466218843434,bart_well_us
2016,45.05136755301448,bart_well_us
2016,45.065736848922455,bart_well_us
2016,45.035291772626486,bart_well_us
2016,45.0606111315805,bart_well_us
2016,45.065285493659374,bart_well_us
2016,45.055805638631156,bart_well_us
2016,45.090760135411415,bart_well_us
2016,45.11100567557664,bart_well_us
2016,45.11992077290242,bart_well_us
2016,45.092950003214376,bart_well_us
2016,45.07641950324446,bart_well_us
2016,45.061895128500844,bart_well_us
2016,45.061896842667636,bart_well_us
2016,45.08330970946214,bart_well_us
2016,45.06257831789553,bart_well_us
2016,45.08763228301628,bart_well_us
2016,45.069163672113575,bart_well_us
2016,45.079018554647014,bart_well_us
2016,45.08268155865133,bart_well_us
2016,45.12751766718844,bart_well_us
2016,45.13685810680239,bart_well_us
2016,45.10868694539566,bart_well_us
2016,45.12500142699632,bart_well_us
2016,45.127941738902294,bart_well_us
2016,45.12599590229038,bart_well_us
2016,45.16340675444188,bart_well_us
2016,45.13707669766566,bart_well_us
2016,45.160053153774626,bart_well_us
2016,45.17086788729851,bart_well_us
2016,45.167473233980964,bart_well_us
2016,45.177715373157824,bart_well_us
2016,45.17374135737001,bart_well_us
2016,45.181699601495,bart_well_us
2016,45.19642112911876,bart_well_us
2016,45.206907316289666,bart_well_us
2016,45.22555353995458,bart_well_us
2016,45.218351355834805,bart_well_us
2016,45.2107869013427,bart_well_us
2016,45.205289395172095,bart_well_us
2016,45.19395742535335,bart_well_us
2016,45.208679907905655,bart_well_us
2016,45.22112209139641,bart_well_us
2016,45.24647098719269,bart_well_us
2016,45.267493286694666,bart_well_us
2016,45.26851168357722,bart_well_us
2016,45.25950915720879,bart_well_us
2016,45.26664227779962,bart_well_us
2016,45.29340085307701,bart_well_us
2016,45.2970627684292,bart_well_us
2016,45.270877896164,bart_well_us
2016,45.22849656194461,bart_well_us
2016,45.232758081046384,bart_well_us
2016,45.22891142188909,bart_well_us
2016,45.22042495232593,bart_well_us
2016,45.22775403893281,bart_well_us
2016,45.24080295907982,bart_well_us
2016,45.20816689937553,bart_well_us
2016,45.21880523234769,bart_well_us
2016,45.22068221911105,bart_well_us
2016,45.23530303186253,bart_well_us
2016,45.232046129873325,bart_well_us
2016,45.23286491847563,bart_well_us
2016,45.26088270295179,bart_well_us
2016,45.26715503777452,bart_well_us
2016,45.25899083836423,bart_well_us
2016,45.29789479009073,bart_well_us
2016,45.27938035759942,bart_well_us
2016,45.27341404497848,bart_well_us
2016,45.28244766087366,bart_well_us
2016,45.27444617579098,bart_well_us
2016,45.26646337950013,bart_well_us
2016,45.28043433946821,bart_well_us
2016,45.310862453540615,bart_well_us
2016,45.3155864860868,bart_well_us
2016,45.300083532376114,bart_well_us
2016,45.287293054815976,bart_well_us
2016,45.28878318249028,bart_well_us
2016,45.290806909321354,bart_well_us
2016,45.31412334948781,bart_well_us
2016,45.304819666812016,bart_well_us
2016,45.325255949763196,bart_well_us
2016,45.340044976081955,bart_well_us
2016,45.348215526419004,bart_well_us
2016,45.32803560941184,bart_well_us
2016,45.33977503359084,bart_well_us
2016,45.34981430273893,bart_well_us
2016,45.33094433153426,bart_well_us
2016,45.32036114548896,bart_well_us
2016,45.337570426403644,bart_well_us
2016,45.34087612504564,bart_well_us
2016,45.35250049796721,bart_well_us
2016,45.366322372533844,bart_well_us
2016,45.36601558929793,bart_well_us
2016,45.35330107545214,bart_well_us
2016,45.38211405914283,bart_well_us
2016,45.39895645320507,bart_well_us
2016,45.40236531584647,bart_well_us
2016,45.37691112266364,bart_well_us
2016,45.36822704435611,bart_well_us
2016,45.3793085092698,bart_well_us
2016,45.383200760949606,bart_well_us
2016,45.382755223597236,bart_well_us
2016,45.38469080796808,bart_well_us
2016,45.41250404557433,bart_well_us
2016,45.43050920545244,bart_well_us
2016,45.458418788296676,bart_well_us
2016,45.441558295869015,bart_well_us
2016,45.441497371702546,bart_well_us
2016,45.42615889332108,bart_well_us
2016,45.42396111310455,bart_well_us
2016,45.41565675364414,bart_well_us
2016,45.437695773673184,bart_well_us
2016,45.43477742522467,bart_well_us
2016,45.43283275058199,bart_well_us
2016,45.422928024215835,bart_well_us
2016,45.415208650774346,bart_well_us
2016,45.41011134565926,bart_well_us
2016,45.41588882603754,bart_well_us
2016,45.396877155429976,bart_well_us
2016,45.373874426523855,bart_well_us
2016,45.37620324320664,bart_well_us
2016,45.356411891881805,bart_well_us
2016,45.35782171875926,bart_well_us
2016,45.362687995313635,bart_well_us
2016,45.385704794166394,bart_well_us
2016,45.40279741236215,bart_well_us
2016,45.4128222651976,bart_well_us
2016,45.416549590172224,bart_well_us
2016,45.421294826936084,bart_well_us
2016,45.42358560739099,bart_well_us
2016,45.415923616133554,bart_well_us
2016,45.421151079169476,bart_well_us
2016,45.40582935578402,bart_well_us
2016,45.39670937574882,bart_well_us
2016,45.399159835675086,bart_well_us
2016,45.42071296505112,bart_well_us
2016,45.43192516878599,bart_well_us
2016,45.44129169053844,bart_well_us
2016,45.450805480829565,bart_well_us
2016,45.44881231219051,bart_well_us
2016,45.439048594597224,bart_well_us
2016,45.45311138185031,bart_well_us
2016,45.48352263714824,bart_well_us
2016,45.50256227645578,bart_well_us
2016,45.49888785659536,bart_well_us
2016,45.49906448050513,bart_well_us
2016,45.50821117921924,bart_well_us
2016,45.547238275051384,bart_well_us
2016,45.54298142373152,bart_well_us
2016,45.51425300423834,bart_well_us
2016,45.513228128207075,bart_well_us
2016,45.51393957669882,bart_well_us
2016,45.51053054327443,bart_well_us
2016,45.49309721466713,bart_well_us
2016,45.49689730858541,bart_well_us
2016,45.51248643478443,bart_well_us
2016,45.514014910986646,bart_well_us
2016,45.526586333668966,bart_well_us
2016,45.51073499748952,bart_well_us
2016,45.50128435314329,bart_well_us
2016,45.51321488402139,bart_well_us
2016,45.51601918860588,bart_well_us
2016,45.49892019240421,bart_well_us
2016,45.500995668114456,bart_well_us
2016,45.49982917076209,bart_well_us
2016,45.49843887319432,bart_well_us
2016,45.51670747642852,bart_well_us
2016,45.51498173043725,bart_well_us
2016,45.52472565290265,bart_well_us
2016,45.53095043594303,bart_well_us
2016,45.51700581532677,bart_well_us
2016,45.51253813976761,bart_well_us
2016,45.50655001235398,bart_well_us
2016,45.49816450556197,bart_well_us
2016,45.47943484067962,bart_well_us
2016,45.47693910487282,bart_well_us
2016,45.49658854913405,bart_well_us
2016,45.504884106199974,bart_well_us
2016,45.48726872797939,bart_well_us
2016,45.48982397032111,bart_well_us
2016,45.49744118483653,bart_well_us
2016,45.48241702451128,bart_well_us
2016,45.47714401451094,bart_well_us
2016,45.480547666042646,bart_well_us
2016,45.48461601992393,bart_well_us
2016,45.48758754569148,bart_well_us
2016,45.49464603377432,bart_well_us
2016,45.51185020361653,bart_well_us
2016,45.52515377335472,bart_well_us
2016,45.53380604310898,bart_well_us
2016,45.52744604529771,bart_well_us
2016,45.53067493849639,bart_well_us
2016,45.52789082515395,bart_well_us
2016,45.51993597593416,bart_well_us
2016,45.52253209402226,bart_well_us
2016,45.52186281973123,bart_well_us
2016,45.529066354440175,bart_well_us
2016,45.52918778743656,bart_well_us
2016,45.51401541943611,bart_well_us
2016,45.52265911540857,bart_well_us
2016,45.52316445819733,bart_well_us
2016,45.52450210911734,bart_well_us
2016,45.51595959324071,bart_well_us
2016,45.53121888143592,bart_well_us
2016,45.53773296600225,bart_well_us
2016,45.53614468645188,bart_well_us
2016,45.52549533259281,bart_well_us
2016,45.52124458644156,bart_well_us
2016,45.51543358281011,bart_well_us
2016,45.50357291039034,bart_well_us
2016,45.5110885648719,bart_well_us
2016,45.51617224368472,bart_well_us
2016,45.516075481531324,bart_well_us
2016,45.50993252985441,bart_well_us
2016,45.52357719794017,bart_well_us
2016,45.511929004069486,bart_well_us
2016,45.526264872522546,bart_well_us
2016,45.532517073756665,bart_well_us
2016,45.53972097619718,bart_well_us
2016,45.547241795940614,bart_well_us
2016,45.53636015440736,bart_well_us
2016,45.53459633857939,bart_well_us
2016,45.53395886408108,bart_well_us
2016,45.5318331000141,bart_well_us
2016,45.52950744604192,bart_well_us
2016,45.53281457678307,bart_well_us
2016,45.53480949517528,bart_well_us
2016,45.536745088579984,bart_well_us
2016,45.519824993329365,bart_well_us
2016,45.53210986455197,bart_well_us
2016,45.52577533631346,bart_well_us
2016,45.52220743668373,bart_well_us
2016,45.523445325724275,bart_well_us
2016,45.52543882087963,bart_well_us
2016,45.53427239438408,bart_well_us
2016,45.55395396641219,bart_well_us
2016,45.55828054042344,bart_well_us
2016,45.56738782491896,bart_well_us
2016,45.58174207830488,bart_well_us
2016,45.5760591635846,bart_well_us
2016,45.56933987204217,bart_well_us
2016,45.556602138954155,bart_well_us
2016,45.57336964918604,bart_well_us
2016,45.57269664748359,bart_well_us
2016,45.555976700397274,bart_well_us
2016,45.5547489578528,bart_well_us
2016,45.56428292342815,bart_well_us
2016,45.567321870225236,bart_well_us
2016,45.562740137372,bart_well_us
2016,45.58802979859779,bart_well_us
2016,45.597144074845275,bart_well_us
2016,45.60376594475531,bart_well_us
2016,45.60969049800087,bart_well_us
2016,45.598310764486655,bart_well_us
2016,45.6135282619717,bart_well_us
2016,45.59893168918836,bart_well_us
2016,45.599768382151574,bart_well_us
2016,45.603211661072024,bart_well_us
2016,45.617312162127966,bart_well_us
2016,45.61016742346707,bart_well_us
2016,45.59871570247182,bart_well_us
2016,45.58267487857907,bart_well_us
2016,45.59142442487741,bart_well_us
2016,45.59523649277514,bart_well_us
2016,45.611149175825176,bart_well_us
2016,45.62024471869563,bart_well_us
2016,45.61789011916947,bart_well_us
2016,45.61931247213677,bart_well_us
2016,45.62105141683787,bart_well_us
2016,45.614670376887176,bart_well_us
2016,45.61672585710996,bart_well_us
2016,45.61281903026337,bart_well_us
2016,45.6150801998922,bart_well_us
2016,45.612908530629774,bart_well_us
2016,45.61250965249115,bart_well_us
2016,45.63164826299851,bart_well_us
2016,45.62850925430167,bart_well_us
2016,45.62126875542086,bart_well_us
2016,45.630281739663886,bart_well_us
2016,45.63634663798759,bart_well_us
2016,45.642898455406495,bart_well_us
2016,45.64468501973995,bart_well_us
2016,45.644676889162035,bart_well_us
2016,45.660072961580944,bart_well_us
2016,45.65100303367599,bart_well_us
2016,45.65424279176845,bart_well_us
2016,45.66599000825177,bart_well_us
2016,45.66829553482512,bart_well_us
2016,45.67328102176719,bart_well_us
2016,45.679442237814634,bart_well_us
2016,45.66874291117708,bart_well_us
2016,45.662217928135334,bart_well_us
2016,45.66172751096673,bart_well_us
2016,45.66108898733319,bart_well_us
2016,45.667094578364846,bart_well_us
2016,45.67105187762861,bart_well_us
2016,45.67241785488825,bart_well_us
2016,45.66412411903406,bart_well_us
2016,45.67164192694905,bart_well_us
2016,45.65382019681565,bart_well_us
2016,45.64854533559455,bart_well_us
2016,45.6450749367923,bart_well_us
2016,45.63982977607395,bart_well_us
2016,45.634615856492196,bart_well_us
2016,45.63966851899097,bart_well_us
2016,45.64092868282209,bart_well_us
2016,45.653630443864486,bart_well_us
2016,45.65176422956581,bart_well_us
2016,45.64874896044112,bart_well_us
2016,45.65063217364286,bart_well_us
2016,45.65179029110531,bart_well_us
2016,45.66093130320454,bart_well_us
2016,45.659449596067596,bart_well_us
2016,45.659677382600755,bart_well_us
2016,45.664801412892785,bart_well_us
2016,45.658077317082615,bart_well_us
2016,45.66356515014803,bart_well_us
2016,45.657180327848536,bart_well_us
2016,45.65771210593105,bart_well_us
2016,45.650388095522786,bart_well_us
2016,45.64556756704683,bart_well_us
2016,45.64068368256819,bart_well_us
2016,45.639192668316866,bart_well_us
2016,45.631696468782565,bart_well_us
2016,45.6312304711665,bart_well_us
2016,45.6353029437973,bart_well_us
2016,45.636483644537115,bart_well_us
2016,45.64108992912708,bart_well_us
2016,45.64625472772852,bart_well_us
2016,45.6375403477868,bart_well_us
2016,45.63239628701816,bart_well_us
2016,45.6270511995089,bart_well_us
2016,45.6226503115295,bart_well_us
2016,45.618411387536355,bart_well_us
2016,45.61450755713525,bart_well_us
2016,45.60167004079833,bart_well_us
2016,45.607727121413575,bart_well_us
2016,45.60752953483755,bart_well_us
2016,45.599617332190476,bart_well_us
2016,45.592477972889135,bart_well_us
2016,45.592844389232305,bart_well_us
2016,45.59992072165234,bart_well_us
2016,45.60649561492811,bart_well_us
2016,45.619132538740956,bart_well_us
2016,45.62389103429851,bart_well_us
2016,45.622564794751526,bart_well_us
2016,45.63051699287067,bart_well_us
2016,45.62359296674755,bart_well_us
2016,45.61643690404552,bart_well_us
2016,45.61380514803415,bart_well_us
2016,45.618645545794806,bart_well_us
2016,45.6260561866501,bart_well_us
2016,45.626009605715296,bart_well_us
2016,45.621636155642406,bart_well_us
2016,45.60666001264734,bart_well_us
2016,45.604147890602434,bart_well_us
2016,45.600632006420796,bart_well_us
2016,45.600041397789795,bart_well_us
2016,45.59512445369286,bart_well_us
2016,45.58922008889854,bart_well_us
2016,45.57961315734044,bart_well_us
2016,45.600465184025,bart_well_us
2016,45.608208966029174,bart_well_us
2016,45.60549310071936,bart_well_us
2016,45.594900609412406,bart_well_us
2016,45.592416128198316,bart_well_us
2016,45.58369192984913,bart_well_us
2016,45.580168532473905,bart_well_us
2016,45.58759975421604,bart_well_us
2016,45.59109845410179,bart_well_us
2016,45.59547531212439,bart_well_us
2016,45.59936674650318,bart_well_us
2016,45.59886670803776,bart_well_us
2016,45.61115068784064,bart_well_us
2016,45.605914749082245,bart_well_us
2016,45.6062743291573,bart_well_us
2016,45.601327541325645,bart_well_us
2016,45.60183801263923,bart_well_us
2016,45.601891775682034,bart_well_us
2016,45.607150235849666,bart_well_us
2016,45.60779238170022,bart_well_us
2016,45.61351802463381,bart_well_us
2016,45.61212126389738,bart_well_us
2016,45.60988332704361,bart_well_us
2016,45.61202440612684,bart_well_us
2016,45.60387266894706,bart_well_us
2016,45.60329578782219,bart_well_us
2016,45.605890615116124,bart_well_us
2016,45.60966804300931,bart_well_us
2016,45.61241047196483,bart_well_us
2016,45.62061071662338,bart_well_us
2016,45.61677618772484,bart_well_us
2016,45.61638316685131,bart_well_us
2016,45.61597054967653,bart_well_us
2016,45.612785533976755,bart_well_us
2016,45.607367195932554,bart_well_us
2016,45.599828152670376,bart_well_us
2016,45.5993121522137,bart_well_us
2016,45.5806434628644,bart_well_us
2016,45.57778326811135,bart_well_us
2016,45.58742495652028,bart_well_us
2016,45.58290390608249,bart_well_us
2016,45.583896154131,bart_well_us
2016,45.57969603600827,bart_well_us
2016,45.5817405932344,bart_well_us
2016,45.57961959368065,bart_well_us
2016,45.583864222697635,bart_well_us
2016,45.57966258103313,bart_well_us
2016,45.586226001230514,bart_well_us
2016,45.590657514082075,bart_well_us
2016,45.58214031633536,bart_well_us
2016,45.57750944317833,bart_well_us
2016,45.57276652707762,bart_well_us
2016,45.57466856015367,bart_well_us
2016,45.5771546342859,bart_well_us
2016,45.56979075475428,bart_well_us
2016,45.563027511480975,bart_well_us
2016,45.5618697940987,bart_well_us
2016,45.57175512093537,bart_well_us
2016,45.58470278017656,bart_well_us
2016,45.59097494160899,bart_well_us
2016,45.59575898407434,bart_well_us
2016,45.59678228996561,bart_well_us
2016,45.598714495265455,bart_well_us
2016,45.59514542489967,bart_well_us
2016,45.58950706456072,bart_well_us
2016,45.59322465352968,bart_well_us
2016,45.594694019671444,bart_well_us
2016,45.59677462696265,bart_well_us
2016,45.60203103820491,bart_well_us
2016,45.603758152983794,bart_well_us
2016,45.60296299294535,bart_well_us
2016,45.603061464230336,bart_well_us
2016,45.59647459831294,bart_well_us
2016,45.600338363858484,bart_well_us
2016,45.595652609433095,bart_well_us
2016,45.60478775876022,bart_well_us
2016,45.604720039399126,bart_well_us
2016,45.59904446613047,bart_well_us
2016,45.59348705876978,bart_well_us
2016,45.59888586743065,bart_well_us
2016,45.60751144648941,bart_well_us
2016,45.60601774063801,bart_well_us
2016,45.61194405603924,bart_well_us
2016,45.607492809230145,bart_well_us
2016,45.61011133526923,bart_well_us
2016,45.612538152416676,bart_well_us
2016,45.61428312046182,bart_well_us
2016,45.61618441837996,bart_well_us
2016,45.61734672090135,bart_well_us
2016,45.62121120171011,bart_well_us
2016,45.616700973498965,bart_well_us
2016,45.61449338951556,bart_well_us
2016,45.61427065397922,bart_well_us
2016,45.606741171194884,bart_well_us
2016,45.60313299216388,bart_well_us
2016,45.60191729038815,bart_well_us
2016,45.613662133516314,bart_well_us
2016,45.61031170474233,bart_well_us
2016,45.609576110970465,bart_well_us
2016,45.60686001613128,bart_well_us
2016,45.61317876725205,bart_well_us
2016,45.62074317867697,bart_well_us
2016,45.629370071680356,bart_well_us
2016,45.621725905330834,bart_well_us
2016,45.61093440032438,bart_well_us
2016,45.61308593695021,bart_well_us
2016,45.60821008534057,bart_well_us
2016,45.60185889736771,bart_well_us
2016,45.593955224873596,bart_well_us
2016,45.59313720957995,bart_well_us
2016,45.585744616799076,bart_well_us
2016,45.59434653062161,bart_well_us
2016,45.584466314825306,bart_well_us
2016,45.57302545045043,bart_well_us
2016,45.57147328469638,bart_well_us
2016,45.573491058536604,bart_well_us
2016,45.57703121843467,bart_well_us
2016,45.574417244969524,bart_well_us
2016,45.572616898071225,bart_well_us
2016,45.56971859442153,bart_well_us
2016,45.57201006099178,bart_well_us
2016,45.56792578153702,bart_well_us
2016,45.56671403134684,bart_well_us
2016,45.562470484327676,bart_well_us
2016,45.562312223243296,bart_well_us
2016,45.56843100034555,bart_well_us
2016,45.57333815919334,bart_well_us
2016,45.572075761734375,bart_well_us
2016,45.560368936754905,bart_well_us
2016,45.56027490747805,bart_well_us
2016,45.559017386427534,bart_well_us
2016,45.5534043169695,bart_well_us
2016,45.55275636400407,bart_well_us
2016,45.552663984401036,bart_well_us
2016,45.554302178161365,bart_well_us
2016,45.55588007807634,bart_well_us
2016,45.549382743185156,bart_well_us
2016,45.55092709762453,bart_well_us
2016,45.55142456349816,bart_well_us
2016,45.549269069236196,bart_well_us
2016,45.54887245141322,bart_well_us
2016,45.55790244189753,bart_well_us
2016,45.557546982361735,bart_well_us
2016,45.563508769570525,bart_well_us
2016,45.57057868530059,bart_well_us
2016,45.57502017686211,bart_well_us
2016,45.578033728350476,bart_well_us
2016,45.580138401491595,bart_well_us
2016,45.58052426252569,bart_well_us
2016,45.5668011783241,bart_well_us
2016,45.56369319786025,bart_well_us
2016,45.561360105502146,bart_well_us
2016,45.564008368776015,bart_well_us
2016,45.56863185766206,bart_well_us
2016,45.56885266878567,bart_well_us
2016,45.57346820250545,bart_well_us
2016,45.57847449123499,bart_well_us
2016,45.58321911923986,bart_well_us
2016,45.58150923748089,bart_well_us
2016,45.57875160202454,bart_well_us
2016,45.57861625705374,bart_well_us
2016,45.58033590536287,bart_well_us
2016,45.57346771176747,bart_well_us
2016,45.57144712527989,bart_well_us
2016,45.57082158363207,bart_well_us
2016,45.56766562408254,bart_well_us
2016,45.57566299129114,bart_well_us
2016,45.566176718260344,bart_well_us
2016,45.56169295504121,bart_well_us
2016,45.55411355894874,bart_well_us
2016,45.54167181807949,bart_well_us
2016,45.54642714492898,bart_well_us
2016,45.54720275060359,bart_well_us
2016,45.54740261694341,bart_well_us
2016,45.55164124247381,bart_well_us
2016,45.55692613942135,bart_well_us
2016,45.55539308319532,bart_well_us
2016,45.552000775307576,bart_well_us
2016,45.54800768741836,bart_well_us
2016,45.54923844882942,bart_well_us
2016,45.55445853886281,bart_well_us
2016,45.552031637467365,bart_well_us
2016,45.55528371301097,bart_well_us
2016,45.551908270136146,bart_well_us
2016,45.55153507489166,bart_well_us
2016,45.55106799448656,bart_well_us
2016,45.5571662521865,bart_well_us
2016,45.54773033692335,bart_well_us
2016,45.549549077405246,bart_well_us
2016,45.543322051262926,bart_well_us
2016,45.54384648746368,bart_well_us
2016,45.54238981985456,bart_well_us
2016,45.538256518045074,bart_well_us
2016,45.53135796454369,bart_well_us
2016,45.53122396405005,bart_well_us
2016,45.525761020314214,bart_well_us
2016,45.532386728404035,bart_well_us
2016,45.53520548789995,bart_well_us
2016,45.53340412781138,bart_well_us
2016,45.537872811537746,bart_well_us
2016,45.53866580863588,bart_well_us
2016,45.53224820950733,bart_well_us
2016,45.53148817897238,bart_well_us
2016,45.52487212612276,bart_well_us
2016,45.519456376245834,bart_well_us
2016,45.52284670783472,bart_well_us
2016,45.52559829741028,bart_well_us
2016,45.52745324463875,bart_well_us
2016,45.53291715401801,bart_well_us
2016,45.51725086601543,bart_well_us
2016,45.515631856527804,bart_well_us
2016,45.51163344708926,bart_well_us
2016,45.511738913841384,bart_well_us
2016,45.50819814720745,bart_well_us
2016,45.505144624066766,bart_well_us
2016,45.5066319758932,bart_well_us
2016,45.50742086328948,bart_well_us
2016,45.51688162763893,bart_well_us
2016,45.51225147812047,bart_well_us
2016,45.51693988107938,bart_well_us
2016,45.5088218330169,bart_well_us
2016,45.50146485773147,bart_well_us
2016,45.50631612075298,bart_well_us
2016,45.513253475121445,bart_well_us
2016,45.51614625505236,bart_well_us
2016,45.51316957022971,bart_well_us
2016,45.515224059669556,bart_well_us
2016,45.51944869730515,bart_well_us
2016,45.520076262660965,bart_well_us
2016,45.519715457021825,bart_well_us
2016,45.515401086328005,bart_well_us
2016,45.51043371728581,bart_well_us
2016,45.501864574458736,bart_well_us
2016,45.49957119055886,bart_well_us
2016,45.493926876766125,bart_well_us
2016,45.48506319656346,bart_well_us
2016,45.49476328093612,bart_well_us
2016,45.491978145657214,bart_well_us
2016,45.49260427296713,bart_well_us
2016,45.488099073935075,bart_well_us
2016,45.488920320510886,bart_well_us
2016,45.48922452837613,bart_well_us
2016,45.49104726062329,bart_well_us
2016,45.490756643883245,bart_well_us
2016,45.490190307407914,bart_well_us
2016,45.479788995951,bart_well_us
2016,45.4762074185596,bart_well_us
2016,45.48216754461971,bart_well_us
2016,45.48066874278007,bart_well_us
2016,45.48149296362611,bart_well_us
2016,45.48590320188092,bart_well_us
2016,45.48132675437155,bart_well_us
2016,45.48229213357351,bart_well_us
2016,45.47721618130312,bart_well_us
2016,45.481433226547324,bart_well_us
2016,45.48111797980984,bart_well_us
2016,45.48230459065259,bart_well_us
2016,45.47770374960462,bart_well_us
2016,45.47978896620081,bart_well_us
2016,45.47954533334319,bart_well_us
2016,45.48186976769452,bart_well_us
2016,45.48251501172186,bart_well_us
2016,45.49258216909989,bart_well_us
2016,45.50004843989622,bart_well_us
2016,45.5002245358778,bart_well_us
2016,45.49535059747399,bart_well_us
2016,45.48652084054597,bart_well_us
2016,45.48483150654608,bart_well_us
2016,45.48151373950005,bart_well_us
2016,45.48250527119894,bart_well_us
2016,45.47949354112056,bart_well_us
2016,45.479952575483495,bart_well_us
2016,45.47299329734927,bart_well_us
2016,45.47814420315526,bart_well_us
2016,45.47392304802578,bart_well_us
2016,45.46386585965797,bart_well_us
2016,45.45972514247774,bart_well_us
2016,45.45076712182468,bart_well_us
2016,45.445287697639095,bart_well_us
2016,45.44736359753307,bart_well_us
2016,45.44267864234317,bart_well_us
2016,45.4464157680446,bart_well_us
2016,45.451320255835455,bart_well_us
2016,45.44968208368785,bart_well_us
2016,45.45009919262063,bart_well_us
2016,45.4447292387532,bart_well_us
2016,45.45105665763242,bart_well_us
2016,45.451426423859644,bart_well_us
2016,45.45745602380554,bart_well_us
2016,45.455535909046915,bart_well_us
2016,45.449557609826385,bart_well_us
2016,45.44993714601426,bart_well_us
2016,45.454715042981896,bart_well_us
2016,45.457429878847755,bart_well_us
2016,45.45638302206636,bart_well_us
2016,45.453029364750975,bart_well_us
2016,45.454339109460236,bart_well_us
2016,45.46214906646043,bart_well_us
2016,45.47231010195742,bart_well_us
2016,45.469494334365955,bart_well_us
2016,45.464593587941046,bart_well_us
2016,45.46339508486254,bart_well_us
2016,45.46747046790956,bart_well_us
2016,45.4628605908004,bart_well_us
2016,45.466593469534004,bart_well_us
2016,45.46224740466223,bart_well_us
2016,45.46280477979309,bart_well_us
2016,45.465803855591346,bart_well_us
2016,45.46388967522901,bart_well_us
2016,45.46719739106812,bart_well_us
2016,45.47042995481797,bart_well_us
2016,45.47414776518472,bart_well_us
2016,45.475527518082174,bart_well_us
2016,45.47314176000128,bart_well_us
2016,45.4704319621577,bart_well_us
2016,45.47295893736578,bart_well_us
2016,45.478249892234516,bart_well_us
2016,45.48012008145162,bart_well_us
2016,45.47441626861963,bart_well_us
2016,45.47911193637825,bart_well_us
2016,45.48046434134852,bart_well_us
2016,45.4800962736754,bart_well_us
2016,45.48371317213587,bart_well_us
2016,45.48024611668877,bart_well_us
2016,45.4877941345914,bart_well_us
2016,45.48574203189757,bart_well_us
2016,45.483998968945386,bart_well_us
2016,45.49059168309599,bart_well_us
2016,45.4886217477751,bart_well_us
2016,45.49056732085732,bart_well_us
2016,45.48949602174014,bart_well_us
2016,45.48750547053893,bart_well_us
2016,45.49189787756858,bart_well_us
2016,45.48544446384785,bart_well_us
2016,45.4884773306034,bart_well_us
2016,45.486278048060676,bart_well_us
2016,45.48846121621154,bart_well_us
2016,45.49715371274197,bart_well_us
2016,45.50391527337242,bart_well_us
2016,45.50832671319477,bart_well_us
2016,45.512185013715616,bart_well_us
2016,45.50780442048512,bart_well_us
2016,45.51071562309524,bart_well_us
2016,45.506803670681464,bart_well_us
2016,45.50936068126217,bart_well_us
2016,45.51144663575678,bart_well_us
2016,45.50679823924169,bart_well_us
2016,45.509728345151444,bart_well_us
2016,45.510412816699436,bart_well_us
2016,45.51088922847563,bart_well_us
2016,45.516371465234855,bart_well_us
2016,45.52095172672694,bart_well_us
2016,45.522081596367606,bart_well_us
2016,45.520420315999424,bart_well_us
2016,45.52142117552256,bart_well_us
2016,45.52465668012255,bart_well_us
2016,45.519225695380555,bart_well_us
2016,45.5186264587714,bart_well_us
2016,45.51358661763972,bart_well_us
2016,45.51223560999781,bart_well_us
2016,45.51147554190489,bart_well_us
2016,45.51307835805761,bart_well_us
2016,45.5186294907505,bart_well_us
2016,45.52178460564713,bart_well_us
2016,45.52907988496964,bart_well_us
2016,45.52165034937332,bart_well_us
2016,45.51091395678717,bart_well_us
2016,45.513205798734845,bart_well_us
2016,45.511250550455586,bart_well_us
2016,45.50985161445824,bart_well_us
2016,45.50357403198027,bart_well_us
2016,45.50496218307085,bart_well_us
2016,45.49899036216508,bart_well_us
2016,45.49898261966499,bart_well_us
2016,45.49479960986786,bart_well_us
2016,45.49050073228264,bart_well_us
2016,45.48836925059081,bart_well_us
2016,45.489218782799384,bart_well_us
2016,45.49155446286289,bart_well_us
2016,45.48999636683777,bart_well_us
2016,45.49210194745931,bart_well_us
2016,45.495161297327876,bart_well_us
2016,45.499045385159256,bart_well_us
2016,45.49905514055066,bart_well_us
2016,45.50162283713435,bart_well_us
2016,45.50786769938344,bart_well_us
2016,45.50776197850762,bart_well_us
2016,45.50998844887357,bart_well_us
2016,45.51311745677728,bart_well_us
2016,45.51402060287359,bart_well_us
2016,45.51401337134664,bart_well_us
2016,45.52005126219775,bart_well_us
2016,45.52243030444646,bart_well_us
2016,45.525410789326635,bart_well_us
2016,45.52904817625178,bart_well_us
2016,45.531160341125414,bart_well_us
2016,45.5305443765331,bart_well_us
2016,45.52019621691197,bart_well_us
2016,45.52308794057817,bart_well_us
2016,45.52332752633974,bart_well_us
2016,45.517056522261626,bart_well_us
2016,45.511618232701295,bart_well_us
2016,45.51229304424845,bart_well_us
2016,45.5115952527126,bart_well_us
2016,45.5077211276178,bart_well_us
2016,45.507893904870464,bart_well_us
2016,45.504920853502895,bart_well_us
2016,45.50453180702875,bart_well_us
2016,45.49983315364493,bart_well_us
2016,45.50216131115222,bart_well_us
2016,45.49726667373113,bart_well_us
2016,45.50495470842393,bart_well_us
2016,45.507596669610024,bart_well_us
2016,45.50858677621669,bart_well_us
2016,45.51072313132618,bart_well_us
2016,45.50656965260191,bart_well_us
2016,45.50474421176606,bart_well_us
2016,45.505774910197815,bart_well_us
2016,45.504880377304346,bart_well_us
2016,45.508124870497504,bart_well_us
2016,45.50992781590164,bart_well_us
2016,45.5085576381287,bart_well_us
2016,45.50534480406477,bart_well_us
2016,45.50132683393933,bart_well_us
2016,45.4989585097847,bart_well_us
2016,45.494649867495795,bart_well_us
2016,45.485575763538755,bart_well_us
2016,45.48390987515845,bart_well_us
2016,45.48026493683051,bart_well_us
2016,45.48049399042853,bart_well_us
2016,45.479932664777756,bart_well_us
2016,45.481625655076186,bart_well_us
2016,45.48316151993942,bart_well_us
2016,45.4889490461385,bart_well_us
2016,45.48728427830292,bart_well_us
2016,45.49736173133685,bart_well_us
2016,45.49476643447784,bart_well_us
2016,45.498707152155255,bart_well_us
2016,45.499540022897726,bart_well_us
2016,45.50328635946629,bart_well_us
2016,45.50541638187301,bart_well_us
2016,45.50290442333712,bart_well_us
2016,45.504202548816366,bart_well_us
2016,45.50896123497419,bart_well_us
2016,45.510693524274444,bart_well_us
2016,45.51179937343703,bart_well_us
2016,45.510236084934064,bart_well_us
2016,45.50611291249501,bart_well_us
2016,45.508576897444726,bart_well_us
2016,45.50767658152179,bart_well_us
2016,45.50043279317088,bart_well_us
2016,45.497600493359265,bart_well_us
2016,45.49560107648462,bart_well_us
2016,45.49495364281459,bart_well_us
2016,45.4934592232511,bart_well_us
2016,45.50247167686093,bart_well_us
2016,45.497447296899125,bart_well_us
2016,45.49366210016786,bart_well_us
2016,45.4977618777608,bart_well_us
2016,45.49337679908829,bart_well_us
2016,45.49133150552175,bart_well_us
2016,45.489408920322916,bart_well_us
2016,45.48899202921943,bart_well_us
2016,45.48679447873026,bart_well_us
2016,45.482830308729845,bart_well_us
2016,45.48587892299574,bart_well_us
2016,45.48810773729467,bart_well_us
2016,45.48655431849119,bart_well_us
2016,45.48757805677695,bart_well_us
2016,45.491274564309464,bart_well_us
2016,45.49646785100038,bart_well_us
2016,45.49602174984554,bart_well_us
2016,45.49340567042066,bart_well_us
2016,45.48767472406424,bart_well_us
2016,45.48746035935409,bart_well_us
2016,45.490087739154866,bart_well_us
2016,45.488856626365845,bart_well_us
2016,45.49184686743167,bart_well_us
2016,45.49648844426959,bart_well_us
2016,45.49612491522454,bart_well_us
2016,45.498356660934185,bart_well_us
2016,45.49967312528703,bart_well_us
2016,45.50043588680076,bart_well_us
2016,45.49977293122381,bart_well_us
2016,45.49810874847951,bart_well_us
2016,45.50118217688092,bart_well_us
2016,45.50146753473197,bart_well_us
2016,45.510765146825705,bart_well_us
2016,45.509799670892136,bart_well_us
2016,45.50827972804665,bart_well_us
2016,45.5078486366359,bart_well_us
2016,45.50715303776145,bart_well_us
2016,45.50856257419885,bart_well_us
2016,45.51047681751857,bart_well_us
2016,45.5136454072923,bart_well_us
2016,45.51383700000035,bart_well_us
2016,45.52144021171686,bart_well_us
2016,45.52276560128071,bart_well_us
2016,45.52200465472645,bart_well_us
2016,45.521101625032706,bart_well_us
2016,45.52999926879273,bart_well_us
2016,45.52575851377193,bart_well_us
2016,45.525438272894114,bart_well_us
2016,45.527533494174875,bart_well_us
2016,45.5366570774838,bart_well_us
2016,45.5363481082822,bart_well_us
2016,45.539217575505084,bart_well_us
2016,45.53704171919709,bart_well_us
2016,45.54265049720108,bart_well_us
2020,44.504849533424874,bart_well_us
2020,44.37592525882548,bart_well_us
2020,45.7622823710469,bart_well_us
2020,47.135438593718014,bart_well_us
2020,47.7987149873929,bart_well_us
2020,48.01418704237722,bart_well_us
2020,48.318555087164924,bart_well_us
2020,48.66724689239334,bart_well_us
2020,48.70770318619289,bart_well_us
2020,48.724185489167176,bart_well_us
2020,48.59916650759446,bart_well_us
2020,48.02173209931583,bart_well_us
2020,48.011517563930234,bart_well_us
2020,47.914314219269414,bart_well_us
2020,47.99617792841011,bart_well_us
2020,47.963732097217886,bart_well_us
2020,47.93211126168413,bart_well_us
2020,47.93456436472741,bart_well_us
2020,47.72448120584488,bart_well_us
2020,47.578062578649735,bart_well_us
2020,47.471020512179166,bart_well_us
2020,47.74490979878213,bart_well_us
2020,47.68041856146775,bart_well_us
2020,47.7029794749823,bart_well_us
2020,47.793012425842335,bart_well_us
2020,47.936496380362186,bart_well_us
2020,48.03218353190249,bart_well_us
2020,47.95796815395857,bart_well_us
2020,47.91991784150464,bart_well_us
2020,47.87664600319628,bart_well_us
2020,47.99977801968437,bart_well_us
2020,48.01086539842407,bart_well_us
2020,48.082244210699336,bart_well_us
2020,48.19646216374964,bart_well_us
2020,48.077830678966585,bart_well_us
2020,47.997820564158424,bart_well_us
2020,47.87030326972795,bart_well_us
2020,47.86597959257079,bart_well_us
2020,47.79554299602583,bart_well_us
2020,47.79407339251517,bart_well_us
2020,47.686912721225575,bart_well_us
2020,47.69135929629953,bart_well_us
2020,47.81543710756537,bart_well_us
2020,47.98516117709529,bart_well_us
2020,47.9616235019357,bart_well_us
2020,47.91450480321326,bart_well_us
2020,47.766984061104445,bart_well_us
2020,47.70673896446608,bart_well_us
2020,47.554609293531925,bart_well_us
2020,47.411033657467115,bart_well_us
2020,47.298813594139276,bart_well_us
2020,47.089321402452114,bart_well_us
2020,47.16788372289007,bart_well_us
2020,47.18964255655148,bart_well_us
2020,47.1549063447619,bart_well_us
2020,47.154237861023674,bart_well_us
2020,47.2481973882169,bart_well_us
2020,47.30005603591029,bart_well_us
2020,47.46651499860293,bart_well_us
2020,47.48969633698948,bart_well_us
2020,47.53822188396916,bart_well_us
2020,47.6946950225251,bart_well_us
2020,47.69093422030837,bart_well_us
2020,47.684991690315314,bart_well_us
2020,47.65382418805668,bart_well_us
2020,47.63800257887055,bart_well_us
2020,47.69276457772629,bart_well_us
2020,47.746560555813105,bart_well_us
2020,47.762509984115425,bart_well_us
2020,47.897925139300305,bart_well_us
2020,47.92345050846642,bart_well_us
2020,47.87190358696515,bart_well_us
2020,47.90689165639873,bart_well_us
2020,47.90187508258054,bart_well_us
2020,47.924727578252714,bart_well_us
2020,47.8655055346302,bart_well_us
2020,47.849661136949386,bart_well_us
2020,47.849955137875035,bart_well_us
2020,47.85359089661683,bart_well_us
2020,47.867642456910964,bart_well_us
2020,47.90169124794426,bart_well_us
2020,47.93245246952847,bart_well_us
2020,47.95753660747026,bart_well_us
2020,47.94074351843821,bart_well_us
2020,47.899505148959534,bart_well_us
2020,47.884564036442875,bart_well_us
2020,47.813417983037496,bart_well_us
2020,47.795421275265824,bart_well_us
2020,47.78476341415507,bart_well_us
2020,47.81666860616386,bart_well_us
2020,47.787681170763044,bart_well_us
2020,47.8311522582855,bart_well_us
2020,47.81859136646488,bart_well_us
2020,47.890916759829835,bart_well_us
2020,47.87992294672803,bart_well_us
2020,47.84551828463276,bart_well_us
2020,47.78645837801994,bart_well_us
2020,47.77539031643295,bart_well_us
2020,47.74839311390591,bart_well_us
2020,47.79235948656556,bart_well_us
2020,47.804290545760445,bart_well_us
2020,47.74623381307005,bart_well_us
2020,47.73859445706094,bart_well_us
2020,47.7415601667034,bart_well_us
2020,47.7383056431143,bart_well_us
2020,47.7401186713984,bart_well_us
2020,47.78827817100815,bart_well_us
2020,47.79260307037449,bart_well_us
2020,47.78784666636747,bart_well_us
2020,47.80934376552766,bart_well_us
2020,47.80980995484302,bart_well_us
2020,47.72770593389197,bart_well_us
2020,47.7379068464336,bart_well_us
2020,47.71047313187682,bart_well_us
2020,47.72429485964486,bart_well_us
2020,47.72311739421964,bart_well_us
2020,47.74252657438328,bart_well_us
2020,47.73601008764121,bart_well_us
2020,47.712089624194796,bart_well_us
2020,47.676187000043335,bart_well_us
2020,47.69187633821156,bart_well_us
2020,47.715757126026894,bart_well_us
2020,47.71988118728849,bart_well_us
2020,47.77721355969966,bart_well_us
2020,47.775062350296686,bart_well_us
2020,47.796867047337315,bart_well_us
2020,47.73514465965914,bart_well_us
2020,47.71584327064991,bart_well_us
2020,47.72519000850433,bart_well_us
2020,47.70152726431337,bart_well_us
2020,47.7403290726062,bart_well_us
2020,47.77149015622256,bart_well_us
2020,47.76334954977912,bart_well_us
2020,47.76165626571383,bart_well_us
2020,47.77227964416698,bart_well_us
2020,47.81012647811478,bart_well_us
2020,47.839869592532686,bart_well_us
2020,47.870416864216594,bart_well_us
2020,47.886639603177734,bart_well_us
2020,47.8504632249015,bart_well_us
2020,47.8432654682535,bart_well_us
2020,47.80395695953251,bart_well_us
2020,47.80887809207742,bart_well_us
2020,47.82754949755031,bart_well_us
2020,47.79050187988165,bart_well_us
2020,47.76805417211071,bart_well_us
2020,47.781986141204456,bart_well_us
2020,47.82047833185844,bart_well_us
2020,47.802836523870184,bart_well_us
2020,47.790117009061696,bart_well_us
2020,47.80899999415875,bart_well_us
2020,47.795463954089776,bart_well_us
2020,47.80991200407795,bart_well_us
2020,47.79417852778819,bart_well_us
2020,47.81323636353574,bart_well_us
2020,47.853015156326364,bart_well_us
2020,47.87296296299482,bart_well_us
2020,47.872298858854585,bart_well_us
2020,47.857307116644066,bart_well_us
2020,47.842483964448974,bart_well_us
2020,47.85720048453223,bart_well_us
2020,47.87198774133492,bart_well_us
2020,47.8461588650213,bart_well_us
2020,47.85725511614707,bart_well_us
2020,47.844227237198574,bart_well_us
2020,47.8446022322005,bart_well_us
2020,47.86818544436585,bart_well_us
2020,47.86137430163558,bart_well_us
2020,47.83376950944835,bart_well_us
2020,47.795636466839355,bart_well_us
2020,47.77641496796646,bart_well_us
2020,47.80381511004088,bart_well_us
2020,47.82919379403273,bart_well_us
2020,47.834826126800934,bart_well_us
2020,47.822744875377175,bart_well_us
2020,47.8136909997949,bart_well_us
2020,47.84070702757467,bart_well_us
2020,47.8416024676414,bart_well_us
2020,47.85492804922629,bart_well_us
2020,47.84321250395178,bart_well_us
2020,47.804807095832444,bart_well_us
2020,47.81159112443092,bart_well_us
2020,47.81621398021469,bart_well_us
2020,47.79849895097209,bart_well_us
2020,47.77574533730528,bart_well_us
2020,47.76484658266845,bart_well_us
2020,47.76417738168723,bart_well_us
2020,47.7727249320685,bart_well_us
2020,47.787442010002266,bart_well_us
2020,47.80814322338205,bart_well_us
2020,47.821050055338326,bart_well_us
2020,47.801570762498784,bart_well_us
2020,47.80934058690794,bart_well_us
2020,47.81650223056941,bart_well_us
2020,47.799989057564474,bart_well_us
2020,47.80884558801025,bart_well_us
2020,47.80754838987739,bart_well_us
2020,47.80361520031307,bart_well_us
2020,47.80502461808019,bart_well_us
2020,47.81362892187997,bart_well_us
2020,47.80500209153564,bart_well_us
2020,47.78398528449907,bart_well_us
2020,47.78724666269282,bart_well_us
2020,47.77421302306685,bart_well_us
2020,47.77465883953331,bart_well_us
2020,47.777942583602794,bart_well_us
2020,47.81079686110155,bart_well_us
2020,47.813720261289745,bart_well_us
2020,47.8299435257719,bart_well_us
2020,47.838108773893,bart_well_us
2020,47.86140848184557,bart_well_us
2020,47.89531905787863,bart_well_us
2020,47.92242191198989,bart_well_us
2020,47.90769934197017,bart_well_us
2020,47.90612079610124,bart_well_us
2020,47.918936559441946,bart_well_us
2020,47.903918596325454,bart_well_us
2020,47.89524225097918,bart_well_us
2020,47.91778033609732,bart_well_us
2020,47.94559076432495,bart_well_us
2020,47.963884678521175,bart_well_us
2020,47.96369125814316,bart_well_us
2020,47.971561800157005,bart_well_us
2020,47.959536747935886,bart_well_us
2020,47.9996503103977,bart_well_us
2020,48.020122568984995,bart_well_us
2020,48.03399918281394,bart_well_us
2020,48.03545161266246,bart_well_us
2020,48.04955776827142,bart_well_us
2020,48.046086344217166,bart_well_us
2020,48.05790027307364,bart_well_us
2020,48.06102503647514,bart_well_us
2020,48.07691699706978,bart_well_us
2020,48.100291969906806,bart_well_us
2020,48.10252777330123,bart_well_us
2020,48.11727593830604,bart_well_us
2020,48.08600238751428,bart_well_us
2020,48.081613848699654,bart_well_us
2020,48.07570228424084,bart_well_us
2020,48.097035851713265,bart_well_us
2020,48.10339183817058,bart_well_us
2020,48.11481022077361,bart_well_us
2020,48.11515508272957,bart_well_us
2020,48.10493893516715,bart_well_us
2020,48.0983456335597,bart_well_us
2020,48.07614708118439,bart_well_us
2020,48.078662401783866,bart_well_us
2020,48.097206897402316,bart_well_us
2020,48.113735044070445,bart_well_us
2020,48.100116316011395,bart_well_us
2020,48.11989707484745,bart_well_us
2020,48.10712405934026,bart_well_us
2020,48.111996251224916,bart_well_us
2020,48.09346938435471,bart_well_us
2020,48.084169560289745,bart_well_us
2020,48.11918645882632,bart_well_us
2020,48.12413422907042,bart_well_us
2020,48.11735521257003,bart_well_us
2020,48.12638825543913,bart_well_us
2020,48.124544192618714,bart_well_us
2020,48.12096399092477,bart_well_us
2020,48.14050291390046,bart_well_us
2020,48.134274765330574,bart_well_us
2020,48.10927393983077,bart_well_us
2020,48.100870839440624,bart_well_us
2020,48.112774900949034,bart_well_us
2020,48.117322324624894,bart_well_us
2020,48.10698718719438,bart_well_us
2020,48.110396741022726,bart_well_us
2020,48.1052640143226,bart_well_us
2020,48.129667366558905,bart_well_us
2020,48.14804453854047,bart_well_us
2020,48.15433943369898,bart_well_us
2020,48.17172640222019,bart_well_us
2020,48.17549629618322,bart_well_us
2020,48.18147575772818,bart_well_us
2020,48.197384193267126,bart_well_us
2020,48.19909395669401,bart_well_us
2020,48.212182426080105,bart_well_us
2020,48.185836193008456,bart_well_us
2020,48.199087616896364,bart_well_us
2020,48.18317690252199,bart_well_us
2020,48.18076526510302,bart_well_us
2020,48.18262932584311,bart_well_us
2020,48.20551975108749,bart_well_us
2020,48.22656547302382,bart_well_us
2020,48.236907291715085,bart_well_us
2020,48.24007528484441,bart_well_us
2020,48.229488212028116,bart_well_us
2020,48.228956170799606,bart_well_us
2020,48.22742375654204,bart_well_us
2020,48.22250485813676,bart_well_us
2020,48.20447841263041,bart_well_us
2020,48.21567636829859,bart_well_us
2020,48.2057885508088,bart_well_us
2020,48.20379891983915,bart_well_us
2020,48.201070105323,bart_well_us
2020,48.203905078814195,bart_well_us
2020,48.22511864806691,bart_well_us
2020,48.22981349277755,bart_well_us
2020,48.22281285027315,bart_well_us
2020,48.22683083595366,bart_well_us
2020,48.22537254763214,bart_well_us
2020,48.24532314132378,bart_well_us
2020,48.23155339359753,bart_well_us
2020,48.23807663140201,bart_well_us
2020,48.25824266368016,bart_well_us
2020,48.25620965929663,bart_well_us
2020,48.24657896934552,bart_well_us
2020,48.2532160197784,bart_well_us
2020,48.24282892619526,bart_well_us
2020,48.24539979065078,bart_well_us
2020,48.250343405700434,bart_well_us
2020,48.26288948673037,bart_well_us
2020,48.28346350004132,bart_well_us
2020,48.28162783447903,bart_well_us
2020,48.3031958904041,bart_well_us
2020,48.312548820330356,bart_well_us
2020,48.32419712835905,bart_well_us
2020,48.32431625147051,bart_well_us
2020,48.318219489640185,bart_well_us
2020,48.322471233136774,bart_well_us
2020,48.32194567271301,bart_well_us
2020,48.32514539743097,bart_well_us
2020,48.33834372453222,bart_well_us
2020,48.33740184089585,bart_well_us
2020,48.33551139921235,bart_well_us
2020,48.341830133267564,bart_well_us
2020,48.33516889194795,bart_well_us
2020,48.341692334029524,bart_well_us
2020,48.348262903081775,bart_well_us
2020,48.33689955766456,bart_well_us
2020,48.322011665102536,bart_well_us
2020,48.331966111044565,bart_well_us
2020,48.330745665814504,bart_well_us
2020,48.32288019302401,bart_well_us
2020,48.315838647995065,bart_well_us
2020,48.34220199907526,bart_well_us
2020,48.33743059411648,bart_well_us
2020,48.330925440466714,bart_well_us
2020,48.33070532325555,bart_well_us
2020,48.33701859198703,bart_well_us
2020,48.33821085335835,bart_well_us
2020,48.333486745975705,bart_well_us
2020,48.35565746984831,bart_well_us
2020,48.36191696913146,bart_well_us
2020,48.38034755931732,bart_well_us
2020,48.379902260073735,bart_well_us
2020,48.40557589864231,bart_well_us
2020,48.417809795012346,bart_well_us
2020,48.412500446001374,bart_well_us
2020,48.41842875634249,bart_well_us
2020,48.416055968994435,bart_well_us
2020,48.40619728386715,bart_well_us
2020,48.42320530528662,bart_well_us
2020,48.424905901007754,bart_well_us
2020,48.41458328319493,bart_well_us
2020,48.40757021152724,bart_well_us
2020,48.40476687068388,bart_well_us
2020,48.40136266122447,bart_well_us
2020,48.402926857838054,bart_well_us
2020,48.393622578521274,bart_well_us
2020,48.37101660468234,bart_well_us
2020,48.37942732752141,bart_well_us
2020,48.39069075494666,bart_well_us
2020,48.40194315158081,bart_well_us
2020,48.40206401587756,bart_well_us
2020,48.40858233399819,bart_well_us
2020,48.41048690165404,bart_well_us
2020,48.409678831241095,bart_well_us
2020,48.40474947587493,bart_well_us
2020,48.391912391180874,bart_well_us
2020,48.39134918481974,bart_well_us
2020,48.397082959516155,bart_well_us
2020,48.3884933362838,bart_well_us
2020,48.38935280335394,bart_well_us
2020,48.39117944247792,bart_well_us
2020,48.39946174707882,bart_well_us
2020,48.400724730160846,bart_well_us
2020,48.43038867156938,bart_well_us
2020,48.44701647441997,bart_well_us
2020,48.45090619068759,bart_well_us
2020,48.452655938688984,bart_well_us
2020,48.4414187840847,bart_well_us
2020,48.44980362036198,bart_well_us
2020,48.44081070792948,bart_well_us
2020,48.446376911149805,bart_well_us
2020,48.44606480003028,bart_well_us
2020,48.44485208225589,bart_well_us
2020,48.42932137504685,bart_well_us
2020,48.42828673780079,bart_well_us
2020,48.426154417636276,bart_well_us
2020,48.4171667323264,bart_well_us
2020,48.427471253694655,bart_well_us
2020,48.43691931200116,bart_well_us
2020,48.44456662243817,bart_well_us
2020,48.43498512695003,bart_well_us
2020,48.434238930478905,bart_well_us
2020,48.43628851261357,bart_well_us
2020,48.44153897684177,bart_well_us
2020,48.446748262679165,bart_well_us
2020,48.44359189546299,bart_well_us
2020,48.43438374660559,bart_well_us
2020,48.44441961320669,bart_well_us
2020,48.44165082773118,bart_well_us
2020,48.45044075343097,bart_well_us
2020,48.467216703537254,bart_well_us
2020,48.46559666093859,bart_well_us
2020,48.47824019006029,bart_well_us
2020,48.47497906747867,bart_well_us
2020,48.46805064595418,bart_well_us
2020,48.45733113310409,bart_well_us
2020,48.4623003945711,bart_well_us
2020,48.47386338517552,bart_well_us
2020,48.482282602624664,bart_well_us
2020,48.48581422159204,bart_well_us
2020,48.49334027675043,bart_well_us
2020,48.49913643927613,bart_well_us
2020,48.50781168811697,bart_well_us
2020,48.51235254347203,bart_well_us
2020,48.5137579748519,bart_well_us
2020,48.52084098236489,bart_well_us
2020,48.519703652998594,bart_well_us
2020,48.50719344127146,bart_well_us
2020,48.503052105183635,bart_well_us
2020,48.49260227657351,bart_well_us
2020,48.487608699169904,bart_well_us
2020,48.47309273988815,bart_well_us
2020,48.46840553331729,bart_well_us
2020,48.46765397793838,bart_well_us
2020,48.466794569861236,bart_well_us
2020,48.46162808605243,bart_well_us
2020,48.458334301741324,bart_well_us
2020,48.45185196854506,bart_well_us
2020,48.47185203295595,bart_well_us
2020,48.460870000241286,bart_well_us
2020,48.47170678265563,bart_well_us
2020,48.466989755710784,bart_well_us
2020,48.46726851882336,bart_well_us
2020,48.464199178025,bart_well_us
2020,48.45849805122071,bart_well_us
2020,48.47462992100372,bart_well_us
2020,48.45727263952798,bart_well_us
2020,48.46386395996302,bart_well_us
2020,48.46413029299392,bart_well_us
2020,48.45320333396805,bart_well_us
2020,48.45029319312448,bart_well_us
2020,48.43701853797825,bart_well_us
2020,48.426977198865266,bart_well_us
2020,48.4311941274938,bart_well_us
2020,48.41234600290431,bart_well_us
2020,48.408315690244436,bart_well_us
2020,48.41054900948716,bart_well_us
2020,48.40401418466194,bart_well_us
2020,48.39907715305392,bart_well_us
2020,48.3986984559372,bart_well_us
2020,48.406449061088956,bart_well_us
2020,48.408829946709865,bart_well_us
2020,48.40032100706323,bart_well_us
2020,48.393898479584635,bart_well_us
2020,48.40129664785267,bart_well_us
2020,48.39363882099708,bart_well_us
2020,48.399650180613335,bart_well_us
2020,48.39289031375393,bart_well_us
2020,48.39639077516206,bart_well_us
2020,48.3925424970219,bart_well_us
2020,48.38492494504375,bart_well_us
2020,48.39771652674753,bart_well_us
2020,48.40089445524424,bart_well_us
2020,48.41118284180295,bart_well_us
2020,48.40153756032328,bart_well_us
2020,48.39725209339811,bart_well_us
2020,48.40192924456967,bart_well_us
2020,48.40240927469445,bart_well_us
2020,48.41111172773032,bart_well_us
2020,48.420167440722565,bart_well_us
2020,48.410941521776465,bart_well_us
2020,48.410112110460275,bart_well_us
2020,48.4120546993169,bart_well_us
2020,48.408761691435956,bart_well_us
2020,48.40452635910083,bart_well_us
2020,48.40003216736399,bart_well_us
2020,48.401250337618436,bart_well_us
2020,48.38938798203499,bart_well_us
2020,48.39154466780443,bart_well_us
2020,48.39751127749561,bart_well_us
2020,48.40134390470708,bart_well_us
2020,48.39525446755934,bart_well_us
2020,48.40208526899903,bart_well_us
2020,48.4043313792308,bart_well_us
2020,48.40478407029669,bart_well_us
2020,48.426872719817254,bart_well_us
2020,48.420573557511894,bart_well_us
2020,48.42406692339827,bart_well_us
2020,48.41298213820374,bart_well_us
2020,48.4057167792375,bart_well_us
2020,48.39613739801332,bart_well_us
2020,48.3872277378799,bart_well_us
2020,48.39754086651601,bart_well_us
2020,48.412789184577406,bart_well_us
2020,48.40596116191042,bart_well_us
2020,48.40880328280697,bart_well_us
2020,48.41757677229114,bart_well_us
2020,48.422270589920274,bart_well_us
2020,48.41845768630128,bart_well_us
2020,48.41093913973478,bart_well_us
2020,48.40947129019602,bart_well_us
2020,48.401005559247196,bart_well_us
2020,48.40308007314006,bart_well_us
2020,48.40738621327002,bart_well_us
2020,48.407815775141415,bart_well_us
2020,48.395484352354,bart_well_us
2020,48.3973276197264,bart_well_us
2020,48.40612328744618,bart_well_us
2020,48.40441742740284,bart_well_us
2020,48.409342406123876,bart_well_us
2020,48.41694946484459,bart_well_us
2020,48.42049353716135,bart_well_us
2020,48.420320725640195,bart_well_us
2020,48.423141900630455,bart_well_us
2020,48.419553688656045,bart_well_us
2020,48.419163427624056,bart_well_us
2020,48.41415723827483,bart_well_us
2020,48.41306557495636,bart_well_us
2020,48.40842071541863,bart_well_us
2020,48.40379580618219,bart_well_us
2020,48.3981968718885,bart_well_us
2020,48.40016823212222,bart_well_us
2020,48.39900642623671,bart_well_us
2020,48.40424900170876,bart_well_us
2020,48.4092445533291,bart_well_us
2020,48.4059769859959,bart_well_us
2020,48.40291281863286,bart_well_us
2020,48.39999824296361,bart_well_us
2020,48.400049665715365,bart_well_us
2020,48.404610093278485,bart_well_us
2020,48.39921065384885,bart_well_us
2020,48.39758766051595,bart_well_us
2020,48.40760464876675,bart_well_us
2020,48.40775831938002,bart_well_us
2020,48.39128877156937,bart_well_us
2020,48.3838892543477,bart_well_us
2020,48.38151525350574,bart_well_us
2020,48.380181529360236,bart_well_us
2020,48.373234668410646,bart_well_us
2020,48.36291460283171,bart_well_us
2020,48.36663055794306,bart_well_us
2020,48.372353043222226,bart_well_us
2020,48.37719021968161,bart_well_us
2020,48.37554721858723,bart_well_us
2020,48.38686247591496,bart_well_us
2020,48.40132495816381,bart_well_us
2020,48.415778636559295,bart_well_us
2020,48.4263655594859,bart_well_us
2020,48.42985782023352,bart_well_us
2020,48.43373807743457,bart_well_us
2020,48.4328859932735,bart_well_us
2020,48.43529958635129,bart_well_us
2020,48.434541305921854,bart_well_us
2020,48.43358501233011,bart_well_us
2020,48.42186875938012,bart_well_us
2020,48.43150599460157,bart_well_us
2020,48.439243971695085,bart_well_us
2020,48.43187179836358,bart_well_us
2020,48.42611052332303,bart_well_us
2020,48.42305384154981,bart_well_us
2020,48.43507450084929,bart_well_us
2020,48.4327783411354,bart_well_us
2020,48.42150427062708,bart_well_us
2020,48.427495405397984,bart_well_us
2020,48.4233229436455,bart_well_us
2020,48.43403679281009,bart_well_us
2020,48.41670132706054,bart_well_us
2020,48.42099889573008,bart_well_us
2020,48.41471006947588,bart_well_us
2020,48.41902983053169,bart_well_us
2020,48.4148238906253,bart_well_us
2020,48.418428410293075,bart_well_us
2020,48.421794049798464,bart_well_us
2020,48.42120294971012,bart_well_us
2020,48.42017606562244,bart_well_us
2020,48.42010223022114,bart_well_us
2020,48.43127640190265,bart_well_us
2020,48.43476675648557,bart_well_us
2020,48.41990147784497,bart_well_us
2020,48.412749590839766,bart_well_us
2020,48.40803905993149,bart_well_us
2020,48.41264886842609,bart_well_us
2020,48.417399476131415,bart_well_us
2020,48.425524447095,bart_well_us
2020,48.42380856879876,bart_well_us
2020,48.43454679983097,bart_well_us
2020,48.44363630058056,bart_well_us
2020,48.445072852555,bart_well_us
2020,48.439027153025926,bart_well_us
2020,48.431494888628265,bart_well_us
2020,48.43293254429469,bart_well_us
2020,48.4297769986301,bart_well_us
2020,48.42166646909013,bart_well_us
2020,48.404931365002646,bart_well_us
2020,48.41782417479349,bart_well_us
2020,48.421237547919205,bart_well_us
2020,48.42416971217095,bart_well_us
2020,48.4100686944126,bart_well_us
2020,48.39351618710569,bart_well_us
2020,48.39046962102395,bart_well_us
2020,48.38859208347745,bart_well_us
2020,48.39013761213171,bart_well_us
2020,48.39201735789625,bart_well_us
2020,48.39595811662089,bart_well_us
2020,48.3916948252793,bart_well_us
2020,48.39008429284099,bart_well_us
2020,48.389535259951614,bart_well_us
2020,48.392459554886145,bart_well_us
2020,48.39645633884143,bart_well_us
2020,48.39594525279247,bart_well_us
2020,48.395163742531224,bart_well_us
2020,48.40041152666988,bart_well_us
2020,48.38968986295578,bart_well_us
2020,48.384652836556086,bart_well_us
2020,48.38080828535203,bart_well_us
2020,48.37422830355479,bart_well_us
2020,48.377116104224235,bart_well_us
2020,48.3758806409476,bart_well_us
2020,48.374549647549046,bart_well_us
2020,48.37440494798873,bart_well_us
2020,48.37640511830945,bart_well_us
2020,48.370762122584,bart_well_us
2020,48.36759339841814,bart_well_us
2020,48.369621286299804,bart_well_us
2020,48.36511571979305,bart_well_us
2020,48.366405776529504,bart_well_us
2020,48.368066487606704,bart_well_us
2020,48.37348662488341,bart_well_us
2020,48.36573477460233,bart_well_us
2020,48.36566748324499,bart_well_us
2020,48.367384138530156,bart_well_us
2020,48.363649907494946,bart_well_us
2020,48.359940012078255,bart_well_us
2020,48.36201154388003,bart_well_us
2020,48.35349985308298,bart_well_us
2020,48.355738699131116,bart_well_us
2020,48.353896452627296,bart_well_us
2020,48.35809878645684,bart_well_us
2020,48.362095376775024,bart_well_us
2020,48.362900809458715,bart_well_us
2020,48.36324003836423,bart_well_us
2020,48.363727288797236,bart_well_us
2020,48.36493968014051,bart_well_us
2020,48.35758801291641,bart_well_us
2020,48.35030204616306,bart_well_us
2020,48.34578508651737,bart_well_us
2020,48.34534138006517,bart_well_us
2020,48.337385510596334,bart_well_us
2020,48.332173975149225,bart_well_us
2020,48.328098306198704,bart_well_us
2020,48.31620761902801,bart_well_us
2020,48.32280674173012,bart_well_us
2020,48.32189874840828,bart_well_us
2020,48.324169291261256,bart_well_us
2020,48.322440530259556,bart_well_us
2020,48.30516029200382,bart_well_us
2020,48.3097933604917,bart_well_us
2020,48.31663574322839,bart_well_us
2020,48.315754808840495,bart_well_us
2020,48.315014251009224,bart_well_us
2020,48.32074016308768,bart_well_us
2020,48.31221677528821,bart_well_us
2020,48.32246564304707,bart_well_us
2020,48.325836323376286,bart_well_us
2020,48.32891583442821,bart_well_us
2020,48.32448977880233,bart_well_us
2020,48.3232657668014,bart_well_us
2020,48.330397848947214,bart_well_us
2020,48.33339698793298,bart_well_us
2020,48.339742565708605,bart_well_us
2020,48.33903628191763,bart_well_us
2020,48.33880902048943,bart_well_us
2020,48.330252295896784,bart_well_us
2020,48.33185538578098,bart_well_us
2020,48.32521400810582,bart_well_us
2020,48.32088008988664,bart_well_us
2020,48.317011549207656,bart_well_us
2020,48.305884494971366,bart_well_us
2020,48.301183776202926,bart_well_us
2020,48.29380037493967,bart_well_us
2020,48.29244069456138,bart_well_us
2020,48.30140845245884,bart_well_us
2020,48.30709398278688,bart_well_us
2020,48.31274083464366,bart_well_us
2020,48.322979106904214,bart_well_us
2020,48.31866166220282,bart_well_us
2020,48.31691366706013,bart_well_us
2020,48.31174150516621,bart_well_us
2020,48.30612769774134,bart_well_us
2020,48.30336468543577,bart_well_us
2020,48.30202880654987,bart_well_us
2020,48.30761516847808,bart_well_us
2020,48.30712924793244,bart_well_us
2020,48.301313253579956,bart_well_us
2020,48.303379522137796,bart_well_us
2020,48.30536839880007,bart_well_us
2020,48.306222478010724,bart_well_us
2020,48.30180490948979,bart_well_us
2020,48.30037275432677,bart_well_us
2020,48.299429799769825,bart_well_us
2020,48.30670631651504,bart_well_us
2020,48.29893207261826,bart_well_us
2020,48.31123805890638,bart_well_us
2020,48.310539807980966,bart_well_us
2020,48.31770374660786,bart_well_us
2020,48.32063239290814,bart_well_us
2020,48.31550331271953,bart_well_us
2020,48.31853961773213,bart_well_us
2020,48.32959512598565,bart_well_us
2020,48.33171646143571,bart_well_us
2020,48.328891239863346,bart_well_us
2020,48.3317629698206,bart_well_us
2020,48.33502063593677,bart_well_us
2020,48.3294023188102,bart_well_us
2020,48.32994999538984,bart_well_us
2020,48.33072928462842,bart_well_us
2020,48.33317858206066,bart_well_us
2020,48.33331619395378,bart_well_us
2020,48.327876992331696,bart_well_us
2020,48.331295763000895,bart_well_us
2020,48.3172336470413,bart_well_us
2020,48.32295596676495,bart_well_us
2020,48.323850236138284,bart_well_us
2020,48.315638808869004,bart_well_us
2020,48.310811986480296,bart_well_us
2020,48.31174372858439,bart_well_us
2020,48.30920164324863,bart_well_us
2020,48.32357066149405,bart_well_us
2020,48.32144932954396,bart_well_us
2020,48.32516588022099,bart_well_us
2020,48.31604308663532,bart_well_us
2020,48.317436812449664,bart_well_us
2020,48.32627211329417,bart_well_us
2020,48.32035348594166,bart_well_us
2020,48.31901228950467,bart_well_us
2020,48.31850313313808,bart_well_us
2020,48.314674275999266,bart_well_us
2020,48.31342464183832,bart_well_us
2020,48.31101786885469,bart_well_us
2020,48.31618235537634,bart_well_us
2020,48.30882284485473,bart_well_us
2020,48.304700324045086,bart_well_us
2020,48.30203255020662,bart_well_us
2020,48.30278878541442,bart_well_us
2020,48.302773727987606,bart_well_us
2020,48.296573790116646,bart_well_us
2020,48.29438618231757,bart_well_us
2020,48.292237853356,bart_well_us
2020,48.305893333480434,bart_well_us
2020,48.30165612747827,bart_well_us
2020,48.29215176233322,bart_well_us
2020,48.288040994255844,bart_well_us
2020,48.286986026376034,bart_well_us
2020,48.28604877945828,bart_well_us
2020,48.29712764980306,bart_well_us
2020,48.29413082838637,bart_well_us
2020,48.29655061948253,bart_well_us
2020,48.29672602280626,bart_well_us
2020,48.29761332139549,bart_well_us
2020,48.2938907949809,bart_well_us
2020,48.2900714732699,bart_well_us
2020,48.28802587269752,bart_well_us
2020,48.27801749137481,bart_well_us
2020,48.281809504115884,bart_well_us
2020,48.28622861415325,bart_well_us
2020,48.27778981705929,bart_well_us
2020,48.286010460199634,bart_well_us
2020,48.29373846745783,bart_well_us
2020,48.296870058752916,bart_well_us
2020,48.29609383065016,bart_well_us
2020,48.28930690048397,bart_well_us
2020,48.29142369021269,bart_well_us
2020,48.292518192082824,bart_well_us
2020,48.29993727584193,bart_well_us
2020,48.300944335417014,bart_well_us
2020,48.297258675529974,bart_well_us
2020,48.29504872730748,bart_well_us
2020,48.29902246995875,bart_well_us
2020,48.30452225500606,bart_well_us
2020,48.31122907727458,bart_well_us
2020,48.30242951753826,bart_well_us
2020,48.30135340329374,bart_well_us
2020,48.311208105265635,bart_well_us
2020,48.32353272843512,bart_well_us
2020,48.33349441044205,bart_well_us
2020,48.32698880941411,bart_well_us
2020,48.320453245989896,bart_well_us
2020,48.32245650253438,bart_well_us
2020,48.32712871159052,bart_well_us
2020,48.33522989254231,bart_well_us
2020,48.33513110833935,bart_well_us
2020,48.339982227134215,bart_well_us
2020,48.336062788543884,bart_well_us
2020,48.332716299067584,bart_well_us
2020,48.33116238384609,bart_well_us
2020,48.32844242028054,bart_well_us
2020,48.326099746321184,bart_well_us
2020,48.326171317892026,bart_well_us
2020,48.3295005395285,bart_well_us
2020,48.33378467187988,bart_well_us
2020,48.332804797589276,bart_well_us
2020,48.333296383552614,bart_well_us
2020,48.32910269993846,bart_well_us
2020,48.32934789021517,bart_well_us
2020,48.327829778455055,bart_well_us
2020,48.320033023605646,bart_well_us
2020,48.32204109486379,bart_well_us
2020,48.32443236527125,bart_well_us
2020,48.318876728129865,bart_well_us
2020,48.32236394660474,bart_well_us
2020,48.32479456453024,bart_well_us
2020,48.32732243740254,bart_well_us
2020,48.325614065321794,bart_well_us
2020,48.32412006431986,bart_well_us
2020,48.32310132021481,bart_well_us
2020,48.315945163809616,bart_well_us
2020,48.31121574979702,bart_well_us
2020,48.313906106748,bart_well_us
2020,48.31287424284368,bart_well_us
2020,48.30967244614327,bart_well_us
2020,48.31183809816706,bart_well_us
2020,48.309873639155285,bart_well_us
2020,48.305640809052264,bart_well_us
2020,48.3071428127968,bart_well_us
2020,48.30737217028451,bart_well_us
2020,48.31287587030333,bart_well_us
2020,48.316478964490685,bart_well_us
2020,48.323985015152715,bart_well_us
2020,48.321476568463595,bart_well_us
2020,48.320537939148466,bart_well_us
2020,48.31821051739892,bart_well_us
2020,48.32009892575974,bart_well_us
2020,48.31901625861312,bart_well_us
2020,48.317957728392564,bart_well_us
2020,48.321698106223124,bart_well_us
2020,48.32678588174028,bart_well_us
2020,48.325522669610294,bart_well_us
2020,48.332111178956055,bart_well_us
2020,48.32752735487842,bart_well_us
2020,48.32572140967763,bart_well_us
2020,48.32686229998054,bart_well_us
2020,48.31810498282492,bart_well_us
2020,48.32110407382869,bart_well_us
2020,48.31972015886334,bart_well_us
2020,48.3213077384347,bart_well_us
2020,48.32045323937962,bart_well_us
2020,48.32157328547614,bart_well_us
2020,48.32827691494135,bart_well_us
2020,48.32780596434725,bart_well_us
2020,48.33590833250976,bart_well_us
2020,48.33097365113768,bart_well_us
2020,48.32510409548621,bart_well_us
2020,48.318802160951385,bart_well_us
2020,48.3168303585899,bart_well_us
2020,48.31352638455023,bart_well_us
2020,48.31224490598761,bart_well_us
2020,48.3040830152693,bart_well_us
2020,48.306440954852874,bart_well_us
2020,48.308606694553006,bart_well_us
2020,48.308068682048514,bart_well_us
2020,48.30181804787578,bart_well_us
2020,48.29823946089964,bart_well_us
2020,48.301024810819776,bart_well_us
2020,48.29207142528823,bart_well_us
2020,48.287682318990235,bart_well_us
2020,48.287253341149146,bart_well_us
2020,48.28740805336728,bart_well_us
2020,48.29193741412027,bart_well_us
2020,48.28759788924238,bart_well_us
2020,48.28434889184729,bart_well_us
2020,48.29181362931452,bart_well_us
2020,48.29578294526082,bart_well_us
2020,48.29498776028828,bart_well_us
2020,48.30113122749267,bart_well_us
2020,48.29951144052377,bart_well_us
2020,48.30251373598419,bart_well_us
2020,48.299275684988515,bart_well_us
2020,48.299319899600476,bart_well_us
2020,48.30214453842856,bart_well_us
2020,48.3068078745671,bart_well_us
2020,48.30796523486438,bart_well_us
2020,48.30337165352918,bart_well_us
2020,48.298772814981845,bart_well_us
2020,48.304561075117725,bart_well_us
2020,48.30843649750668,bart_well_us
2020,48.30940345162438,bart_well_us
2020,48.304005153759654,bart_well_us
2020,48.30263659454406,bart_well_us
2020,48.29051660057439,bart_well_us
2020,48.28704527203989,bart_well_us
2020,48.29185249813868,bart_well_us
2020,48.28220491770682,bart_well_us
2020,48.2898197781735,bart_well_us
2020,48.29194469888414,bart_well_us
2020,48.29727934145666,bart_well_us
2020,48.29861643058629,bart_well_us
2020,48.30334705085629,bart_well_us
2020,48.3060483776873,bart_well_us
2020,48.30445365286252,bart_well_us
2020,48.30102845160394,bart_well_us
2020,48.29702579020376,bart_well_us
2020,48.29436429631087,bart_well_us
2020,48.291579322171934,bart_well_us
2020,48.28627045105085,bart_well_us
2020,48.28465178461936,bart_well_us
2020,48.285852075631844,bart_well_us
2020,48.28416129459041,bart_well_us
2020,48.28167498771351,bart_well_us
2020,48.281362111547324,bart_well_us
2020,48.2762687760063,bart_well_us
2020,48.27892346033872,bart_well_us
2020,48.27143106292382,bart_well_us
2020,48.26377853108748,bart_well_us
2020,48.26095525198073,bart_well_us
2020,48.26111722449052,bart_well_us
2020,48.26301301229918,bart_well_us
2020,48.26211652617437,bart_well_us
2020,48.26208417895254,bart_well_us
2020,48.26291779845038,bart_well_us
2020,48.25746325653391,bart_well_us
2020,48.263053791224905,bart_well_us
2020,48.2604891415279,bart_well_us
2020,48.26131479522899,bart_well_us
2020,48.266274716731026,bart_well_us
2020,48.268239245697025,bart_well_us
2020,48.262169057523806,bart_well_us
2020,48.258932910567346,bart_well_us
2020,48.26464964992127,bart_well_us
2020,48.26671686673983,bart_well_us
2020,48.266761729789096,bart_well_us
2020,48.26715133085705,bart_well_us
2020,48.259596926209866,bart_well_us
2020,48.26213337649986,bart_well_us
2020,48.26542261693616,bart_well_us
2020,48.27027866636632,bart_well_us
2020,48.27077708362608,bart_well_us
2020,48.27034435037996,bart_well_us
2020,48.27154482850377,bart_well_us
2020,48.27463411401184,bart_well_us
2020,48.278327391164375,bart_well_us
2020,48.28597144143391,bart_well_us
2020,48.28363870878406,bart_well_us
2020,48.286908217245596,bart_well_us
2020,48.286130094570055,bart_well_us
2020,48.28369723255585,bart_well_us
2020,48.28312295531605,bart_well_us
2020,48.280021311628005,bart_well_us
2020,48.27226558066344,bart_well_us
2020,48.27516156791078,bart_well_us
2020,48.27189074617537,bart_well_us
2020,48.27687276884612,bart_well_us
2020,48.274352432113936,bart_well_us
2020,48.270171856589286,bart_well_us
2020,48.265992702910935,bart_well_us
2020,48.274020480478484,bart_well_us
2020,48.28343035176785,bart_well_us
2020,48.283236522759154,bart_well_us
2020,48.290933032272946,bart_well_us
2020,48.29164409364651,bart_well_us
2020,48.28483395172668,bart_well_us
2020,48.283500514854154,bart_well_us
2020,48.28268045966185,bart_well_us
2020,48.283450867145255,bart_well_us
2020,48.27677384991467,bart_well_us
2020,48.274894134015014,bart_well_us
2020,48.28201208363409,bart_well_us
2020,48.28129532326447,bart_well_us
2020,48.279041847933286,bart_well_us
2020,48.27827864274187,bart_well_us
2020,48.275816988044255,bart_well_us
2020,48.279390245115145,bart_well_us
2020,48.28215566481525,bart_well_us
2020,48.29014121262483,bart_well_us
2020,48.290782106888024,bart_well_us
2020,48.28752787480658,bart_well_us
2020,48.284231147360934,bart_well_us
2020,48.28019077961123,bart_well_us
2020,48.27773332335551,bart_well_us
2020,48.27769131939313,bart_well_us
2020,48.281134120459015,bart_well_us
2020,48.28288790559994,bart_well_us
2020,48.28142573397352,bart_well_us
2020,48.27653405838341,bart_well_us
2020,48.28006878216969,bart_well_us
2020,48.27699161453007,bart_well_us
2020,48.277974229495534,bart_well_us
2020,48.27500487365293,bart_well_us
2020,48.27650457701176,bart_well_us
2020,48.27561038278247,bart_well_us
2020,48.28099352211466,bart_well_us
2020,48.27685696565359,bart_well_us
2020,48.28558499638834,bart_well_us
2020,48.29009641478796,bart_well_us
2020,48.28912658014703,bart_well_us
2024,41.916825573353144,bart_well_us
2024,44.40288294497788,bart_well_us
2024,43.55213572511078,bart_well_us
2024,45.00895138940532,bart_well_us
2024,45.39198776834338,bart_well_us
2024,45.98334644460829,bart_well_us
2024,46.12307848460056,bart_well_us
2024,46.04643333480074,bart_well_us
2024,46.292317010438154,bart_well_us
2024,46.27637528936188,bart_well_us
2024,46.21339512166822,bart_well_us
2024,46.21515234524015,bart_well_us
2024,46.16924611315098,bart_well_us
2024,46.4979151259425,bart_well_us
2024,46.68095379697426,bart_well_us
2024,46.819699146502835,bart_well_us
2024,47.028563496060954,bart_well_us
2024,47.026513180581404,bart_well_us
2024,47.06530340288619,bart_well_us
2024,46.931169672372405,bart_well_us
2024,47.216984506063,bart_well_us
2024,47.33608416246433,bart_well_us
2024,47.36639007777467,bart_well_us
2024,47.53591054471891,bart_well_us
2024,47.708568591490625,bart_well_us
2024,47.58027711251178,bart_well_us
2024,47.66855785621446,bart_well_us
2024,47.66645603828001,bart_well_us
2024,47.453201534981446,bart_well_us
2024,47.29986156625114,bart_well_us
2024,47.22961427776844,bart_well_us
2024,47.231884019275356,bart_well_us
2024,47.2551799873695,bart_well_us
2024,47.33410134485325,bart_well_us
2024,47.2612198453747,bart_well_us
2024,47.13797966705381,bart_well_us
2024,47.01969837219549,bart_well_us
2024,46.959614817800585,bart_well_us
2024,46.9900706070329,bart_well_us
2024,47.057447474327766,bart_well_us
2024,46.931559497709614,bart_well_us
2024,47.05301922110385,bart_well_us
2024,47.14599759285325,bart_well_us
2024,47.219783735612054,bart_well_us
2024,47.22535713821339,bart_well_us
2024,47.140688639125266,bart_well_us
2024,46.99490499409915,bart_well_us
2024,46.99483084056955,bart_well_us
2024,46.94915512904148,bart_well_us
2024,46.93524381110201,bart_well_us
2024,46.88174996217422,bart_well_us
2024,46.7778673308492,bart_well_us
2024,46.82306944908697,bart_well_us
2024,46.88350291235073,bart_well_us
2024,46.88068011282602,bart_well_us
2024,46.78504387677064,bart_well_us
2024,46.81538959480841,bart_well_us
2024,46.83011862019908,bart_well_us
2024,46.86638207468222,bart_well_us
2024,46.86678757086477,bart_well_us
2024,46.81227599899624,bart_well_us
2024,46.84823771310546,bart_well_us
2024,46.78190370334883,bart_well_us
2024,46.786107057170106,bart_well_us
2024,46.7959542808817,bart_well_us
2024,46.802640490824345,bart_well_us
2024,46.869334010663465,bart_well_us
2024,46.90784204870688,bart_well_us
2024,46.93959234019201,bart_well_us
2024,47.0279063550893,bart_well_us
2024,47.072944234821605,bart_well_us
2024,47.052882927556325,bart_well_us
2024,47.04799520405,bart_well_us
2024,47.031743242832206,bart_well_us
2024,47.01371908425455,bart_well_us
2024,46.96537484058162,bart_well_us
2024,46.88663131270553,bart_well_us
2024,46.879253335807206,bart_well_us
2024,46.95301389823074,bart_well_us
2024,46.97103246262992,bart_well_us
2024,47.02568396463646,bart_well_us
2024,47.07827664436388,bart_well_us
2024,47.102750685432135,bart_well_us
2024,47.115825573988324,bart_well_us
2024,47.098070742291966,bart_well_us
2024,47.06007306246266,bart_well_us
2024,47.048224238703476,bart_well_us
2024,47.02980270868418,bart_well_us
2024,46.97922487665605,bart_well_us
2024,46.986172715486276,bart_well_us
2024,46.98572539619658,bart_well_us
2024,47.028667159165295,bart_well_us
2024,46.977260702919224,bart_well_us
2024,47.06161006137477,bart_well_us
2024,47.022053531168126,bart_well_us
2024,46.947712679201885,bart_well_us
2024,46.92017609080479,bart_well_us
2024,46.8852006262311,bart_well_us
2024,46.85703901466254,bart_well_us
2024,46.87168403395408,bart_well_us
2024,46.860820573812106,bart_well_us
2024,46.824123316409064,bart_well_us
2024,46.809243168908026,bart_well_us
2024,46.79983970715788,bart_well_us
2024,46.76652059803975,bart_well_us
2024,46.79233092510764,bart_well_us
2024,46.83514962647621,bart_well_us
2024,46.83032435712668,bart_well_us
2024,46.83953697455314,bart_well_us
2024,46.79854527474504,bart_well_us
2024,46.79723771154661,bart_well_us
2024,46.74979609223595,bart_well_us
2024,46.77921978543332,bart_well_us
2024,46.77265110314003,bart_well_us
2024,46.75796026861944,bart_well_us
2024,46.77934835693715,bart_well_us
2024,46.804027615340374,bart_well_us
2024,46.82864253700855,bart_well_us
2024,46.851098996898095,bart_well_us
2024,46.82462303406941,bart_well_us
2024,46.8372686677537,bart_well_us
2024,46.84390034832865,bart_well_us
2024,46.85237226429231,bart_well_us
2024,46.87163202066546,bart_well_us
2024,46.879411908853974,bart_well_us
2024,46.88955133264392,bart_well_us
2024,46.843684763873334,bart_well_us
2024,46.824750696394005,bart_well_us
2024,46.800933072084916,bart_well_us
2024,46.837095017234105,bart_well_us
2024,46.83596302619751,bart_well_us
2024,46.841231334378776,bart_well_us
2024,46.8340778709366,bart_well_us
2024,46.83815425847993,bart_well_us
2024,46.85381430618071,bart_well_us
2024,46.87535555134106,bart_well_us
2024,46.904689398734156,bart_well_us
2024,46.94383798538331,bart_well_us
2024,46.96491191316237,bart_well_us
2024,46.91782631666695,bart_well_us
2024,46.91566306934492,bart_well_us
2024,46.88947817992581,bart_well_us
2024,46.88319585599099,bart_well_us
2024,46.90486696242708,bart_well_us
2024,46.89905435916271,bart_well_us
2024,46.91350489369397,bart_well_us
2024,46.92115073522913,bart_well_us
2024,46.93422472883575,bart_well_us
2024,46.90827300738015,bart_well_us
2024,46.89543305454215,bart_well_us
2024,46.93144049623757,bart_well_us
2024,46.89335454030203,bart_well_us
2024,46.890111747392886,bart_well_us
2024,46.87371674639397,bart_well_us
2024,46.871783038833236,bart_well_us
2024,46.91469789300828,bart_well_us
2024,46.93534534827572,bart_well_us
2024,46.971413486880515,bart_well_us
2024,46.950173079089886,bart_well_us
2024,46.933732180144496,bart_well_us
2024,46.96156281420827,bart_well_us
2024,46.966373340720885,bart_well_us
2024,46.96462789837122,bart_well_us
2024,46.97173361070225,bart_well_us
2024,46.983063507992256,bart_well_us
2024,47.006179954281166,bart_well_us
2024,47.01100357136471,bart_well_us
2024,47.012052039332566,bart_well_us
2024,47.00436968854318,bart_well_us
2024,46.988927779104415,bart_well_us
2024,46.995118255711375,bart_well_us
2024,47.01651591013143,bart_well_us
2024,47.010342786662946,bart_well_us
2024,47.0460252336652,bart_well_us
2024,47.0607214849253,bart_well_us
2024,47.05547963320454,bart_well_us
2024,47.06922692468504,bart_well_us
2024,47.05135285980717,bart_well_us
2024,47.04195261324855,bart_well_us
2024,47.027716427391056,bart_well_us
2024,47.003669563233615,bart_well_us
2024,46.999670740233014,bart_well_us
2024,47.003523753954134,bart_well_us
2024,46.98446186833445,bart_well_us
2024,47.008552034856876,bart_well_us
2024,47.00721851314131,bart_well_us
2024,47.00758273143314,bart_well_us
2024,47.015963993938136,bart_well_us
2024,46.998690061352974,bart_well_us
2024,46.99677860736192,bart_well_us
2024,46.98246200942663,bart_well_us
2024,46.986713159937516,bart_well_us
2024,47.00149121374296,bart_well_us
2024,47.01194783677561,bart_well_us
2024,47.01345146655745,bart_well_us
2024,47.02571475334946,bart_well_us
2024,47.01094967160667,bart_well_us
2024,47.0099917926788,bart_well_us
2024,47.01374401283216,bart_well_us
2024,47.01841194917654,bart_well_us
2024,47.010399073160286,bart_well_us
2024,47.012160498214776,bart_well_us
2024,47.03290777272535,bart_well_us
2024,47.02634508276408,bart_well_us
2024,47.01801099695169,bart_well_us
2024,47.001141529654696,bart_well_us
2024,47.01895303893399,bart_well_us
2024,47.0133104655952,bart_well_us
2024,47.027786438624425,bart_well_us
2024,47.006099693191985,bart_well_us
2024,47.020714473424164,bart_well_us
2024,47.02473024466998,bart_well_us
2024,47.05261946013799,bart_well_us
2024,47.03226236475385,bart_well_us
2024,47.040576536603,bart_well_us
2024,47.04942688697854,bart_well_us
2024,47.05350456925203,bart_well_us
2024,47.0556933185338,bart_well_us
2024,47.05216815881272,bart_well_us
2024,47.066468788784505,bart_well_us
2024,47.078794312926064,bart_well_us
2024,47.09041754328997,bart_well_us
2024,47.07488895384754,bart_well_us
2024,47.08631511849553,bart_well_us
2024,47.11327559909424,bart_well_us
2024,47.111690045352766,bart_well_us
2024,47.11697502697214,bart_well_us
2024,47.1076284512844,bart_well_us
2024,47.10694858752227,bart_well_us
2024,47.11872513488397,bart_well_us
2024,47.127885097902706,bart_well_us
2024,47.134843441852226,bart_well_us
2024,47.13812815564615,bart_well_us
2024,47.158676723144794,bart_well_us
2024,47.18403408433171,bart_well_us
2024,47.21821325633665,bart_well_us
2024,47.19993955557366,bart_well_us
2024,47.197378717204835,bart_well_us
2024,47.18734854388356,bart_well_us
2024,47.22409051719099,bart_well_us
2024,47.22541339850477,bart_well_us
2024,47.24646061382042,bart_well_us
2024,47.252446661324214,bart_well_us
2024,47.24898641910603,bart_well_us
2024,47.2595729095267,bart_well_us
2024,47.254500005080324,bart_well_us
2024,47.25064610895987,bart_well_us
2024,47.272822446879175,bart_well_us
2024,47.27130474634823,bart_well_us
2024,47.262513513871355,bart_well_us
2024,47.27295310014902,bart_well_us
2024,47.24618190554647,bart_well_us
2024,47.23850214103713,bart_well_us
2024,47.228016093833574,bart_well_us
2024,47.234041354554726,bart_well_us
2024,47.25054439321498,bart_well_us
2024,47.27116108333445,bart_well_us
2024,47.27389282019377,bart_well_us
2024,47.253392032935686,bart_well_us
2024,47.269810365630434,bart_well_us
2024,47.25988087014938,bart_well_us
2024,47.264877526863955,bart_well_us
2024,47.26619180661183,bart_well_us
2024,47.24968600096752,bart_well_us
2024,47.24387445549413,bart_well_us
2024,47.25042114724148,bart_well_us
2024,47.246242020389786,bart_well_us
2024,47.25455408310916,bart_well_us
2024,47.272093795301906,bart_well_us
2024,47.26989860269408,bart_well_us
2024,47.27074350383308,bart_well_us
2024,47.28696937480654,bart_well_us
2024,47.305932355568416,bart_well_us
2024,47.316424820319355,bart_well_us
2024,47.320627707485556,bart_well_us
2024,47.32244305124736,bart_well_us
2024,47.3219096780547,bart_well_us
2024,47.32352855759322,bart_well_us
2024,47.32019108557627,bart_well_us
2024,47.284727087359656,bart_well_us
2024,47.271258746388455,bart_well_us
2024,47.24633895876701,bart_well_us
2024,47.22951422839161,bart_well_us
2024,47.20584392357324,bart_well_us
2024,47.22731406252861,bart_well_us
2024,47.23370438025256,bart_well_us
2024,47.227356604072554,bart_well_us
2024,47.23023148566469,bart_well_us
2024,47.239231194665635,bart_well_us
2024,47.2420358076248,bart_well_us
2024,47.250004331583916,bart_well_us
2024,47.23391994817437,bart_well_us
2024,47.21698309667001,bart_well_us
2024,47.224372763503496,bart_well_us
2024,47.22266876593929,bart_well_us
2024,47.21305115767315,bart_well_us
2024,47.224430708027015,bart_well_us
2024,47.23755076993992,bart_well_us
2024,47.25134011378841,bart_well_us
2024,47.263913871065334,bart_well_us
2024,47.25843150747721,bart_well_us
2024,47.25466871404685,bart_well_us
2024,47.27045556111156,bart_well_us
2024,47.29374293632265,bart_well_us
2024,47.28201906702523,bart_well_us
2024,47.266507387743324,bart_well_us
2024,47.28695415786835,bart_well_us
2024,47.28667105815323,bart_well_us
2024,47.2649522628936,bart_well_us
2024,47.272880154835434,bart_well_us
2024,47.270481211031,bart_well_us
2024,47.26940778653209,bart_well_us
2024,47.26620317457533,bart_well_us
2024,47.26643385389905,bart_well_us
2024,47.25792413353171,bart_well_us
2024,47.25838314053937,bart_well_us
2024,47.272265831901734,bart_well_us
2024,47.2947730661359,bart_well_us
2024,47.30207153998879,bart_well_us
2024,47.30953545752067,bart_well_us
2024,47.31179530260448,bart_well_us
2024,47.316339957062624,bart_well_us
2024,47.30096267265664,bart_well_us
2024,47.305201251951665,bart_well_us
2024,47.29675186414149,bart_well_us
2024,47.29269804706693,bart_well_us
2024,47.28922671957638,bart_well_us
2024,47.29921921423437,bart_well_us
2024,47.29477983714926,bart_well_us
2024,47.30407779736013,bart_well_us
2024,47.303823866120375,bart_well_us
2024,47.29636759162549,bart_well_us
2024,47.308359380389234,bart_well_us
2024,47.318728541579304,bart_well_us
2024,47.33239674473076,bart_well_us
2024,47.33666866066669,bart_well_us
2024,47.33601783739403,bart_well_us
2024,47.33529305511708,bart_well_us
2024,47.333200520707095,bart_well_us
2024,47.321946702621936,bart_well_us
2024,47.31906657614876,bart_well_us
2024,47.31089867062795,bart_well_us
2024,47.29208956408037,bart_well_us
2024,47.27673915062019,bart_well_us
2024,47.28795686651151,bart_well_us
2024,47.287909383334764,bart_well_us
2024,47.30033118221361,bart_well_us
2024,47.31427817060885,bart_well_us
2024,47.32609573292849,bart_well_us
2024,47.335782529453674,bart_well_us
2024,47.322476365971625,bart_well_us
2024,47.31590999608984,bart_well_us
2024,47.310410361620924,bart_well_us
2024,47.30491439212846,bart_well_us
2024,47.30603294472858,bart_well_us
2024,47.30500950436098,bart_well_us
2024,47.29377672645974,bart_well_us
2024,47.29993731443898,bart_well_us
2024,47.29642280061083,bart_well_us
2024,47.297622869610215,bart_well_us
2024,47.29732392030313,bart_well_us
2024,47.292166032480466,bart_well_us
2024,47.29143828674992,bart_well_us
2024,47.29016983113452,bart_well_us
2024,47.29415078629757,bart_well_us
2024,47.304405756299055,bart_well_us
2024,47.30906305532948,bart_well_us
2024,47.30682627693036,bart_well_us
2024,47.31232307704583,bart_well_us
2024,47.31788259370969,bart_well_us
2024,47.31243897784016,bart_well_us
2024,47.317165240507954,bart_well_us
2024,47.31488723132229,bart_well_us
2024,47.316658157194325,bart_well_us
2024,47.302257777686336,bart_well_us
2024,47.309238218351545,bart_well_us
2024,47.31800897768382,bart_well_us
2024,47.31133138248415,bart_well_us
2024,47.31398457315032,bart_well_us
2024,47.33806036624115,bart_well_us
2024,47.341730984449505,bart_well_us
2024,47.347168657248695,bart_well_us
2024,47.354723112160194,bart_well_us
2024,47.34479423729144,bart_well_us
2024,47.3420262048815,bart_well_us
2024,47.345200432563345,bart_well_us
2024,47.35177354555712,bart_well_us
2024,47.359860635739246,bart_well_us
2024,47.36322920995822,bart_well_us
2024,47.354044485360994,bart_well_us
2024,47.343950164530284,bart_well_us
2024,47.33778931514334,bart_well_us
2024,47.33507723090494,bart_well_us
2024,47.34110552753823,bart_well_us
2024,47.33264998479776,bart_well_us
2024,47.32660075541973,bart_well_us
2024,47.32986484389394,bart_well_us
2024,47.329140025705875,bart_well_us
2024,47.3346327767176,bart_well_us
2024,47.33014694488965,bart_well_us
2024,47.33860685261808,bart_well_us
2024,47.33072594575537,bart_well_us
2024,47.32594053228667,bart_well_us
2024,47.325004766382946,bart_well_us
2024,47.31955582290006,bart_well_us
2024,47.32847509308597,bart_well_us
2024,47.3409004287773,bart_well_us
2024,47.33453172345913,bart_well_us
2024,47.338930531777464,bart_well_us
2024,47.328422608609344,bart_well_us
2024,47.32549659820075,bart_well_us
2024,47.32396277524444,bart_well_us
2024,47.333416778496,bart_well_us
2024,47.35774471439228,bart_well_us
2024,47.357327196325116,bart_well_us
2024,47.36627091480004,bart_well_us
2024,47.3746959958148,bart_well_us
2024,47.38086618133213,bart_well_us
2024,47.38950740567985,bart_well_us
2024,47.39677356976945,bart_well_us
2024,47.3993247185749,bart_well_us
2024,47.40886442252665,bart_well_us
2024,47.40599822366728,bart_well_us
2024,47.403612659063995,bart_well_us
2024,47.3910521328919,bart_well_us
2024,47.386962455921775,bart_well_us
2024,47.376748948113054,bart_well_us
2024,47.36537351787864,bart_well_us
2024,47.361292051004725,bart_well_us
2024,47.36001401775717,bart_well_us
2024,47.36682928984817,bart_well_us
2024,47.37116142713929,bart_well_us
2024,47.37508304958206,bart_well_us
2024,47.36968019567929,bart_well_us
2024,47.37292458717866,bart_well_us
2024,47.36495928739439,bart_well_us
2024,47.36930196542619,bart_well_us
2024,47.37090411618961,bart_well_us
2024,47.3689243163975,bart_well_us
2024,47.36119149948722,bart_well_us
2024,47.356347974722325,bart_well_us
2024,47.370722525346956,bart_well_us
2024,47.3633643309372,bart_well_us
2024,47.354731496580726,bart_well_us
2024,47.3621541057734,bart_well_us
2024,47.3420619442085,bart_well_us
2024,47.34371121368996,bart_well_us
2024,47.32928645347586,bart_well_us
2024,47.326741414506174,bart_well_us
2024,47.31683240639407,bart_well_us
2024,47.31247067269758,bart_well_us
2024,47.318640321653156,bart_well_us
2024,47.316654052920114,bart_well_us
2024,47.32228166199806,bart_well_us
2024,47.326053529823085,bart_well_us
2024,47.32402651515204,bart_well_us
2024,47.31817586222005,bart_well_us
2024,47.32261865074252,bart_well_us
2024,47.32741682481213,bart_well_us
2024,47.324830933088684,bart_well_us
2024,47.318157219391026,bart_well_us
2024,47.31758232361527,bart_well_us
2024,47.3262561859445,bart_well_us
2024,47.32743011976726,bart_well_us
2024,47.33016797492486,bart_well_us
2024,47.333123599106415,bart_well_us
2024,47.32973655080605,bart_well_us
2024,47.336942849156095,bart_well_us
2024,47.34211727860448,bart_well_us
2024,47.34153710266845,bart_well_us
2024,47.33200655379347,bart_well_us
2024,47.32503886381811,bart_well_us
2024,47.32528979631718,bart_well_us
2024,47.324810533403905,bart_well_us
2024,47.332032054322596,bart_well_us
2024,47.331825543759514,bart_well_us
2024,47.33319622213385,bart_well_us
2024,47.33508199087555,bart_well_us
2024,47.330875502284634,bart_well_us
2024,47.331235202719824,bart_well_us
2024,47.32593816219992,bart_well_us
2024,47.32924043766981,bart_well_us
2024,47.327469560003635,bart_well_us
2024,47.318717815354674,bart_well_us
2024,47.325219757568114,bart_well_us
2024,47.319368751378455,bart_well_us
2024,47.321077362691355,bart_well_us
2024,47.32028299713526,bart_well_us
2024,47.32279464906462,bart_well_us
2024,47.325704936493715,bart_well_us
2024,47.32481286284698,bart_well_us
2024,47.345230865627634,bart_well_us
2024,47.34489955757939,bart_well_us
2024,47.351723420390634,bart_well_us
2024,47.342189753756955,bart_well_us
2024,47.3379751339517,bart_well_us
2024,47.329763986846736,bart_well_us
2024,47.32978763075535,bart_well_us
2024,47.332289186654826,bart_well_us
2024,47.346176429851084,bart_well_us
2024,47.34561064746095,bart_well_us
2024,47.34131206909447,bart_well_us
2024,47.33637635452411,bart_well_us
2024,47.34576737563306,bart_well_us
2024,47.3400866496223,bart_well_us
2024,47.33287522485387,bart_well_us
2024,47.335290002693675,bart_well_us
2024,47.33423352277749,bart_well_us
2024,47.33711665794947,bart_well_us
2024,47.3414127061939,bart_well_us
2024,47.336855544597086,bart_well_us
2024,47.33140721395937,bart_well_us
2024,47.325990060407115,bart_well_us
2024,47.32752361050612,bart_well_us
2024,47.33116977052378,bart_well_us
2024,47.33795698016541,bart_well_us
2024,47.340412476047085,bart_well_us
2024,47.345127690368344,bart_well_us
2024,47.34280953390292,bart_well_us
2024,47.33602710693839,bart_well_us
2024,47.338916210471325,bart_well_us
2024,47.33858892245313,bart_well_us
2024,47.33445813073166,bart_well_us
2024,47.329997150604086,bart_well_us
2024,47.31762322341035,bart_well_us
2024,47.31592348428602,bart_well_us
2024,47.31337470734061,bart_well_us
2024,47.317079829201674,bart_well_us
2024,47.311075460719806,bart_well_us
2024,47.31674432637258,bart_well_us
2024,47.31136028186422,bart_well_us
2024,47.30836346429866,bart_well_us
2024,47.316758805074805,bart_well_us
2024,47.30354062929103,bart_well_us
2024,47.29959239951889,bart_well_us
2024,47.29752222190487,bart_well_us
2024,47.29848610129254,bart_well_us
2024,47.29995571605126,bart_well_us
2024,47.30720918313557,bart_well_us
2024,47.30716168743512,bart_well_us
2024,47.30001578622357,bart_well_us
2024,47.29172405122809,bart_well_us
2024,47.28900996453875,bart_well_us
2024,47.290209678334456,bart_well_us
2024,47.281798147787654,bart_well_us
2024,47.27425837867513,bart_well_us
2024,47.27953267134061,bart_well_us
2024,47.28442162849848,bart_well_us
2024,47.28670388873965,bart_well_us
2024,47.28621113991853,bart_well_us
2024,47.296523215881635,bart_well_us
2024,47.30215692396666,bart_well_us
2024,47.30990616930145,bart_well_us
2024,47.31057239077335,bart_well_us
2024,47.30889512518484,bart_well_us
2024,47.31129578489671,bart_well_us
2024,47.307829014943636,bart_well_us
2024,47.30648483607324,bart_well_us
2024,47.304951720937495,bart_well_us
2024,47.30282773417933,bart_well_us
2024,47.30837654972029,bart_well_us
2024,47.30999102617555,bart_well_us
2024,47.30575460338308,bart_well_us
2024,47.30266159134395,bart_well_us
2024,47.304101095516906,bart_well_us
2024,47.29894697710106,bart_well_us
2024,47.300615079814456,bart_well_us
2024,47.29929443458178,bart_well_us
2024,47.2932085412785,bart_well_us
2024,47.295337161491474,bart_well_us
2024,47.29658669648427,bart_well_us
2024,47.30332715190717,bart_well_us
2024,47.29483705461169,bart_well_us
2024,47.304316386400046,bart_well_us
2024,47.29836105075984,bart_well_us
2024,47.298872127213436,bart_well_us
2024,47.29781128057659,bart_well_us
2024,47.30101232218306,bart_well_us
2024,47.304613965500096,bart_well_us
2024,47.30148324528165,bart_well_us
2024,47.30949432827429,bart_well_us
2024,47.303061826652666,bart_well_us
2024,47.305776486792716,bart_well_us
2024,47.30457698706232,bart_well_us
2024,47.298858984748875,bart_well_us
2024,47.28659802403617,bart_well_us
2024,47.28197245032091,bart_well_us
2024,47.294286967412305,bart_well_us
2024,47.29712082551154,bart_well_us
2024,47.29359563776249,bart_well_us
2024,47.29028006565892,bart_well_us
2024,47.30095265285254,bart_well_us
2024,47.307798154498656,bart_well_us
2024,47.301997923644244,bart_well_us
2024,47.29026675583085,bart_well_us
2024,47.2863476600445,bart_well_us
2024,47.28884747560738,bart_well_us
2024,47.27407760754718,bart_well_us
2024,47.275370120710036,bart_well_us
2024,47.270303711503864,bart_well_us
2024,47.27017862701751,bart_well_us
2024,47.270781099739324,bart_well_us
2024,47.27210483170674,bart_well_us
2024,47.25954776980615,bart_well_us
2024,47.25243224671203,bart_well_us
2024,47.251451356154234,bart_well_us
2024,47.25472784316667,bart_well_us
2024,47.25499424056753,bart_well_us
2024,47.25365004306711,bart_well_us
2024,47.26488068694654,bart_well_us
2024,47.27147896138648,bart_well_us
2024,47.27212852351903,bart_well_us
2024,47.27511595266858,bart_well_us
2024,47.2774920191916,bart_well_us
2024,47.281715390408955,bart_well_us
2024,47.283868514223514,bart_well_us
2024,47.28147840484811,bart_well_us
2024,47.29353663084489,bart_well_us
2024,47.28490542578042,bart_well_us
2024,47.280531748366705,bart_well_us
2024,47.270385516398484,bart_well_us
2024,47.27066916944264,bart_well_us
2024,47.27148145679786,bart_well_us
2024,47.26788965457676,bart_well_us
2024,47.26717900680373,bart_well_us
2024,47.27067626427312,bart_well_us
2024,47.275657904288344,bart_well_us
2024,47.272492735667946,bart_well_us
2024,47.275692601701856,bart_well_us
2024,47.27628404817746,bart_well_us
2024,47.27491405328437,bart_well_us
2024,47.28178046911901,bart_well_us
2024,47.282940715191984,bart_well_us
2024,47.28641137197917,bart_well_us
2024,47.28657567561085,bart_well_us
2024,47.293968568526054,bart_well_us
2024,47.29767410339171,bart_well_us
2024,47.30450834778837,bart_well_us
2024,47.2991021161106,bart_well_us
2024,47.30220525478661,bart_well_us
2024,47.293647783269925,bart_well_us
2024,47.290163986675125,bart_well_us
2024,47.28704517651753,bart_well_us
2024,47.28773660210361,bart_well_us
2024,47.28514635288697,bart_well_us
2024,47.28550220077242,bart_well_us
2024,47.2858153700121,bart_well_us
2024,47.28587362910023,bart_well_us
2024,47.28555824382637,bart_well_us
2024,47.285531946132174,bart_well_us
2024,47.28424597993492,bart_well_us
2024,47.283686252456754,bart_well_us
2024,47.281572678578584,bart_well_us
2024,47.275306910661484,bart_well_us
2024,47.27101405041782,bart_well_us
2024,47.27254633618751,bart_well_us
2024,47.26233223400937,bart_well_us
2024,47.2676947474642,bart_well_us
2024,47.26413272607711,bart_well_us
2024,47.26283197036187,bart_well_us
2024,47.25767692130779,bart_well_us
2024,47.245171554598436,bart_well_us
2024,47.24530135629796,bart_well_us
2024,47.243732860225116,bart_well_us
2024,47.24349493087154,bart_well_us
2024,47.241566425482176,bart_well_us
2024,47.24473676183976,bart_well_us
2024,47.241180626524326,bart_well_us
2024,47.24232685482276,bart_well_us
2024,47.248607991374286,bart_well_us
2024,47.25173996951287,bart_well_us
2024,47.25216452611439,bart_well_us
2024,47.25230262188852,bart_well_us
2024,47.25360152088062,bart_well_us
2024,47.25429041111592,bart_well_us
2024,47.25897512614024,bart_well_us
2024,47.25768172706412,bart_well_us
2024,47.26380394343899,bart_well_us
2024,47.258166494559525,bart_well_us
2024,47.25886666556825,bart_well_us
2024,47.250531763570514,bart_well_us
2024,47.24487216777586,bart_well_us
2024,47.24563976125003,bart_well_us
2024,47.24024209119229,bart_well_us
2024,47.2368011412414,bart_well_us
2024,47.234611319324884,bart_well_us
2024,47.22866311880372,bart_well_us
2024,47.23304045450599,bart_well_us
2024,47.23979603173763,bart_well_us
2024,47.23840659768564,bart_well_us
2024,47.24456507659115,bart_well_us
2024,47.24802600369309,bart_well_us
2024,47.24882197920118,bart_well_us
2024,47.249788964932634,bart_well_us
2024,47.24753196112641,bart_well_us
2024,47.24817500780226,bart_well_us
2024,47.24797280539658,bart_well_us
2024,47.25574879997585,bart_well_us
2024,47.255643069286954,bart_well_us
2024,47.251916949286574,bart_well_us
2024,47.24868660315824,bart_well_us
2024,47.24767223416741,bart_well_us
2024,47.248487476350945,bart_well_us
2024,47.25119511735369,bart_well_us
2024,47.25419975893914,bart_well_us
2024,47.24894751592953,bart_well_us
2024,47.25183170246651,bart_well_us
2024,47.245622094219996,bart_well_us
2024,47.252700039253966,bart_well_us
2024,47.24865537708857,bart_well_us
2024,47.24959451207066,bart_well_us
2024,47.24875309956518,bart_well_us
2024,47.24223650189315,bart_well_us
2024,47.24518244516909,bart_well_us
2024,47.25661163263717,bart_well_us
2024,47.254220155788175,bart_well_us
2024,47.256245322359,bart_well_us
2024,47.25585740423197,bart_well_us
2024,47.258452924007685,bart_well_us
2024,47.263194122800805,bart_well_us
2024,47.26598820650807,bart_well_us
2024,47.26554365040941,bart_well_us
2024,47.26563831117871,bart_well_us
2024,47.25766925487272,bart_well_us
2024,47.25987171686536,bart_well_us
2024,47.26866354034673,bart_well_us
2024,47.256768260265474,bart_well_us
2024,47.26156142678783,bart_well_us
2024,47.25832381204097,bart_well_us
2024,47.25564319406003,bart_well_us
2024,47.25118200410707,bart_well_us
2024,47.24944352277551,bart_well_us
2024,47.24829779911941,bart_well_us
2024,47.25712189060366,bart_well_us
2024,47.26068375102135,bart_well_us
2024,47.26625282385304,bart_well_us
2024,47.261483880570985,bart_well_us
2024,47.259333917993764,bart_well_us
2024,47.260686161735045,bart_well_us
2024,47.25087422679268,bart_well_us
2024,47.247620977797894,bart_well_us
2024,47.25066976883403,bart_well_us
2024,47.250881019511944,bart_well_us
2024,47.248533521283136,bart_well_us
2024,47.24620776101226,bart_well_us
2024,47.24915051953476,bart_well_us
2024,47.24414638924713,bart_well_us
2024,47.240188208198795,bart_well_us
2024,47.233270750753846,bart_well_us
2024,47.23260129021749,bart_well_us
2024,47.23199173413791,bart_well_us
2024,47.23610860216773,bart_well_us
2024,47.23684984379731,bart_well_us
2024,47.23755761253833,bart_well_us
2024,47.24391695042898,bart_well_us
2024,47.24154589604308,bart_well_us
2024,47.240787086442296,bart_well_us
2024,47.239104109432105,bart_well_us
2024,47.243326490336756,bart_well_us
2024,47.242503917534805,bart_well_us
2024,47.24455299823729,bart_well_us
2024,47.241416823138366,bart_well_us
2024,47.24399670536696,bart_well_us
2024,47.24270173025074,bart_well_us
2024,47.24476903868536,bart_well_us
2024,47.23267915987526,bart_well_us
2024,47.22859481898166,bart_well_us
2024,47.23067353717649,bart_well_us
2024,47.22809080826583,bart_well_us
2024,47.23367901587424,bart_well_us
2024,47.22785687731696,bart_well_us
2024,47.221526105829454,bart_well_us
2024,47.22786159918781,bart_well_us
2024,47.23159744317462,bart_well_us
2024,47.22933011592471,bart_well_us
2024,47.225506674529505,bart_well_us
2024,47.22350177902429,bart_well_us
2024,47.22719332789366,bart_well_us
2024,47.23149602176251,bart_well_us
2024,47.23461481465965,bart_well_us
2024,47.236819507800355,bart_well_us
2024,47.231662902756455,bart_well_us
2024,47.23057313827661,bart_well_us
2024,47.226705774007726,bart_well_us
2024,47.22786921457784,bart_well_us
2024,47.23503207938203,bart_well_us
2024,47.2299953144367,bart_well_us
2024,47.226438836626365,bart_well_us
2024,47.2329521857782,bart_well_us
2024,47.24050937402541,bart_well_us
2024,47.24118323055154,bart_well_us
2024,47.235735060330356,bart_well_us
2024,47.23405419061117,bart_well_us
2024,47.2384538360041,bart_well_us
2024,47.24029277616424,bart_well_us
2024,47.24553035433578,bart_well_us
2024,47.2441232701198,bart_well_us
2024,47.24730266825028,bart_well_us
2024,47.251780738399624,bart_well_us
2024,47.24785933578464,bart_well_us
2024,47.249074950819846,bart_well_us
2024,47.24659896503243,bart_well_us
2024,47.24338043466713,bart_well_us
2024,47.240064713655,bart_well_us
2024,47.23972573635813,bart_well_us
2024,47.23968025845347,bart_well_us
2024,47.24009138849588,bart_well_us
2024,47.243219945580364,bart_well_us
2024,47.24437000488068,bart_well_us
2024,47.2405402693052,bart_well_us
2024,47.24084731571608,bart_well_us
2024,47.23488978633215,bart_well_us
2024,47.23265553257712,bart_well_us
2024,47.231148353605725,bart_well_us
2024,47.23044157177554,bart_well_us
2024,47.23957846996556,bart_well_us
2024,47.237992386247214,bart_well_us
2024,47.23666896190284,bart_well_us
2024,47.2389241178589,bart_well_us
2024,47.23062213135354,bart_well_us
2024,47.22937589152611,bart_well_us
2024,47.2279311937702,bart_well_us
2024,47.22233584813222,bart_well_us
2024,47.22743717778958,bart_well_us
2024,47.226628333284225,bart_well_us
2024,47.22644844438024,bart_well_us
2024,47.228393236355174,bart_well_us
2024,47.222702136788584,bart_well_us
2024,47.22153198775047,bart_well_us
2024,47.224110509458356,bart_well_us
2024,47.22850189294772,bart_well_us
2024,47.2373987016012,bart_well_us
2024,47.237408775340405,bart_well_us
2024,47.23402203553394,bart_well_us
2024,47.22775127985599,bart_well_us
2024,47.22240740320147,bart_well_us
2024,47.22405300304101,bart_well_us
2024,47.222008752981175,bart_well_us
2024,47.22288910685219,bart_well_us
2024,47.223202477634345,bart_well_us
2024,47.22653986695825,bart_well_us
2024,47.230519769505825,bart_well_us
2024,47.232567211789714,bart_well_us
2024,47.23234453209603,bart_well_us
2024,47.228424950219576,bart_well_us
2024,47.23007706186556,bart_well_us
2024,47.228511424282544,bart_well_us
2024,47.22049988159161,bart_well_us
2024,47.22117206224915,bart_well_us
2024,47.22096915454933,bart_well_us
2024,47.22133751282017,bart_well_us
2024,47.22475412858087,bart_well_us
2024,47.22939638473045,bart_well_us
2024,47.233779678908206,bart_well_us
2024,47.23938488528691,bart_well_us
2024,47.241161342204585,bart_well_us
2024,47.24084771186671,bart_well_us
2024,47.237873312540074,bart_well_us
2024,47.239204128802264,bart_well_us
2024,47.23802491405385,bart_well_us
2024,47.23402562667615,bart_well_us
2024,47.228077236658024,bart_well_us
2024,47.22993408096657,bart_well_us
2024,47.22880013024185,bart_well_us
2024,47.23218767546235,bart_well_us
2024,47.227063159179195,bart_well_us
2024,47.22372123558451,bart_well_us
2024,47.22668744021043,bart_well_us
2024,47.2319792919741,bart_well_us
2024,47.229658198376654,bart_well_us
2024,47.22178562361427,bart_well_us
2024,47.2179099670976,bart_well_us
2024,47.219290574253115,bart_well_us
2024,47.21971122763565,bart_well_us
2024,47.21486446173735,bart_well_us
2024,47.209856113741466,bart_well_us
2024,47.21167715984153,bart_well_us
2024,47.213565970861666,bart_well_us
2024,47.219034926161584,bart_well_us
2024,47.22268247172964,bart_well_us
2024,47.22480228632826,bart_well_us
2024,47.2253575574982,bart_well_us
2024,47.22512720531121,bart_well_us
2024,47.22259763404021,bart_well_us
2024,47.22353501195899,bart_well_us
2024,47.233251376382626,bart_well_us
2024,47.23531289235764,bart_well_us
2024,47.2301314274776,bart_well_us
2024,47.22874374189789,bart_well_us
2024,47.23158217345434,bart_well_us
2024,47.23395123919184,bart_well_us
2024,47.23328676336098,bart_well_us
2024,47.23306262867947,bart_well_us
2024,47.230817013326615,bart_well_us
2024,47.22511430569929,bart_well_us
2024,47.21996799606475,bart_well_us
2024,47.22513511824283,bart_well_us
2024,47.22106182483365,bart_well_us
2024,47.223375905550355,bart_well_us
2024,47.22418316446165,bart_well_us
2024,47.22876749184357,bart_well_us
2024,47.223659610779904,bart_well_us
2024,47.22738478436287,bart_well_us
2024,47.22780818872473,bart_well_us
2024,47.227701583219755,bart_well_us
2024,47.227463659355166,bart_well_us
2024,47.22432543833759,bart_well_us
2024,47.22273514855386,bart_well_us
2024,47.21933042206697,bart_well_us
2024,47.22100405374738,bart_well_us
2024,47.218600538883265,bart_well_us
2024,47.21778542765251,bart_well_us
2024,47.21537981551343,bart_well_us
2024,47.213186418598795,bart_well_us
2024,47.213064869869775,bart_well_us
2024,47.21620404157584,bart_well_us
2024,47.213705936918124,bart_well_us
2024,47.209239142809174,bart_well_us
2024,47.208541914292525,bart_well_us
2024,47.20893315154854,bart_well_us
2024,47.206500472816685,bart_well_us
2024,47.201969410957425,bart_well_us
2024,47.20264817283297,bart_well_us
2024,47.20652582832104,bart_well_us
2024,47.208408255485985,bart_well_us
2024,47.205284419236065,bart_well_us
2024,47.20957064417474,bart_well_us
2024,47.20608181518442,bart_well_us
2024,47.205047478421385,bart_well_us
2024,47.20638467491538,bart_well_us
2024,47.211694468084346,bart_well_us
2024,47.21081579721788,bart_well_us
2024,47.2144875135272,bart_well_us
2024,47.221987008608124,bart_well_us
2024,47.22577534371749,bart_well_us
2024,47.22123076220214,bart_well_us
2024,47.22508348359509,bart_well_us
2024,47.223400989666395,bart_well_us
2024,47.2207559213147,bart_well_us
2024,47.22051093146205,bart_well_us
2024,47.22438660825877,bart_well_us
2024,47.22046834419758,bart_well_us
2024,47.22190521831734,bart_well_us
2024,47.22355442242353,bart_well_us
2024,47.223562460276625,bart_well_us
2024,47.22649929787625,bart_well_us
2024,47.23554773313407,bart_well_us
2024,47.23468151413833,bart_well_us
2024,47.236105088167896,bart_well_us
2024,47.235763253326326,bart_well_us
2024,47.23211358840606,bart_well_us
2024,47.23261107782358,bart_well_us
2024,47.231180213323306,bart_well_us
2024,47.22738595196414,bart_well_us
2024,47.228727166025514,bart_well_us
2024,47.22887328486711,bart_well_us
2024,47.232644284966476,bart_well_us
2024,47.23023661147369,bart_well_us
2024,47.22466315429722,bart_well_us
2024,47.22550731290531,bart_well_us
2024,47.23044523063312,bart_well_us
2024,47.23531457818514,bart_well_us
2024,47.23607829365805,bart_well_us
2024,47.24147323320518,bart_well_us
2024,47.24051575839777,bart_well_us
2024,47.237277999946116,bart_well_us
2024,47.23867118522079,bart_well_us
2024,47.23950286657964,bart_well_us
2024,47.2417710432393,bart_well_us
2024,47.24272469691991,bart_well_us
2024,47.243862897927144,bart_well_us
2024,47.24297102806,bart_well_us
2024,47.24404249631505,bart_well_us
2024,47.244392190223486,bart_well_us
2024,47.243167576629816,bart_well_us
2024,47.24347737629074,bart_well_us
2024,47.243827858294964,bart_well_us
2024,47.24589537641386,bart_well_us
2024,47.25219193120229,bart_well_us
2024,47.25154197761681,bart_well_us
2024,47.251552644772886,bart_well_us
2024,47.24586254227461,bart_well_us
2024,47.245888893462066,bart_well_us
2024,47.24724895638899,bart_well_us
2024,47.24690422386161,bart_well_us
2024,47.247280191696724,bart_well_us
2024,47.2503073671181,bart_well_us
2024,47.250329218296,bart_well_us
2024,47.24717763821656,bart_well_us
2024,47.245159416900314,bart_well_us
2024,47.24329183072563,bart_well_us
2024,47.242555304840494,bart_well_us
2024,47.238938271889765,bart_well_us
2024,47.24428153564673,bart_well_us
2024,47.246135724822366,bart_well_us
2024,47.253017730266045,bart_well_us
2024,47.25568182682373,bart_well_us
2024,47.25428581122911,bart_well_us
2024,47.25731362454688,bart_well_us
2024,47.26126241858809,bart_well_us
2016,43.64346937366511,bart_well
2016,44.36939091831874,bart_well
2016,43.96328999114896,bart_well
2016,44.360302476904074,bart_well
2016,44.04231789633748,bart_well
2016,44.870091656403616,bart_well
2016,45.807930003982435,bart_well
2016,45.69467254564202,bart_well
2016,46.17315162244519,bart_well
2016,46.516010240363336,bart_well
2016,46.84226282228176,bart_well
2016,46.571741368680705,bart_well
2016,46.56617251264601,bart_well
2016,46.57179254027959,bart_well
2016,46.60011073271134,bart_well
2016,46.41556902242631,bart_well
2016,46.323971278891186,bart_well
2016,46.32204863529682,bart_well
2016,46.12937435986075,bart_well
2016,45.855190985636625,bart_well
2016,45.932333994502045,bart_well
2016,45.73883212127833,bart_well
2016,45.98761296448833,bart_well
2016,46.14970210776397,bart_well
2016,46.060379642643824,bart_well
2016,46.025546634652436,bart_well
2016,46.461563813957184,bart_well
2016,46.40617494836302,bart_well
2016,46.38528694992041,bart_well
2016,46.641370612881,bart_well
2016,46.65302089503892,bart_well
2016,46.51757100028384,bart_well
2016,46.627133527806954,bart_well
2016,46.51119393958699,bart_well
2016,46.34503325188615,bart_well
2016,46.23075852927664,bart_well
2016,46.3434691976991,bart_well
2016,46.51276723774869,bart_well
2016,46.520684951000504,bart_well
2016,46.51280700685828,bart_well
2016,46.41697713864149,bart_well
2016,46.44469761053594,bart_well
2016,46.36449135774953,bart_well
2016,46.37664238277551,bart_well
2016,46.335108710003475,bart_well
2016,46.36013319603231,bart_well
2016,46.49631610238391,bart_well
2016,46.50159284899034,bart_well
2016,46.49025296227394,bart_well
2016,46.564300219122494,bart_well
2016,46.62620021963659,bart_well
2016,46.59794414716223,bart_well
2016,46.62519360888412,bart_well
2016,46.799056606572606,bart_well
2016,46.734738403610606,bart_well
2016,46.68938071729218,bart_well
2016,46.619810204343345,bart_well
2016,46.669207639744286,bart_well
2016,46.63612413145211,bart_well
2016,46.55979013107672,bart_well
2016,46.64016512242416,bart_well
2016,46.6507226224605,bart_well
2016,46.66193871720533,bart_well
2016,46.686758173581445,bart_well
2016,46.765996219120666,bart_well
2016,46.85629769174688,bart_well
2016,46.79811428166094,bart_well
2016,46.8857389476934,bart_well
2016,46.86137569512534,bart_well
2016,46.92013417231204,bart_well
2016,46.896332164084185,bart_well
2016,46.96228591191726,bart_well
2016,47.002687762761084,bart_well
2016,46.9902100971251,bart_well
2016,46.99271406216733,bart_well
2016,47.009746453635486,bart_well
2016,46.996003719576265,bart_well
2016,46.93570800269041,bart_well
2016,46.94558820072312,bart_well
2016,46.885871558222775,bart_well
2016,46.8846627874282,bart_well
2016,46.92520579872471,bart_well
2016,46.96724571249422,bart_well
2016,46.932581992456335,bart_well
2016,46.9150541101025,bart_well
2016,46.878498783926574,bart_well
2016,46.97443957374717,bart_well
2016,47.007662391296506,bart_well
2016,46.96977190568581,bart_well
2016,46.94067840563908,bart_well
2016,46.922031235601736,bart_well
2016,46.90664320176005,bart_well
2016,46.84349816789344,bart_well
2016,46.91135993418719,bart_well
2016,46.965805445778955,bart_well
2016,46.90077539617357,bart_well
2016,46.90311906483514,bart_well
2016,46.971167931141565,bart_well
2016,46.984785338595074,bart_well
2016,47.00676470313945,bart_well
2016,46.980826492942235,bart_well
2016,46.95761540946938,bart_well
2016,46.96856638709055,bart_well
2016,47.024228555123024,bart_well
2016,47.00323573484924,bart_well
2016,46.93959354978071,bart_well
2016,46.99666331493797,bart_well
2016,46.94012485719973,bart_well
2016,46.957379344710596,bart_well
2016,46.98814518680361,bart_well
2016,46.97262580192813,bart_well
2016,46.965444316540236,bart_well
2016,46.970513459862865,bart_well
2016,47.01230904191385,bart_well
2016,47.03942476949361,bart_well
2016,46.99543810377239,bart_well
2016,47.003957384339266,bart_well
2016,46.99824544035191,bart_well
2016,46.9934687909508,bart_well
2016,47.04307160013214,bart_well
2016,47.11110592753962,bart_well
2016,47.14005604934853,bart_well
2016,47.123574844848726,bart_well
2016,47.16556060416811,bart_well
2016,47.19415674287577,bart_well
2016,47.24568101351015,bart_well
2016,47.29475805713022,bart_well
2016,47.279330339407075,bart_well
2016,47.25713426084298,bart_well
2016,47.23850741601163,bart_well
2016,47.242659844210486,bart_well
2016,47.26080149615359,bart_well
2016,47.32786891091172,bart_well
2016,47.37037186894313,bart_well
2016,47.372029687538586,bart_well
2016,47.36264421724427,bart_well
2016,47.346337668568026,bart_well
2016,47.3841026359502,bart_well
2016,47.42185935856123,bart_well
2016,47.39271356100254,bart_well
2016,47.37428311323597,bart_well
2016,47.39676169225082,bart_well
2016,47.382882008618054,bart_well
2016,47.35684100241929,bart_well
2016,47.37526488131017,bart_well
2016,47.38512050015731,bart_well
2016,47.37513974359931,bart_well
2016,47.36298924799082,bart_well
2016,47.36839129742292,bart_well
2016,47.38231191130637,bart_well
2016,47.36719833160558,bart_well
2016,47.36210085997437,bart_well
2016,47.32692760268651,bart_well
2016,47.325203543707346,bart_well
2016,47.32781135731615,bart_well
2016,47.30838055432971,bart_well
2016,47.31581125017883,bart_well
2016,47.3468062068593,bart_well
2016,47.3304330727662,bart_well
2016,47.300176033691656,bart_well
2016,47.32582391582722,bart_well
2016,47.333746094948864,bart_well
2016,47.35771732507732,bart_well
2016,47.308987083712246,bart_well
2016,47.324551438960555,bart_well
2016,47.30530733272138,bart_well
2016,47.295911003973714,bart_well
2016,47.29828008432226,bart_well
2016,47.301554627913745,bart_well
2016,47.308782161777984,bart_well
2016,47.31700029292249,bart_well
2016,47.32845382372814,bart_well
2016,47.34543260674916,bart_well
2016,47.3578062489363,bart_well
2016,47.35453659749825,bart_well
2016,47.36144397717896,bart_well
2016,47.3832202935922,bart_well
2016,47.3797731245871,bart_well
2016,47.35962645447057,bart_well
2016,47.3314326835797,bart_well
2016,47.355179578170564,bart_well
2016,47.37434010103578,bart_well
2016,47.37028101494932,bart_well
2016,47.38586029769283,bart_well
2016,47.378694417888646,bart_well
2016,47.401738753722924,bart_well
2016,47.41230291131621,bart_well
2016,47.422597408474594,bart_well
2016,47.41372979132122,bart_well
2016,47.41628949930593,bart_well
2016,47.43726704595062,bart_well
2016,47.39710109945145,bart_well
2016,47.370221963053886,bart_well
2016,47.38481102434535,bart_well
2016,47.375679323965706,bart_well
2016,47.37299226268922,bart_well
2016,47.374206787675334,bart_well
2016,47.358419681810574,bart_well
2016,47.353083958215606,bart_well
2016,47.33482538726719,bart_well
2016,47.34067462147285,bart_well
2016,47.33248582630721,bart_well
2016,47.31173465385448,bart_well
2016,47.329531408265204,bart_well
2016,47.32488708628564,bart_well
2016,47.33548167363469,bart_well
2016,47.34048469223984,bart_well
2016,47.35860675335605,bart_well
2016,47.35894429528741,bart_well
2016,47.369133075127976,bart_well
2016,47.37951018603659,bart_well
2016,47.39533922652843,bart_well
2016,47.406100354927936,bart_well
2016,47.38849704153142,bart_well
2016,47.387485907432875,bart_well
2016,47.405074489976286,bart_well
2016,47.410758639423705,bart_well
2016,47.37422552352635,bart_well
2016,47.382004200185555,bart_well
2016,47.39913789464097,bart_well
2016,47.389780029716356,bart_well
2016,47.37303984816901,bart_well
2016,47.394027541046725,bart_well
2016,47.39429408374025,bart_well
2016,47.38973662271953,bart_well
2016,47.3859937290461,bart_well
2016,47.377793661233405,bart_well
2016,47.38477119638027,bart_well
2016,47.38943375362702,bart_well
2016,47.38141343787503,bart_well
2016,47.388177049599676,bart_well
2016,47.37753182360002,bart_well
2016,47.38483223124977,bart_well
2016,47.377038434877335,bart_well
2016,47.387080174314,bart_well
2016,47.36729207373956,bart_well
2016,47.37159030829659,bart_well
2016,47.3935372444414,bart_well
2016,47.390303199874374,bart_well
2016,47.394087746004416,bart_well
2016,47.391970460089816,bart_well
2016,47.41252690122219,bart_well
2016,47.40234675398673,bart_well
2016,47.40000397677443,bart_well
2016,47.37043244993349,bart_well
2016,47.37265166390998,bart_well
2016,47.364321225049224,bart_well
2016,47.3622059331033,bart_well
2016,47.36760946560782,bart_well
2016,47.33987971264589,bart_well
2016,47.33747416212998,bart_well
2016,47.332531087144034,bart_well
2016,47.320707134645986,bart_well
2016,47.3099829760085,bart_well
2016,47.3001561107924,bart_well
2016,47.28369558053105,bart_well
2016,47.28193611147219,bart_well
2016,47.28003318061553,bart_well
2016,47.296541180060395,bart_well
2016,47.29639279487508,bart_well
2016,47.28736321828236,bart_well
2016,47.25223665568859,bart_well
2016,47.24482832021319,bart_well
2016,47.24564625939533,bart_well
2016,47.25330763404769,bart_well
2016,47.25998227804003,bart_well
2016,47.278189216835266,bart_well
2016,47.2729709292101,bart_well
2016,47.28095674591491,bart_well
2016,47.29827337908668,bart_well
2016,47.271442328863415,bart_well
2016,47.26657365124674,bart_well
2016,47.270581512833104,bart_well
2016,47.271036022032604,bart_well
2016,47.264547087101555,bart_well
2016,47.27122040929985,bart_well
2016,47.27290039602487,bart_well
2016,47.278081729536154,bart_well
2016,47.2948271171889,bart_well
2016,47.31117944355994,bart_well
2016,47.32266180518642,bart_well
2016,47.3166008757976,bart_well
2016,47.30421012898731,bart_well
2016,47.319059430164984,bart_well
2016,47.317548059523986,bart_well
2016,47.32843896252909,bart_well
2016,47.30887843993369,bart_well
2016,47.307803659654944,bart_well
2016,47.30636840378326,bart_well
2016,47.277822962018114,bart_well
2016,47.27371312399022,bart_well
2016,47.28997755981101,bart_well
2016,47.29634369658951,bart_well
2016,47.304170311041744,bart_well
2016,47.311402594088804,bart_well
2016,47.30512293299062,bart_well
2016,47.295681190062666,bart_well
2016,47.29097537430587,bart_well
2016,47.283488840241354,bart_well
2016,47.277784775147595,bart_well
2016,47.25953477004565,bart_well
2016,47.248257127916965,bart_well
2016,47.25596520143171,bart_well
2016,47.244644157421305,bart_well
2016,47.21352335052369,bart_well
2016,47.19579469913863,bart_well
2016,47.192936660562054,bart_well
2016,47.21618750008931,bart_well
2016,47.232904555436235,bart_well
2016,47.21152169798842,bart_well
2016,47.19089159403242,bart_well
2016,47.19087873906303,bart_well
2016,47.20215926972129,bart_well
2016,47.20504972787468,bart_well
2016,47.18613335435882,bart_well
2016,47.18696282603298,bart_well
2016,47.19281581865891,bart_well
2016,47.19342368762526,bart_well
2016,47.185086938405426,bart_well
2016,47.185729824672016,bart_well
2016,47.18522084957771,bart_well
2016,47.20063011486508,bart_well
2016,47.20265160881082,bart_well
2016,47.185078153821266,bart_well
2016,47.18459903643128,bart_well
2016,47.18508115594111,bart_well
2016,47.174562153450736,bart_well
2016,47.17797530468359,bart_well
2016,47.17198658905261,bart_well
2016,47.17228649497532,bart_well
2016,47.16579535109183,bart_well
2016,47.16847180096492,bart_well
2016,47.161534279155426,bart_well
2016,47.17208299220827,bart_well
2016,47.179693173262535,bart_well
2016,47.17097104079914,bart_well
2016,47.182749122515915,bart_well
2016,47.18698256758853,bart_well
2016,47.18641698019189,bart_well
2016,47.188888126252984,bart_well
2016,47.16786627741709,bart_well
2016,47.15427588314209,bart_well
2016,47.15469571842088,bart_well
2016,47.15534264799409,bart_well
2016,47.14788921962345,bart_well
2016,47.16411281362252,bart_well
2016,47.16290911385555,bart_well
2016,47.15795587374289,bart_well
2016,47.16091898129678,bart_well
2016,47.17035695536175,bart_well
2016,47.16989389574496,bart_well
2016,47.18593948289099,bart_well
2016,47.19229979529797,bart_well
2016,47.20192486962862,bart_well
2016,47.199799205809164,bart_well
2016,47.18518488377688,bart_well
2016,47.18348657202361,bart_well
2016,47.18828856469401,bart_well
2016,47.185417549751776,bart_well
2016,47.19060902815105,bart_well
2016,47.20187864252345,bart_well
2016,47.209397150435386,bart_well
2016,47.19872293068729,bart_well
2016,47.19081019440762,bart_well
2016,47.19207873582238,bart_well
2016,47.18109226771969,bart_well
2016,47.174635821586755,bart_well
2016,47.18234148219798,bart_well
2016,47.18719738807728,bart_well
2016,47.197933409182255,bart_well
2016,47.20242619288682,bart_well
2016,47.21617619529948,bart_well
2016,47.21393032708849,bart_well
2016,47.215741140791515,bart_well
2016,47.21712959118197,bart_well
2016,47.206889423567645,bart_well
2016,47.198002487012104,bart_well
2016,47.198400095579586,bart_well
2016,47.21104304930704,bart_well
2016,47.20257926414389,bart_well
2016,47.20314371647699,bart_well
2016,47.20046703966767,bart_well
2016,47.207577674445055,bart_well
2016,47.19747397589806,bart_well
2016,47.192673843567775,bart_well
2016,47.18643363862543,bart_well
2016,47.173609406592625,bart_well
2016,47.16401140396394,bart_well
2016,47.18030676138309,bart_well
2016,47.18935463706569,bart_well
2016,47.20471049253241,bart_well
2016,47.203370050742244,bart_well
2016,47.20306949720863,bart_well
2016,47.19631768775851,bart_well
2016,47.1922644523035,bart_well
2016,47.21263051321651,bart_well
2016,47.21516345692411,bart_well
2016,47.215593563433806,bart_well
2016,47.227735251545184,bart_well
2016,47.224252304885255,bart_well
2016,47.21241037430691,bart_well
2016,47.2209114868875,bart_well
2016,47.2226507920003,bart_well
2016,47.22835947940692,bart_well
2016,47.234611706583614,bart_well
2016,47.2468034430564,bart_well
2016,47.245329375573235,bart_well
2016,47.243487641367025,bart_well
2016,47.2415625094012,bart_well
2016,47.24166950811656,bart_well
2016,47.25075663995989,bart_well
2016,47.26093302248212,bart_well
2016,47.25312942929109,bart_well
2016,47.25524174621785,bart_well
2016,47.26649667200378,bart_well
2016,47.262917038611086,bart_well
2016,47.253616274015656,bart_well
2016,47.25856336426263,bart_well
2016,47.252462054999725,bart_well
2016,47.25347871813396,bart_well
2016,47.245715376761936,bart_well
2016,47.24652066753038,bart_well
2016,47.25117197718886,bart_well
2016,47.263936882000074,bart_well
2016,47.25939833766451,bart_well
2016,47.2417663581534,bart_well
2016,47.25144706814835,bart_well
2016,47.23197956040118,bart_well
2016,47.23445929648186,bart_well
2016,47.22840417554083,bart_well
2016,47.230478251995095,bart_well
2016,47.22876319441771,bart_well
2016,47.226883070622264,bart_well
2016,47.22014361868882,bart_well
2016,47.21548669008341,bart_well
2016,47.21104993661819,bart_well
2016,47.22467134619272,bart_well
2016,47.23892350490671,bart_well
2016,47.25018382475929,bart_well
2016,47.243481560691734,bart_well
2016,47.236026283937996,bart_well
2016,47.232570452187176,bart_well
2016,47.23087453632182,bart_well
2016,47.234924633178295,bart_well
2016,47.23618858137643,bart_well
2016,47.24003567853789,bart_well
2016,47.24769960731142,bart_well
2016,47.25602602959506,bart_well
2016,47.23555689910492,bart_well
2016,47.22355388426618,bart_well
2016,47.21149261246925,bart_well
2016,47.216876566467825,bart_well
2016,47.22068875765863,bart_well
2016,47.21485012122287,bart_well
2016,47.21825026202784,bart_well
2016,47.21238300951941,bart_well
2016,47.199832002929334,bart_well
2016,47.20064051885192,bart_well
2016,47.19436980478234,bart_well
2016,47.19023993116531,bart_well
2016,47.183033088189546,bart_well
2016,47.18580459245898,bart_well
2016,47.19153315584751,bart_well
2016,47.196562881652106,bart_well
2016,47.21344191308064,bart_well
2016,47.21557835874865,bart_well
2016,47.209444497168825,bart_well
2016,47.209848623834056,bart_well
2016,47.21045331387369,bart_well
2016,47.207590976696004,bart_well
2016,47.20816371055289,bart_well
2016,47.206250079309136,bart_well
2016,47.20386834833194,bart_well
2016,47.202717187948664,bart_well
2016,47.190899446760106,bart_well
2016,47.19168068091963,bart_well
2016,47.19414788231209,bart_well
2016,47.191708953809055,bart_well
2016,47.19295496533205,bart_well
2016,47.20474904372266,bart_well
2016,47.199171000244675,bart_well
2016,47.20001420263738,bart_well
2016,47.20410477480509,bart_well
2016,47.19907392921182,bart_well
2016,47.19759689367649,bart_well
2016,47.198502434230356,bart_well
2016,47.20214917435057,bart_well
2016,47.20629978532207,bart_well
2016,47.20782951333366,bart_well
2016,47.22837820308876,bart_well
2016,47.2405991684885,bart_well
2016,47.2416586611736,bart_well
2016,47.23361654566053,bart_well
2016,47.22462786538146,bart_well
2016,47.226832229925755,bart_well
2016,47.22019046454891,bart_well
2016,47.22569866458884,bart_well
2016,47.217492525657164,bart_well
2016,47.229867001108296,bart_well
2016,47.22620666865426,bart_well
2016,47.22024506723742,bart_well
2016,47.21990267217631,bart_well
2016,47.207396754865044,bart_well
2016,47.189255779271754,bart_well
2016,47.19342476396794,bart_well
2016,47.192734168522364,bart_well
2016,47.19592073871607,bart_well
2016,47.20300908382176,bart_well
2016,47.205422327722545,bart_well
2016,47.21116514818347,bart_well
2016,47.20860813641491,bart_well
2016,47.19691146207782,bart_well
2016,47.197423347607966,bart_well
2016,47.19098691675032,bart_well
2016,47.20399757885877,bart_well
2016,47.20895268969625,bart_well
2016,47.20903483131525,bart_well
2016,47.21510887921764,bart_well
2016,47.20805845670209,bart_well
2016,47.216997112573516,bart_well
2016,47.20728450996052,bart_well
2016,47.203396428000865,bart_well
2016,47.19532579985912,bart_well
2016,47.208287910674656,bart_well
2016,47.20386838766679,bart_well
2016,47.216125421084406,bart_well
2016,47.22003977176389,bart_well
2016,47.224311563925156,bart_well
2016,47.233644001207,bart_well
2016,47.228644605883545,bart_well
2016,47.2358931764026,bart_well
2016,47.23700867158949,bart_well
2016,47.229512563243816,bart_well
2016,47.2196632622117,bart_well
2016,47.22387544976484,bart_well
2016,47.21682487551751,bart_well
2016,47.21961657778734,bart_well
2016,47.22281679482351,bart_well
2016,47.218726265998626,bart_well
2016,47.22497342870758,bart_well
2016,47.22556244346865,bart_well
2016,47.21264838665455,bart_well
2016,47.212723640754255,bart_well
2016,47.206486595270604,bart_well
2016,47.211649912101976,bart_well
2016,47.20913487085927,bart_well
2016,47.20682331144367,bart_well
2016,47.21170343893524,bart_well
2016,47.2043488430192,bart_well
2016,47.21461047998008,bart_well
2016,47.21345463422561,bart_well
2016,47.21346316024213,bart_well
2016,47.217050863745754,bart_well
2016,47.2139773191614,bart_well
2016,47.213503696697096,bart_well
2016,47.20915906659454,bart_well
2016,47.21226778691026,bart_well
2016,47.212440143002766,bart_well
2016,47.21010276304003,bart_well
2016,47.204372613466205,bart_well
2016,47.206620602092336,bart_well
2016,47.21433504798582,bart_well
2016,47.21419838779242,bart_well
2016,47.21761182334774,bart_well
2016,47.226164740980934,bart_well
2016,47.23995352176216,bart_well
2016,47.24426549416896,bart_well
2016,47.25398008580724,bart_well
2016,47.25815296643432,bart_well
2016,47.240172105541866,bart_well
2016,47.23351781080574,bart_well
2016,47.22982720261458,bart_well
2016,47.233956545103,bart_well
2016,47.24260510409066,bart_well
2016,47.24751632691524,bart_well
2016,47.24976437668484,bart_well
2016,47.24792375024798,bart_well
2016,47.24228036741667,bart_well
2016,47.23848768078987,bart_well
2016,47.23789057058697,bart_well
2016,47.22753898230144,bart_well
2016,47.22725883713027,bart_well
2016,47.22537821479764,bart_well
2016,47.220401832146635,bart_well
2016,47.231948640872545,bart_well
2016,47.2372989222646,bart_well
2016,47.23243551850508,bart_well
2016,47.23289115141648,bart_well
2016,47.23609828095582,bart_well
2016,47.23501484519309,bart_well
2016,47.2433532721756,bart_well
2016,47.23857748333735,bart_well
2016,47.23840286187076,bart_well
2016,47.23815348203927,bart_well
2016,47.24827225734251,bart_well
2016,47.257089210947555,bart_well
2016,47.25523639348515,bart_well
2016,47.25693801439863,bart_well
2016,47.246797435676584,bart_well
2016,47.23323521479887,bart_well
2016,47.23099376619662,bart_well
2016,47.23165132416291,bart_well
2016,47.22561775593363,bart_well
2016,47.21952308444034,bart_well
2016,47.21377641507286,bart_well
2016,47.21352616695289,bart_well
2016,47.21409500365659,bart_well
2016,47.21040745192611,bart_well
2016,47.21413001861408,bart_well
2016,47.21627676103205,bart_well
2016,47.21562876455718,bart_well
2016,47.211511662878614,bart_well
2016,47.221657455222356,bart_well
2016,47.21266250405854,bart_well
2016,47.21079130488437,bart_well
2016,47.20511321633079,bart_well
2016,47.20523158786158,bart_well
2016,47.209968496821986,bart_well
2016,47.207965675439695,bart_well
2016,47.20659524351066,bart_well
2016,47.21176711779585,bart_well
2016,47.20586498622897,bart_well
2016,47.2056729342965,bart_well
2016,47.201809284127535,bart_well
2016,47.20488735280988,bart_well
2016,47.20868073219389,bart_well
2016,47.19692424040347,bart_well
2016,47.196775480186545,bart_well
2016,47.19596044965368,bart_well
2016,47.19528102821181,bart_well
2016,47.18734360254204,bart_well
2016,47.19012188804556,bart_well
2016,47.193045073856126,bart_well
2016,47.191912841614595,bart_well
2016,47.18356251766714,bart_well
2016,47.18020489269919,bart_well
2016,47.182773508773785,bart_well
2016,47.188950152904624,bart_well
2016,47.18635508416742,bart_well
2016,47.18324333337989,bart_well
2016,47.180462204505616,bart_well
2016,47.17913644305325,bart_well
2016,47.187675693370636,bart_well
2016,47.18504007343332,bart_well
2016,47.1909825088334,bart_well
2016,47.18702826422093,bart_well
2016,47.178468582639816,bart_well
2016,47.17692572981396,bart_well
2016,47.18375534090559,bart_well
2016,47.176768213506435,bart_well
2016,47.180988099718014,bart_well
2016,47.18661463454897,bart_well
2016,47.19606802259406,bart_well
2016,47.20492502982033,bart_well
2016,47.20150609820016,bart_well
2016,47.196819973873886,bart_well
2016,47.18329303221774,bart_well
2016,47.19374287034727,bart_well
2016,47.196829557771466,bart_well
2016,47.19567525185143,bart_well
2016,47.201687040525265,bart_well
2016,47.193725309709706,bart_well
2016,47.18762220312417,bart_well
2016,47.18159676755879,bart_well
2016,47.1848781107083,bart_well
2016,47.17558049322406,bart_well
2016,47.17427922697361,bart_well
2016,47.17635162705294,bart_well
2016,47.17937735293754,bart_well
2016,47.17967558547804,bart_well
2016,47.18095555852756,bart_well
2016,47.183849374818266,bart_well
2016,47.190655695159016,bart_well
2016,47.18544927893796,bart_well
2016,47.18133411034809,bart_well
2016,47.19024977172556,bart_well
2016,47.189352954442256,bart_well
2016,47.17568780707376,bart_well
2016,47.17543079077568,bart_well
2016,47.18134545773815,bart_well
2016,47.172650576111096,bart_well
2016,47.17686063294116,bart_well
2016,47.17777166110924,bart_well
2016,47.18203214946524,bart_well
2016,47.188466896842975,bart_well
2016,47.191754499608656,bart_well
2016,47.18246770396311,bart_well
2016,47.188558027817095,bart_well
2016,47.184931480615234,bart_well
2016,47.186324177006384,bart_well
2016,47.18400951487,bart_well
2016,47.18320415017519,bart_well
2016,47.182707175426714,bart_well
2016,47.181309742008686,bart_well
2016,47.179892660182276,bart_well
2016,47.182444385374254,bart_well
2016,47.185287823940435,bart_well
2016,47.19042071636568,bart_well
2016,47.183769722799966,bart_well
2016,47.18504759163747,bart_well
2016,47.17867292717615,bart_well
2016,47.18645484178279,bart_well
2016,47.190440460978074,bart_well
2016,47.19826344933483,bart_well
2016,47.19715804556021,bart_well
2016,47.19624005964548,bart_well
2016,47.19124893458253,bart_well
2016,47.192921490806626,bart_well
2016,47.202380917349004,bart_well
2016,47.199369427116004,bart_well
2016,47.19042421359357,bart_well
2016,47.185934834378884,bart_well
2016,47.18200731124591,bart_well
2016,47.18964651361257,bart_well
2016,47.182497201398654,bart_well
2016,47.179292304092485,bart_well
2016,47.17675307504939,bart_well
2016,47.17772356334429,bart_well
2016,47.18282199007855,bart_well
2016,47.18952332472724,bart_well
2016,47.1817604013662,bart_well
2016,47.1843856922773,bart_well
2016,47.185290505024895,bart_well
2016,47.18935554110843,bart_well
2016,47.191671335212774,bart_well
2016,47.18751535221777,bart_well
2016,47.18710664798847,bart_well
2016,47.18798256393496,bart_well
2016,47.18885745691736,bart_well
2016,47.18387361113612,bart_well
2016,47.17322224449957,bart_well
2016,47.171844821870806,bart_well
2016,47.181825920071574,bart_well
2016,47.184651472340306,bart_well
2016,47.18013911219168,bart_well
2016,47.17590824174032,bart_well
2016,47.17558110523923,bart_well
2016,47.17635313893963,bart_well
2016,47.17720626847736,bart_well
2016,47.17380007480437,bart_well
2016,47.16595679041333,bart_well
2016,47.16508416232056,bart_well
2016,47.1655964709808,bart_well
2016,47.16040628322058,bart_well
2016,47.16128471456239,bart_well
2016,47.16015099863145,bart_well
2016,47.16216262262632,bart_well
2016,47.1586187563369,bart_well
2016,47.160531610677886,bart_well
2016,47.160966147438586,bart_well
2016,47.1649086017446,bart_well
2016,47.152141971047996,bart_well
2016,47.1499877723545,bart_well
2016,47.15106058718415,bart_well
2016,47.15400010892509,bart_well
2016,47.15439795173984,bart_well
2016,47.15403522107336,bart_well
2016,47.15757718811776,bart_well
2016,47.154199985706555,bart_well
2016,47.15182902524937,bart_well
2016,47.15559584353235,bart_well
2016,47.15725683383019,bart_well
2016,47.15442938429928,bart_well
2016,47.15282375380357,bart_well
2016,47.147869863295014,bart_well
2016,47.14378406970626,bart_well
2016,47.141608707886036,bart_well
2016,47.13651359084283,bart_well
2016,47.134662464082126,bart_well
2016,47.13640417932923,bart_well
2016,47.1293025411841,bart_well
2016,47.13063264536659,bart_well
2016,47.13543293799813,bart_well
2016,47.130366286568716,bart_well
2016,47.13128310080347,bart_well
2016,47.13378917520836,bart_well
2016,47.12806479175395,bart_well
2016,47.12178765904582,bart_well
2016,47.117783966426416,bart_well
2016,47.11201826091168,bart_well
2016,47.109452516528464,bart_well
2016,47.107899147182785,bart_well
2016,47.11061915940683,bart_well
2016,47.11671732572127,bart_well
2016,47.122160928248874,bart_well
2016,47.121694849590284,bart_well
2016,47.11807708012308,bart_well
2016,47.12292456348094,bart_well
2016,47.12190144941633,bart_well
2016,47.13018273628184,bart_well
2016,47.13322902687563,bart_well
2016,47.13190563562707,bart_well
2016,47.13546147027067,bart_well
2016,47.13560443047027,bart_well
2016,47.141486203538655,bart_well
2016,47.139554415924714,bart_well
2016,47.138016653133235,bart_well
2016,47.13593383571761,bart_well
2016,47.139565374927734,bart_well
2016,47.14473020128274,bart_well
2016,47.14341437108085,bart_well
2016,47.1429379623644,bart_well
2016,47.142036768572446,bart_well
2016,47.13699514911343,bart_well
2016,47.13834658500913,bart_well
2016,47.1390814763823,bart_well
2016,47.13645424495202,bart_well
2016,47.13393223682671,bart_well
2016,47.1391668127286,bart_well
2016,47.13583236031322,bart_well
2016,47.147360389647226,bart_well
2016,47.15331113314221,bart_well
2016,47.15595379608407,bart_well
2016,47.15847997604899,bart_well
2016,47.158522790632006,bart_well
2016,47.157546609454336,bart_well
2016,47.16252304359663,bart_well
2016,47.15956786216489,bart_well
2016,47.15919725251741,bart_well
2016,47.1533137657943,bart_well
2016,47.151424423172095,bart_well
2016,47.14171509965747,bart_well
2016,47.13932524232803,bart_well
2016,47.14323437823101,bart_well
2016,47.13646059923944,bart_well
2016,47.13080353398188,bart_well
2016,47.134325080224215,bart_well
2016,47.13986494239809,bart_well
2016,47.140283559113556,bart_well
2016,47.150262344863194,bart_well
2016,47.15443030045711,bart_well
2016,47.15000264027145,bart_well
2016,47.14221153881326,bart_well
2016,47.13825940094969,bart_well
2016,47.144681325904216,bart_well
2016,47.14732289124546,bart_well
2016,47.14920885088196,bart_well
2016,47.151878560232234,bart_well
2016,47.149434793968695,bart_well
2016,47.15512158634645,bart_well
2016,47.15228262344243,bart_well
2016,47.15847840328078,bart_well
2016,47.16527018528755,bart_well
2016,47.16018611772695,bart_well
2016,47.159289701781276,bart_well
2016,47.167182996380234,bart_well
2016,47.16831362202681,bart_well
2016,47.16499347141722,bart_well
2016,47.16664804785712,bart_well
2016,47.16830788192014,bart_well
2016,47.16650022722903,bart_well
2016,47.167157619350405,bart_well
2016,47.169144425272584,bart_well
2016,47.165556429407765,bart_well
2016,47.162912122039515,bart_well
2016,47.15889136120404,bart_well
2016,47.16221461429609,bart_well
2016,47.15832438685652,bart_well
2016,47.157562494997904,bart_well
2016,47.15933064188855,bart_well
2016,47.155863826557315,bart_well
2016,47.15228438281423,bart_well
2016,47.152994370585176,bart_well
2016,47.15217941973655,bart_well
2016,47.15465243350696,bart_well
2016,47.15129464447994,bart_well
2016,47.14665249686856,bart_well
2016,47.14758612126285,bart_well
2016,47.14857069327543,bart_well
2016,47.148710258894866,bart_well
2016,47.152672796635784,bart_well
2016,47.15648787351413,bart_well
2016,47.1602235150559,bart_well
2016,47.162255417502884,bart_well
2016,47.16105996776785,bart_well
2016,47.15905509814111,bart_well
2016,47.153078115800206,bart_well
2016,47.146748333234726,bart_well
2016,47.15105530552473,bart_well
2016,47.15568715384525,bart_well
2016,47.15324120748122,bart_well
2016,47.153918480914605,bart_well
2016,47.153391175175045,bart_well
2016,47.15333450699654,bart_well
2016,47.15434001932137,bart_well
2016,47.14614862607846,bart_well
2016,47.152226808226416,bart_well
2016,47.15044756523404,bart_well
2016,47.14958914219069,bart_well
2016,47.14791356787688,bart_well
2016,47.15159392706772,bart_well
2016,47.14893105179086,bart_well
2016,47.14453182906934,bart_well
2016,47.13739792632932,bart_well
2016,47.139956180951785,bart_well
2016,47.14119295687668,bart_well
2016,47.13702678324839,bart_well
2016,47.133398611177235,bart_well
2016,47.13178797150945,bart_well
2016,47.135561912369305,bart_well
2016,47.130253884828036,bart_well
2016,47.13330381290376,bart_well
2016,47.143791820921585,bart_well
2016,47.142637065709344,bart_well
2016,47.13684009329974,bart_well
2016,47.133965585403075,bart_well
2016,47.1395779518765,bart_well
2016,47.14266962070698,bart_well
2016,47.14763231573717,bart_well
2016,47.145594249377304,bart_well
2016,47.14040574972302,bart_well
2016,47.14315048427118,bart_well
2016,47.1435660441806,bart_well
2016,47.14817989387404,bart_well
2016,47.14779517320957,bart_well
2016,47.1474456969201,bart_well
2016,47.147261584531066,bart_well
2016,47.1424683197318,bart_well
2016,47.144854793931586,bart_well
2016,47.146586360790415,bart_well
2016,47.14192319365074,bart_well
2016,47.14256683891384,bart_well
2016,47.151581091288094,bart_well
2016,47.152769980273135,bart_well
2016,47.15586624296462,bart_well
2016,47.157008406077395,bart_well
2016,47.16134852100706,bart_well
2016,47.158980835318374,bart_well
2016,47.15865734270591,bart_well
2016,47.162149706187066,bart_well
2016,47.16005828129505,bart_well
2016,47.16457078540815,bart_well
2016,47.167008579786625,bart_well
2016,47.16556004821706,bart_well
2016,47.16983370380493,bart_well
2016,47.17104413877613,bart_well
2016,47.170892882615256,bart_well
2016,47.173618798662105,bart_well
2016,47.1744059886782,bart_well
2016,47.177413868431316,bart_well
2016,47.17604615875288,bart_well
2016,47.17900018149717,bart_well
2016,47.17719070611743,bart_well
2016,47.17826247760118,bart_well
2016,47.17948856916645,bart_well
2016,47.18467162635258,bart_well
2016,47.18843051852847,bart_well
2016,47.18538720373558,bart_well
2016,47.189070633508095,bart_well
2016,47.19248784109787,bart_well
2016,47.19178074334242,bart_well
2016,47.1917811105641,bart_well
2016,47.192522562254254,bart_well
2016,47.191647258822385,bart_well
2016,47.18996684776244,bart_well
2016,47.188456388579695,bart_well
2016,47.19132429558539,bart_well
2016,47.19331964741821,bart_well
2016,47.19105543561679,bart_well
2016,47.189310003734434,bart_well
2016,47.197972376926565,bart_well
2016,47.19884564948643,bart_well
2016,47.194627077082,bart_well
2016,47.194018092271634,bart_well
2016,47.19812060654346,bart_well
2016,47.202574163983456,bart_well
2016,47.20607452176543,bart_well
2016,47.20889100762939,bart_well
2016,47.20843154712371,bart_well
2016,47.20661687530462,bart_well
2016,47.20000141811134,bart_well
2016,47.197355058589764,bart_well
2016,47.19339106801283,bart_well
2016,47.19221276538002,bart_well
2016,47.18969722679373,bart_well
2016,47.19305326924061,bart_well
2016,47.190350631707524,bart_well
2016,47.190145572748875,bart_well
2016,47.186462777213656,bart_well
2016,47.17957381279677,bart_well
2016,47.1792253207754,bart_well
2016,47.17507064171413,bart_well
2016,47.173270618118714,bart_well
2016,47.170851882131146,bart_well
2016,47.16969220512365,bart_well
2016,47.17357071571257,bart_well
2016,47.17391444508287,bart_well
2016,47.17245256444591,bart_well
2016,47.16963913561923,bart_well
2016,47.167551232851444,bart_well
2016,47.164339103441925,bart_well
2016,47.15855037681601,bart_well
2016,47.15728358908248,bart_well
2016,47.15657587680544,bart_well
2016,47.152213932970525,bart_well
2016,47.14782102477412,bart_well
2016,47.1554255766417,bart_well
2016,47.15875179397766,bart_well
2016,47.1596735153328,bart_well
2016,47.15460970646448,bart_well
2020,50.63924770991158,bart_well
2020,47.55993097459126,bart_well
2020,47.40501379980576,bart_well
2020,48.854724612002535,bart_well
2020,49.4171728389174,bart_well
2020,50.51772021264988,bart_well
2020,51.06644556954612,bart_well
2020,50.675912554808576,bart_well
2020,51.28054443823902,bart_well
2020,51.67506886111629,bart_well
2020,51.763483965226754,bart_well
2020,51.08255664229843,bart_well
2020,51.1942876755916,bart_well
2020,51.065842594241374,bart_well
2020,51.04728954352239,bart_well
2020,50.95835708512113,bart_well
2020,50.973628713928505,bart_well
2020,51.05262243158018,bart_well
2020,50.782387998933004,bart_well
2020,50.68382654992871,bart_well
2020,50.56186685293453,bart_well
2020,50.385742551486594,bart_well
2020,50.448465771885154,bart_well
2020,50.45004636688985,bart_well
2020,50.508435844555294,bart_well
2020,50.72207696334857,bart_well
2020,50.69865902091851,bart_well
2020,50.622010079589046,bart_well
2020,50.54223842125801,bart_well
2020,50.62165641439421,bart_well
2020,50.66918671986857,bart_well
2020,50.592200609956606,bart_well
2020,50.7077993337814,bart_well
2020,50.68951783572697,bart_well
2020,50.61002455707376,bart_well
2020,50.553335990880015,bart_well
2020,50.715250839732086,bart_well
2020,50.83858346119378,bart_well
2020,50.73432260285381,bart_well
2020,50.81094146721652,bart_well
2020,50.680267769979025,bart_well
2020,50.73281496449582,bart_well
2020,50.83012634212206,bart_well
2020,50.65753348167286,bart_well
2020,50.641329595409736,bart_well
2020,50.743997870688375,bart_well
2020,50.667006252297085,bart_well
2020,50.625177392444506,bart_well
2020,50.74185749800337,bart_well
2020,50.82161607578415,bart_well
2020,50.75411614143067,bart_well
2020,50.77880239176508,bart_well
2020,50.908200385638295,bart_well
2020,50.83385894208678,bart_well
2020,50.79608862791899,bart_well
2020,50.73456249374709,bart_well
2020,50.80058103960404,bart_well
2020,50.8216124827851,bart_well
2020,50.780185849501,bart_well
2020,50.74966658894717,bart_well
2020,50.73033743445162,bart_well
2020,50.70224096630819,bart_well
2020,50.64974670435939,bart_well
2020,50.64626807336337,bart_well
2020,50.717896116139755,bart_well
2020,50.639917311035866,bart_well
2020,50.56427492092109,bart_well
2020,50.63766349873151,bart_well
2020,50.63562957839687,bart_well
2020,50.763985299567054,bart_well
2020,50.712860448418496,bart_well
2020,50.80995470075694,bart_well
2020,50.82279117698182,bart_well
2020,50.86472973197098,bart_well
2020,50.80324789834769,bart_well
2020,50.788530286602025,bart_well
2020,50.796422980405474,bart_well
2020,50.852990572121406,bart_well
2020,50.88145368981368,bart_well
2020,50.89084753828874,bart_well
2020,50.94452602481223,bart_well
2020,50.93428619345136,bart_well
2020,50.97935479431123,bart_well
2020,51.02228372908671,bart_well
2020,51.10379709756144,bart_well
2020,51.05760208674205,bart_well
2020,51.05603880645822,bart_well
2020,51.08920986599111,bart_well
2020,51.03045528163223,bart_well
2020,50.989649793079835,bart_well
2020,50.94379911871034,bart_well
2020,50.90993238721478,bart_well
2020,50.92152679535497,bart_well
2020,50.9608105190898,bart_well
2020,50.931277306236865,bart_well
2020,50.906748250389256,bart_well
2020,50.88418751796139,bart_well
2020,50.90238261886282,bart_well
2020,50.88154638533076,bart_well
2020,50.92206516868111,bart_well
2020,50.942656363539655,bart_well
2020,50.87225311071369,bart_well
2020,50.88015581245973,bart_well
2020,50.91142345440038,bart_well
2020,50.910878565493775,bart_well
2020,50.872995043727045,bart_well
2020,50.88670075144934,bart_well
2020,50.82442406124197,bart_well
2020,50.86539568245926,bart_well
2020,50.86606979171386,bart_well
2020,50.85892366260647,bart_well
2020,50.89356994616126,bart_well
2020,50.904525301435775,bart_well
2020,50.89283218517994,bart_well
2020,50.88629083356109,bart_well
2020,50.839442229803886,bart_well
2020,50.84140987685361,bart_well
2020,50.854233743007455,bart_well
2020,50.87542685294119,bart_well
2020,50.845320819029794,bart_well
2020,50.86750200432612,bart_well
2020,50.83608702818278,bart_well
2020,50.80262236995905,bart_well
2020,50.80713142334078,bart_well
2020,50.813628316172164,bart_well
2020,50.86106171305811,bart_well
2020,50.88348847428372,bart_well
2020,50.86088144264758,bart_well
2020,50.84939329057827,bart_well
2020,50.85745981626024,bart_well
2020,50.866262677548136,bart_well
2020,50.89998426630343,bart_well
2020,50.917824440422805,bart_well
2020,50.943847220581105,bart_well
2020,50.93206267979376,bart_well
2020,50.924102689432004,bart_well
2020,50.89468078095325,bart_well
2020,50.86488896117811,bart_well
2020,50.88312468726231,bart_well
2020,50.88425298139724,bart_well
2020,50.86505212896127,bart_well
2020,50.86381438163998,bart_well
2020,50.864513958050324,bart_well
2020,50.84774495597216,bart_well
2020,50.835452255730004,bart_well
2020,50.869630945995944,bart_well
2020,50.86705274400053,bart_well
2020,50.82487237388461,bart_well
2020,50.858997057171095,bart_well
2020,50.82829564356118,bart_well
2020,50.78297665309778,bart_well
2020,50.77319015899932,bart_well
2020,50.75475627663644,bart_well
2020,50.76337411966427,bart_well
2020,50.75072618145264,bart_well
2020,50.79147307606934,bart_well
2020,50.76705073341326,bart_well
2020,50.78400005787996,bart_well
2020,50.77271205925608,bart_well
2020,50.81682688293381,bart_well
2020,50.81353674694758,bart_well
2020,50.792699685008955,bart_well
2020,50.79436630420784,bart_well
2020,50.77229589103625,bart_well
2020,50.76973567301479,bart_well
2020,50.751854890265,bart_well
2020,50.720662787065166,bart_well
2020,50.70937375581246,bart_well
2020,50.698495066969144,bart_well
2020,50.686695612297655,bart_well
2020,50.66759049410129,bart_well
2020,50.65236222275147,bart_well
2020,50.662431046457435,bart_well
2020,50.681044003147605,bart_well
2020,50.72919865808609,bart_well
2020,50.755524473893104,bart_well
2020,50.77989075583297,bart_well
2020,50.80476027364082,bart_well
2020,50.7715442070043,bart_well
2020,50.72806905511062,bart_well
2020,50.74865768998147,bart_well
2020,50.75459759643513,bart_well
2020,50.734163389333474,bart_well
2020,50.74462033077094,bart_well
2020,50.77376237897076,bart_well
2020,50.75314838674582,bart_well
2020,50.746539750193406,bart_well
2020,50.763313510399186,bart_well
2020,50.782621265209265,bart_well
2020,50.781644676191405,bart_well
2020,50.793118153623894,bart_well
2020,50.77512642376348,bart_well
2020,50.783239988844606,bart_well
2020,50.781796936578786,bart_well
2020,50.762724818925534,bart_well
2020,50.73815204921015,bart_well
2020,50.72180375059391,bart_well
2020,50.691968326884954,bart_well
2020,50.682673482898636,bart_well
2020,50.686055934658484,bart_well
2020,50.68783847891546,bart_well
2020,50.68516805739975,bart_well
2020,50.673341456215425,bart_well
2020,50.660561723741665,bart_well
2020,50.6422325898109,bart_well
2020,50.65411945373788,bart_well
2020,50.67701573688911,bart_well
2020,50.70386311636532,bart_well
2020,50.68318182568948,bart_well
2020,50.69351870506405,bart_well
2020,50.66982806333082,bart_well
2020,50.660202313509764,bart_well
2020,50.658087511361245,bart_well
2020,50.63974948924476,bart_well
2020,50.62198364648623,bart_well
2020,50.62124692032136,bart_well
2020,50.61646372441645,bart_well
2020,50.62483755382004,bart_well
2020,50.6141946107811,bart_well
2020,50.62982063196708,bart_well
2020,50.65097574745171,bart_well
2020,50.64420329187907,bart_well
2020,50.646185364759155,bart_well
2020,50.65679706202677,bart_well
2020,50.6368813132959,bart_well
2020,50.64501605334043,bart_well
2020,50.65114806699021,bart_well
2020,50.63271450457687,bart_well
2020,50.63632279105981,bart_well
2020,50.62255205766266,bart_well
2020,50.60881394472747,bart_well
2020,50.596322519032256,bart_well
2020,50.59300250707328,bart_well
2020,50.618147776298706,bart_well
2020,50.61262427318122,bart_well
2020,50.615871003378786,bart_well
2020,50.624702633960446,bart_well
2020,50.65205950535808,bart_well
2020,50.63368589731492,bart_well
2020,50.65023208956337,bart_well
2020,50.6383507516121,bart_well
2020,50.64936654790936,bart_well
2020,50.648885043672344,bart_well
2020,50.64589845241649,bart_well
2020,50.607822198351016,bart_well
2020,50.63391010802318,bart_well
2020,50.64307619081309,bart_well
2020,50.66163805226879,bart_well
2020,50.687374332146696,bart_well
2020,50.68867406218098,bart_well
2020,50.69242320585005,bart_well
2020,50.69841445264794,bart_well
2020,50.689306384935556,bart_well
2020,50.69235856285414,bart_well
2020,50.6572684583782,bart_well
2020,50.66567404873634,bart_well
2020,50.66807985037705,bart_well
2020,50.65986580695647,bart_well
2020,50.676854657988144,bart_well
2020,50.68973074736216,bart_well
2020,50.70621964632585,bart_well
2020,50.70389592067026,bart_well
2020,50.6679625608233,bart_well
2020,50.69380786268205,bart_well
2020,50.702849329232734,bart_well
2020,50.71573617759101,bart_well
2020,50.73618319063602,bart_well
2020,50.73688941689497,bart_well
2020,50.715682868028665,bart_well
2020,50.71688087202284,bart_well
2020,50.70447272573108,bart_well
2020,50.70154806917342,bart_well
2020,50.705484708583214,bart_well
2020,50.703122266706764,bart_well
2020,50.68958517756424,bart_well
2020,50.66322040962258,bart_well
2020,50.6583427414123,bart_well
2020,50.673957052949454,bart_well
2020,50.66654349536416,bart_well
2020,50.6602125518734,bart_well
2020,50.66645863916786,bart_well
2020,50.6529240729714,bart_well
2020,50.649020637942485,bart_well
2020,50.65526966934587,bart_well
2020,50.65703945900615,bart_well
2020,50.648586439804866,bart_well
2020,50.61332318568758,bart_well
2020,50.60938688731365,bart_well
2020,50.62474192578782,bart_well
2020,50.61790189205119,bart_well
2020,50.62751315609402,bart_well
2020,50.629643430911706,bart_well
2020,50.644377094109515,bart_well
2020,50.64610815828759,bart_well
2020,50.65084819761946,bart_well
2020,50.6493892892781,bart_well
2020,50.62972945459035,bart_well
2020,50.639997008615005,bart_well
2020,50.63658159328582,bart_well
2020,50.625752222057834,bart_well
2020,50.605584135404484,bart_well
2020,50.5859932750206,bart_well
2020,50.57748395345567,bart_well
2020,50.55261634825199,bart_well
2020,50.51097383059859,bart_well
2020,50.49446912322766,bart_well
2020,50.49179595612765,bart_well
2020,50.49367322432755,bart_well
2020,50.47802577116562,bart_well
2020,50.471021859721525,bart_well
2020,50.45498968792404,bart_well
2020,50.47525413218833,bart_well
2020,50.481218464384575,bart_well
2020,50.4717983457288,bart_well
2020,50.488135402906664,bart_well
2020,50.48979222015607,bart_well
2020,50.486893213556655,bart_well
2020,50.46981395411966,bart_well
2020,50.46821432749503,bart_well
2020,50.48215605708565,bart_well
2020,50.470753693439676,bart_well
2020,50.492611007594235,bart_well
2020,50.50707614048116,bart_well
2020,50.489255262472795,bart_well
2020,50.49142894796502,bart_well
2020,50.49335894779574,bart_well
2020,50.48576998871826,bart_well
2020,50.476564311914245,bart_well
2020,50.48022595514131,bart_well
2020,50.47661607304224,bart_well
2020,50.48350882272299,bart_well
2020,50.49028591589388,bart_well
2020,50.479726052495934,bart_well
2020,50.48048953613602,bart_well
2020,50.50875534819462,bart_well
2020,50.514199078078335,bart_well
2020,50.521620007766316,bart_well
2020,50.5453680685026,bart_well
2020,50.540039016229535,bart_well
2020,50.53767195260462,bart_well
2020,50.544315297916654,bart_well
2020,50.53169755633105,bart_well
2020,50.53861292556829,bart_well
2020,50.54022326476911,bart_well
2020,50.53628456369682,bart_well
2020,50.55006954109628,bart_well
2020,50.543898666249866,bart_well
2020,50.544215910614305,bart_well
2020,50.54074724078589,bart_well
2020,50.55058460129569,bart_well
2020,50.56979118818031,bart_well
2020,50.57663219446148,bart_well
2020,50.572903420391846,bart_well
2020,50.5843987996701,bart_well
2020,50.588849098773295,bart_well
2020,50.58300654548835,bart_well
2020,50.56737604322717,bart_well
2020,50.577629437095965,bart_well
2020,50.56833689920019,bart_well
2020,50.5714901155278,bart_well
2020,50.59026352178448,bart_well
2020,50.58134157160278,bart_well
2020,50.57137559809644,bart_well
2020,50.54625736809525,bart_well
2020,50.544217983722916,bart_well
2020,50.55054085034542,bart_well
2020,50.55197610834092,bart_well
2020,50.566247657933324,bart_well
2020,50.57207325021431,bart_well
2020,50.57601818772126,bart_well
2020,50.58516055955673,bart_well
2020,50.57995484087521,bart_well
2020,50.56015681451703,bart_well
2020,50.55728647737737,bart_well
2020,50.55546282824794,bart_well
2020,50.560427725672106,bart_well
2020,50.56533705567341,bart_well
2020,50.56616076671652,bart_well
2020,50.57052047310302,bart_well
2020,50.56227916194584,bart_well
2020,50.56430736565578,bart_well
2020,50.56518111217472,bart_well
2020,50.56806336122126,bart_well
2020,50.56597344206128,bart_well
2020,50.568245492202664,bart_well
2020,50.56289763857669,bart_well
2020,50.5636508568044,bart_well
2020,50.55489300815559,bart_well
2020,50.567615704765586,bart_well
2020,50.57078690850521,bart_well
2020,50.58042311167671,bart_well
2020,50.57811155286451,bart_well
2020,50.56672482625143,bart_well
2020,50.56110290596976,bart_well
2020,50.554227925507064,bart_well
2020,50.5687744696032,bart_well
2020,50.56265632651399,bart_well
2020,50.55931850860719,bart_well
2020,50.544581877579745,bart_well
2020,50.53327542184402,bart_well
2020,50.529582994346455,bart_well
2020,50.54763586987748,bart_well
2020,50.54545042211232,bart_well
2020,50.558095456835794,bart_well
2020,50.56646983938003,bart_well
2020,50.57567989689966,bart_well
2020,50.577611859729,bart_well
2020,50.573143038827794,bart_well
2020,50.564922039274805,bart_well
2020,50.55715993704801,bart_well
2020,50.55558292582223,bart_well
2020,50.5623656495834,bart_well
2020,50.55595649116077,bart_well
2020,50.55521471364537,bart_well
2020,50.55596282738574,bart_well
2020,50.555960944115924,bart_well
2020,50.562227227966524,bart_well
2020,50.55404194400754,bart_well
2020,50.544887736589146,bart_well
2020,50.54429299147573,bart_well
2020,50.5422319125994,bart_well
2020,50.543086173889726,bart_well
2020,50.53673743257413,bart_well
2020,50.54385260853718,bart_well
2020,50.54696714105312,bart_well
2020,50.53867413327547,bart_well
2020,50.54466344387716,bart_well
2020,50.53783325002025,bart_well
2020,50.53668909094902,bart_well
2020,50.54943302843997,bart_well
2020,50.54959724793858,bart_well
2020,50.54439659508509,bart_well
2020,50.54427880472531,bart_well
2020,50.54855423355189,bart_well
2020,50.55659762260681,bart_well
2020,50.57481186252767,bart_well
2020,50.578591604435765,bart_well
2020,50.57696379169659,bart_well
2020,50.58119274001675,bart_well
2020,50.57666388397688,bart_well
2020,50.57241795718703,bart_well
2020,50.57616733800084,bart_well
2020,50.578545588651714,bart_well
2020,50.58304084177757,bart_well
2020,50.58725006952075,bart_well
2020,50.56791340759496,bart_well
2020,50.576720686175,bart_well
2020,50.58112111278778,bart_well
2020,50.580798099675604,bart_well
2020,50.57279654706254,bart_well
2020,50.579220716911124,bart_well
2020,50.5846753840301,bart_well
2020,50.58402293635028,bart_well
2020,50.58406119960726,bart_well
2020,50.57817576446162,bart_well
2020,50.5851770106658,bart_well
2020,50.59510396820042,bart_well
2020,50.6009030566586,bart_well
2020,50.58591479288028,bart_well
2020,50.57961857540574,bart_well
2020,50.56963118382227,bart_well
2020,50.57058732012834,bart_well
2020,50.56205049553466,bart_well
2020,50.564741689045846,bart_well
2020,50.572070479341924,bart_well
2020,50.574337044629445,bart_well
2020,50.58046445184017,bart_well
2020,50.581535439543806,bart_well
2020,50.58966040327661,bart_well
2020,50.60185250947815,bart_well
2020,50.60689187802023,bart_well
2020,50.60723428650077,bart_well
2020,50.60233459861267,bart_well
2020,50.60115206798824,bart_well
2020,50.593326758695696,bart_well
2020,50.590921864278954,bart_well
2020,50.603865044109654,bart_well
2020,50.60032259453169,bart_well
2020,50.606490577015364,bart_well
2020,50.60010127647029,bart_well
2020,50.61558728264557,bart_well
2020,50.62809888151404,bart_well
2020,50.626381729938984,bart_well
2020,50.623313471814654,bart_well
2020,50.613874960463484,bart_well
2020,50.63538210708767,bart_well
2020,50.64200017569699,bart_well
2020,50.63221596207139,bart_well
2020,50.63728437761292,bart_well
2020,50.64800647420506,bart_well
2020,50.65327799930796,bart_well
2020,50.64414254134259,bart_well
2020,50.636751624999924,bart_well
2020,50.630814820634285,bart_well
2020,50.62539638151924,bart_well
2020,50.63394957727959,bart_well
2020,50.62578621397405,bart_well
2020,50.627337270778554,bart_well
2020,50.62955731256146,bart_well
2020,50.624058010985564,bart_well
2020,50.62144773753177,bart_well
2020,50.615203292859434,bart_well
2020,50.62042169254,bart_well
2020,50.60899490149618,bart_well
2020,50.615303773464724,bart_well
2020,50.60599537979609,bart_well
2020,50.59931692440731,bart_well
2020,50.5996765080529,bart_well
2020,50.600433217412544,bart_well
2020,50.616043808240526,bart_well
2020,50.612064691545655,bart_well
2020,50.601557888787504,bart_well
2020,50.598544659988974,bart_well
2020,50.59173294750543,bart_well
2020,50.59930517126813,bart_well
2020,50.59684992754051,bart_well
2020,50.59366034957373,bart_well
2020,50.589502350765294,bart_well
2020,50.58490987411114,bart_well
2020,50.584453030024804,bart_well
2020,50.587021334439925,bart_well
2020,50.57957072479088,bart_well
2020,50.569633061916846,bart_well
2020,50.58860942360614,bart_well
2020,50.58461251068097,bart_well
2020,50.59144267208904,bart_well
2020,50.59880067187659,bart_well
2020,50.59729188780395,bart_well
2020,50.59250337361563,bart_well
2020,50.58756299764609,bart_well
2020,50.59383812883765,bart_well
2020,50.5987915610288,bart_well
2020,50.595639941676026,bart_well
2020,50.593934039354075,bart_well
2020,50.6001976073023,bart_well
2020,50.60114875259703,bart_well
2020,50.602787196944774,bart_well
2020,50.610208057260024,bart_well
2020,50.60922553968075,bart_well
2020,50.61956970568918,bart_well
2020,50.61837126594237,bart_well
2020,50.61438739673364,bart_well
2020,50.60442622681005,bart_well
2020,50.595068822850514,bart_well
2020,50.59915390075764,bart_well
2020,50.59687299389661,bart_well
2020,50.597899010318706,bart_well
2020,50.59777289516212,bart_well
2020,50.596258178904385,bart_well
2020,50.594754999927794,bart_well
2020,50.59339613285664,bart_well
2020,50.59453994730299,bart_well
2020,50.59808744527095,bart_well
2020,50.60191064060844,bart_well
2020,50.59988698117621,bart_well
2020,50.609333090194724,bart_well
2020,50.60831489541151,bart_well
2020,50.590133563408244,bart_well
2020,50.593275529069466,bart_well
2020,50.594997220181305,bart_well
2020,50.610609927214306,bart_well
2020,50.617857949654116,bart_well
2020,50.612635556759066,bart_well
2020,50.61501828027397,bart_well
2020,50.60942135121766,bart_well
2020,50.61816793194074,bart_well
2020,50.62317115965737,bart_well
2020,50.619346703961256,bart_well
2020,50.6130851438103,bart_well
2020,50.61219066291741,bart_well
2020,50.61084470931727,bart_well
2020,50.61919022895063,bart_well
2020,50.624330567608666,bart_well
2020,50.625979432247206,bart_well
2020,50.62560340154775,bart_well
2020,50.63200958976529,bart_well
2020,50.62074265094182,bart_well
2020,50.62869719690318,bart_well
2020,50.634336481213914,bart_well
2020,50.6352306578079,bart_well
2020,50.62744204511926,bart_well
2020,50.61034312584343,bart_well
2020,50.61624293846893,bart_well
2020,50.622715799007715,bart_well
2020,50.624261294065896,bart_well
2020,50.6207654864618,bart_well
2020,50.629836028583625,bart_well
2020,50.63709104552325,bart_well
2020,50.63850885491529,bart_well
2020,50.637218355819215,bart_well
2020,50.636964608831306,bart_well
2020,50.64336919881313,bart_well
2020,50.65284392919432,bart_well
2020,50.65037807097717,bart_well
2020,50.65185711275048,bart_well
2020,50.64978939476126,bart_well
2020,50.64518739065453,bart_well
2020,50.64771086177454,bart_well
2020,50.64755719374866,bart_well
2020,50.64479196843894,bart_well
2020,50.65109062115552,bart_well
2020,50.64881834637757,bart_well
2020,50.64880635360626,bart_well
2020,50.64613666860297,bart_well
2020,50.65080360780003,bart_well
2020,50.660825253567026,bart_well
2020,50.658969770095474,bart_well
2020,50.66148604731062,bart_well
2020,50.658598184497855,bart_well
2020,50.65596620883614,bart_well
2020,50.65437135726148,bart_well
2020,50.662059136876614,bart_well
2020,50.65876077717575,bart_well
2020,50.654791785128126,bart_well
2020,50.658139502454844,bart_well
2020,50.65065638724793,bart_well
2020,50.65632885667812,bart_well
2020,50.66071817693042,bart_well
2020,50.65004650645992,bart_well
2020,50.64944411947318,bart_well
2020,50.653128994204764,bart_well
2020,50.65341321399112,bart_well
2020,50.64581100435484,bart_well
2020,50.64346775950696,bart_well
2020,50.65301507052701,bart_well
2020,50.65904514906019,bart_well
2020,50.65995568790615,bart_well
2020,50.66447157788975,bart_well
2020,50.67033278573398,bart_well
2020,50.66507671003451,bart_well
2020,50.67871311566304,bart_well
2020,50.679450498484705,bart_well
2020,50.677574263181896,bart_well
2020,50.66663147398554,bart_well
2020,50.663184844205105,bart_well
2020,50.65752276247094,bart_well
2020,50.664238434627855,bart_well
2020,50.67703956059541,bart_well
2020,50.673195795252475,bart_well
2020,50.67137532886828,bart_well
2020,50.667733075587634,bart_well
2020,50.66769950260734,bart_well
2020,50.678978333232024,bart_well
2020,50.67655122102623,bart_well
2020,50.674111120181045,bart_well
2020,50.66842283537598,bart_well
2020,50.66655166814424,bart_well
2020,50.66101079681739,bart_well
2020,50.657224243936426,bart_well
2020,50.66321215175787,bart_well
2020,50.65947615708149,bart_well
2020,50.65709858806834,bart_well
2020,50.66012512329845,bart_well
2020,50.65981637150927,bart_well
2020,50.657128584874584,bart_well
2020,50.64698764695673,bart_well
2020,50.63908383528093,bart_well
2020,50.65265480647315,bart_well
2020,50.6487195417274,bart_well
2020,50.64459568769735,bart_well
2020,50.65412916706008,bart_well
2020,50.65660516728422,bart_well
2020,50.65446057405851,bart_well
2020,50.65492205439413,bart_well
2020,50.655100853458244,bart_well
2020,50.65479602624128,bart_well
2020,50.64939520475325,bart_well
2020,50.65513801150982,bart_well
2020,50.6569037299047,bart_well
2020,50.661852857310976,bart_well
2020,50.6563934036871,bart_well
2020,50.65788763334575,bart_well
2020,50.658841596653616,bart_well
2020,50.65890002420729,bart_well
2020,50.66178043926289,bart_well
2020,50.659668695473705,bart_well
2020,50.65265488637473,bart_well
2020,50.65164290187137,bart_well
2020,50.65030830022195,bart_well
2020,50.650607891406025,bart_well
2020,50.654205884188,bart_well
2020,50.66145561701634,bart_well
2020,50.652974289010494,bart_well
2020,50.64263302305624,bart_well
2020,50.645215208726064,bart_well
2020,50.64846981278159,bart_well
2020,50.656649515646876,bart_well
2020,50.66157397630106,bart_well
2020,50.65417690843376,bart_well
2020,50.65724306457714,bart_well
2020,50.65046226800497,bart_well
2020,50.64563676595277,bart_well
2020,50.646823789377216,bart_well
2020,50.646194390754125,bart_well
2020,50.65342259020359,bart_well
2020,50.65131707624067,bart_well
2020,50.64568800260585,bart_well
2020,50.65557279936827,bart_well
2020,50.65361490772665,bart_well
2020,50.65238104720628,bart_well
2020,50.64344665051461,bart_well
2020,50.64850087628418,bart_well
2020,50.65285109295263,bart_well
2020,50.65127908583867,bart_well
2020,50.65002858331658,bart_well
2020,50.653967470518445,bart_well
2020,50.65059228230922,bart_well
2020,50.64768787933808,bart_well
2020,50.659194503413346,bart_well
2020,50.66280612752848,bart_well
2020,50.65423619703528,bart_well
2020,50.65110639570473,bart_well
2020,50.64308992552263,bart_well
2020,50.64178522249713,bart_well
2020,50.637950442930446,bart_well
2020,50.643254691695645,bart_well
2020,50.644196965091176,bart_well
2020,50.647522807081266,bart_well
2020,50.654643399362755,bart_well
2020,50.658755372448944,bart_well
2020,50.66005044003721,bart_well
2020,50.65836474734881,bart_well
2020,50.66138406171197,bart_well
2020,50.66137925580276,bart_well
2020,50.6566512328069,bart_well
2020,50.65386960316797,bart_well
2020,50.65280298993244,bart_well
2020,50.651860832833464,bart_well
2020,50.65738037803524,bart_well
2020,50.65188580968349,bart_well
2020,50.645572625223394,bart_well
2020,50.64238424018673,bart_well
2020,50.641978569672844,bart_well
2020,50.64165820638775,bart_well
2020,50.628587655325475,bart_well
2020,50.631099254245804,bart_well
2020,50.63423601175888,bart_well
2020,50.63877749594742,bart_well
2020,50.64047401582101,bart_well
2020,50.637409361916106,bart_well
2020,50.63619431014054,bart_well
2020,50.63690758098625,bart_well
2020,50.63662561955724,bart_well
2020,50.638503376715825,bart_well
2020,50.64117945964928,bart_well
2020,50.63546744012914,bart_well
2020,50.64034303072417,bart_well
2020,50.644537560363,bart_well
2020,50.63947673950397,bart_well
2020,50.63898492349848,bart_well
2020,50.6342365905618,bart_well
2020,50.62874223190271,bart_well
2020,50.62100962245008,bart_well
2020,50.622978357268664,bart_well
2020,50.62208484912391,bart_well
2020,50.61973961840768,bart_well
2020,50.62078409143539,bart_well
2020,50.62209637874313,bart_well
2020,50.61174698469089,bart_well
2020,50.61039981216413,bart_well
2020,50.605839964044215,bart_well
2020,50.60466509213177,bart_well
2020,50.59754417496066,bart_well
2020,50.58525670400353,bart_well
2020,50.5821863640206,bart_well
2020,50.57981303553733,bart_well
2020,50.57595579322306,bart_well
2020,50.56934994794477,bart_well
2020,50.564595868269336,bart_well
2020,50.56490334257329,bart_well
2020,50.56518112198454,bart_well
2020,50.5775984169232,bart_well
2020,50.577943647180376,bart_well
2020,50.577481137089656,bart_well
2020,50.581168170108114,bart_well
2020,50.58114482143524,bart_well
2020,50.58530163383078,bart_well
2020,50.58150760500756,bart_well
2020,50.57929455301812,bart_well
2020,50.57630575930344,bart_well
2020,50.58044575426544,bart_well
2020,50.58366021302422,bart_well
2020,50.583175116942826,bart_well
2020,50.584189678506576,bart_well
2020,50.584725306119566,bart_well
2020,50.581710858879056,bart_well
2020,50.58107632412891,bart_well
2020,50.5932702180949,bart_well
2020,50.59149423320001,bart_well
2020,50.587113121447075,bart_well
2020,50.5920033050044,bart_well
2020,50.592658647241784,bart_well
2020,50.60068753771485,bart_well
2020,50.60218731751621,bart_well
2020,50.60298752948177,bart_well
2020,50.599581286679296,bart_well
2020,50.59704547207299,bart_well
2020,50.59027732354097,bart_well
2020,50.58553555675051,bart_well
2020,50.584648136460885,bart_well
2020,50.57846511510399,bart_well
2020,50.57843189635718,bart_well
2020,50.568027420388724,bart_well
2020,50.56347132086991,bart_well
2020,50.561982314241234,bart_well
2020,50.559606274409816,bart_well
2020,50.557012089545154,bart_well
2020,50.55797223022962,bart_well
2020,50.56175560135207,bart_well
2020,50.55598605789865,bart_well
2020,50.55719049487526,bart_well
2020,50.56685134571576,bart_well
2020,50.568097185015574,bart_well
2020,50.56645883763015,bart_well
2020,50.56477486672804,bart_well
2020,50.56438313805551,bart_well
2020,50.56843699577502,bart_well
2020,50.57583216180914,bart_well
2020,50.580574493822255,bart_well
2020,50.572356872246345,bart_well
2020,50.56909464390964,bart_well
2020,50.5631021533964,bart_well
2020,50.57357446354372,bart_well
2020,50.57633339127771,bart_well
2020,50.57418341655027,bart_well
2020,50.57040629709561,bart_well
2020,50.57795273901506,bart_well
2020,50.57863304537697,bart_well
2020,50.57753624329264,bart_well
2020,50.58573139766886,bart_well
2020,50.58483619520323,bart_well
2020,50.57880534475032,bart_well
2020,50.580424951299975,bart_well
2020,50.57587045877719,bart_well
2020,50.57478619784308,bart_well
2020,50.57660762065729,bart_well
2020,50.57553248563804,bart_well
2020,50.57658072013275,bart_well
2020,50.577184737896474,bart_well
2020,50.58091853702154,bart_well
2020,50.5768283815412,bart_well
2020,50.57698474288997,bart_well
2020,50.58423231303652,bart_well
2020,50.583153351981046,bart_well
2020,50.58282350145754,bart_well
2020,50.58697871212986,bart_well
2020,50.586328801834185,bart_well
2020,50.587102066528985,bart_well
2020,50.59225096772275,bart_well
2020,50.59259617861835,bart_well
2020,50.59175848542753,bart_well
2020,50.59060656012087,bart_well
2020,50.592701041018934,bart_well
2020,50.59049715777923,bart_well
2020,50.58642422973679,bart_well
2020,50.582201508896844,bart_well
2020,50.58738933448836,bart_well
2020,50.590945650896735,bart_well
2020,50.59529513327797,bart_well
2020,50.59462209080789,bart_well
2020,50.59311748638402,bart_well
2020,50.59529186550578,bart_well
2020,50.59521107729809,bart_well
2020,50.59276183783455,bart_well
2020,50.59741548113749,bart_well
2020,50.603148856179615,bart_well
2020,50.59519958757639,bart_well
2020,50.595516202493656,bart_well
2020,50.58605086485012,bart_well
2020,50.58811772772288,bart_well
2020,50.58815420643474,bart_well
2020,50.58957859178069,bart_well
2020,50.59007744315535,bart_well
2020,50.59168640701524,bart_well
2020,50.59471903111616,bart_well
2020,50.5968515237126,bart_well
2020,50.58823053839046,bart_well
2020,50.58996692529631,bart_well
2020,50.59471922416549,bart_well
2020,50.60001481343967,bart_well
2020,50.603667811354896,bart_well
2020,50.603861313898115,bart_well
2020,50.601448935397116,bart_well
2020,50.59964468729976,bart_well
2020,50.59734063173333,bart_well
2020,50.60161299810766,bart_well
2020,50.60223838167704,bart_well
2020,50.59486989604778,bart_well
2020,50.5959888257504,bart_well
2020,50.5921308460871,bart_well
2020,50.59197842710861,bart_well
2020,50.59138267912394,bart_well
2020,50.59049464674144,bart_well
2020,50.58653301731639,bart_well
2020,50.586938998054926,bart_well
2020,50.59053937017593,bart_well
2020,50.59440765561274,bart_well
2020,50.59246360983196,bart_well
2020,50.590306470526585,bart_well
2020,50.58972937769204,bart_well
2020,50.587653694321666,bart_well
2020,50.589066446748916,bart_well
2020,50.58980547227048,bart_well
2020,50.590724548665136,bart_well
2020,50.59496141096582,bart_well
2020,50.587309500148116,bart_well
2020,50.59103758227033,bart_well
2020,50.59206503014015,bart_well
2020,50.59189086527386,bart_well
2020,50.597414815450534,bart_well
2020,50.59631911085242,bart_well
2020,50.60049550752696,bart_well
2020,50.600909115755535,bart_well
2020,50.60379038617376,bart_well
2020,50.597456123089955,bart_well
2020,50.59752730148256,bart_well
2020,50.59483462127461,bart_well
2020,50.590381335805304,bart_well
2020,50.59698823354602,bart_well
2020,50.593966535919115,bart_well
2020,50.5906043349168,bart_well
2020,50.58852630807277,bart_well
2020,50.59578186332617,bart_well
2020,50.599786663102506,bart_well
2020,50.61113172572293,bart_well
2020,50.61198410516565,bart_well
2020,50.61817443426529,bart_well
2020,50.61483908790814,bart_well
2020,50.61416496791843,bart_well
2020,50.615032479981025,bart_well
2020,50.61106005194694,bart_well
2020,50.60656800391768,bart_well
2020,50.60474664354365,bart_well
2020,50.59701194438312,bart_well
2020,50.59948587518605,bart_well
2020,50.600822525139094,bart_well
2020,50.60184222646939,bart_well
2020,50.603136992715775,bart_well
2020,50.5999157222024,bart_well
2020,50.60209843214011,bart_well
2020,50.59504049093124,bart_well
2020,50.5953899180414,bart_well
2020,50.59771026272078,bart_well
2020,50.594237484528804,bart_well
2020,50.59230879467751,bart_well
2020,50.5989126544862,bart_well
2020,50.600476146990545,bart_well
2020,50.600293793186665,bart_well
2020,50.60261273488933,bart_well
2020,50.60743109682876,bart_well
2020,50.60233027540043,bart_well
2020,50.60004419627488,bart_well
2020,50.59646386578895,bart_well
2020,50.59710999920959,bart_well
2020,50.594901729752394,bart_well
2020,50.59489314427223,bart_well
2020,50.597916996650596,bart_well
2020,50.595977211626796,bart_well
2020,50.59987562475031,bart_well
2020,50.59609910368402,bart_well
2020,50.59722570414483,bart_well
2020,50.59718289979519,bart_well
2020,50.59580914364405,bart_well
2020,50.595915139642116,bart_well
2020,50.599074271826105,bart_well
2020,50.59783869827052,bart_well
2020,50.59389677283241,bart_well
2020,50.597623343808785,bart_well
2020,50.59177735376924,bart_well
2020,50.59412752182262,bart_well
2020,50.59664080690814,bart_well
2020,50.597318785198965,bart_well
2020,50.591463016953405,bart_well
2020,50.589454360088546,bart_well
2020,50.5909763350962,bart_well
2020,50.58780775512358,bart_well
2020,50.588695415950255,bart_well
2020,50.5839599171603,bart_well
2020,50.57948091943993,bart_well
2020,50.581673089701184,bart_well
2020,50.58580247255094,bart_well
2020,50.582230637456085,bart_well
2020,50.583522530504446,bart_well
2020,50.579070404989345,bart_well
2020,50.58727990906295,bart_well
2020,50.593029064614406,bart_well
2020,50.59505048728728,bart_well
2020,50.59964977358939,bart_well
2020,50.60100254989828,bart_well
2020,50.6001350463156,bart_well
2020,50.59591482150075,bart_well
2020,50.59696605069597,bart_well
2020,50.60232286959681,bart_well
2020,50.60381462589069,bart_well
2020,50.605797058041546,bart_well
2020,50.60598621242959,bart_well
2020,50.60762495464955,bart_well
2020,50.611373830674005,bart_well
2020,50.61037276596345,bart_well
2020,50.6066643003558,bart_well
2024,43.35664686571591,bart_well
2024,46.28359220860775,bart_well
2024,46.31692390162401,bart_well
2024,46.27398663118347,bart_well
2024,45.99548864910197,bart_well
2024,46.40962827634059,bart_well
2024,46.86747006319766,bart_well
2024,47.10996608414664,bart_well
2024,47.92690829770853,bart_well
2024,48.28197977949779,bart_well
2024,48.739139645764205,bart_well
2024,48.17599877214294,bart_well
2024,48.13605836709286,bart_well
2024,48.32983949280216,bart_well
2024,48.335427925896454,bart_well
2024,48.30999736988403,bart_well
2024,48.22125838486593,bart_well
2024,48.21811854143506,bart_well
2024,47.98578866532674,bart_well
2024,47.76561637199423,bart_well
2024,47.71057176297032,bart_well
2024,47.783412685369456,bart_well
2024,48.1990982925398,bart_well
2024,48.28782236779481,bart_well
2024,48.26848136138122,bart_well
2024,48.31714803334748,bart_well
2024,48.37428542150197,bart_well
2024,48.3495924407226,bart_well
2024,48.365229863096616,bart_well
2024,48.440923655035014,bart_well
2024,48.58297161236614,bart_well
2024,48.49363330067976,bart_well
2024,48.742815262127735,bart_well
2024,48.792090250844225,bart_well
2024,48.77620239387546,bart_well
2024,48.79670193641308,bart_well
2024,48.909558031373635,bart_well
2024,49.03207384081796,bart_well
2024,49.06090672884875,bart_well
2024,49.16718064045966,bart_well
2024,49.095134493526636,bart_well
2024,49.05956774624938,bart_well
2024,48.963469684134964,bart_well
2024,48.99305573568273,bart_well
2024,48.943293738596836,bart_well
2024,49.03756034623364,bart_well
2024,48.992425622256725,bart_well
2024,48.876071014016325,bart_well
2024,48.90939570453719,bart_well
2024,48.95553348354967,bart_well
2024,48.936897282878576,bart_well
2024,48.96003645015852,bart_well
2024,49.00931562759439,bart_well
2024,48.97163856169843,bart_well
2024,48.94915735749758,bart_well
2024,48.853814478607006,bart_well
2024,48.855731807066356,bart_well
2024,48.912562274466005,bart_well
2024,48.97487875268055,bart_well
2024,48.935814582818196,bart_well
2024,48.90603928865231,bart_well
2024,48.902529228768174,bart_well
2024,48.85559482015577,bart_well
2024,48.927563960179,bart_well
2024,48.9530155864819,bart_well
2024,48.89481812024417,bart_well
2024,48.86117588224746,bart_well
2024,48.921234745256825,bart_well
2024,48.94536624059417,bart_well
2024,49.00543127085108,bart_well
2024,48.936888815737504,bart_well
2024,48.98452714122878,bart_well
2024,49.01435454015629,bart_well
2024,49.06133643802286,bart_well
2024,49.07504967557453,bart_well
2024,49.05198662505735,bart_well
2024,49.08787815550714,bart_well
2024,49.076366484205664,bart_well
2024,49.073255883544476,bart_well
2024,49.10881625154866,bart_well
2024,49.13461821566922,bart_well
2024,49.180405366907216,bart_well
2024,49.19899120856438,bart_well
2024,49.229926163579606,bart_well
2024,49.27940548195042,bart_well
2024,49.22344070229854,bart_well
2024,49.29837986280445,bart_well
2024,49.32753291248065,bart_well
2024,49.2532890330864,bart_well
2024,49.190343088824775,bart_well
2024,49.15772428822997,bart_well
2024,49.09176425839805,bart_well
2024,49.0396644946602,bart_well
2024,49.027329879327255,bart_well
2024,48.97276904990594,bart_well
2024,48.94909399756385,bart_well
2024,48.99523535812767,bart_well
2024,49.030914359336066,bart_well
2024,49.02053789507836,bart_well
2024,49.03163797969642,bart_well
2024,49.0283894850934,bart_well
2024,48.956153853398064,bart_well
2024,48.94299513608803,bart_well
2024,48.98773179248284,bart_well
2024,48.98836046550747,bart_well
2024,48.91375146569868,bart_well
2024,48.966139694773446,bart_well
2024,48.93581438400205,bart_well
2024,48.945258173960845,bart_well
2024,48.965272838309545,bart_well
2024,48.93357567498154,bart_well
2024,48.95652583481726,bart_well
2024,48.94268552428343,bart_well
2024,48.971390258739724,bart_well
2024,48.98518444413204,bart_well
2024,48.95297159155122,bart_well
2024,48.934374794448466,bart_well
2024,48.976858891524294,bart_well
2024,48.97113499619772,bart_well
2024,48.94739983526623,bart_well
2024,49.017364173373124,bart_well
2024,49.02657761860856,bart_well
2024,49.034616204778686,bart_well
2024,49.034370528248324,bart_well
2024,48.99848260334009,bart_well
2024,49.02543022980872,bart_well
2024,49.088992378484775,bart_well
2024,49.08476037588122,bart_well
2024,49.065367541163404,bart_well
2024,49.07788381200747,bart_well
2024,49.05455137908693,bart_well
2024,49.088389015064905,bart_well
2024,49.10826373944242,bart_well
2024,49.10812098120799,bart_well
2024,49.12052709487903,bart_well
2024,49.101602056626625,bart_well
2024,49.06297893883952,bart_well
2024,49.088378278818915,bart_well
2024,49.08700264741712,bart_well
2024,49.09058725635849,bart_well
2024,49.10755554918995,bart_well
2024,49.11917266248606,bart_well
2024,49.124427578748346,bart_well
2024,49.09685517629062,bart_well
2024,49.08403195547665,bart_well
2024,49.11312325089813,bart_well
2024,49.112797149187514,bart_well
2024,49.096766705565734,bart_well
2024,49.100156499243084,bart_well
2024,49.0906529067773,bart_well
2024,49.05255979797202,bart_well
2024,49.04085185648823,bart_well
2024,49.05419132161971,bart_well
2024,49.06998815768489,bart_well
2024,49.09969338395276,bart_well
2024,49.13050823069418,bart_well
2024,49.134301893691244,bart_well
2024,49.16978304789356,bart_well
2024,49.14047952579924,bart_well
2024,49.1587914480575,bart_well
2024,49.164784241582666,bart_well
2024,49.1640468439134,bart_well
2024,49.17083583426354,bart_well
2024,49.1464879826735,bart_well
2024,49.15248125357615,bart_well
2024,49.143996261161405,bart_well
2024,49.11420798858411,bart_well
2024,49.09293754276812,bart_well
2024,49.07674450974602,bart_well
2024,49.09884958792128,bart_well
2024,49.099053868602184,bart_well
2024,49.098040615052675,bart_well
2024,49.08817423162235,bart_well
2024,49.11092335387889,bart_well
2024,49.128044628084524,bart_well
2024,49.142441469650606,bart_well
2024,49.1649718191965,bart_well
2024,49.17905576695931,bart_well
2024,49.16853875542566,bart_well
2024,49.1451832375998,bart_well
2024,49.14606898507936,bart_well
2024,49.152230191312896,bart_well
2024,49.14110145822346,bart_well
2024,49.16244061401104,bart_well
2024,49.16622966118398,bart_well
2024,49.15725144740143,bart_well
2024,49.16058508758603,bart_well
2024,49.153427931760135,bart_well
2024,49.155057594255275,bart_well
2024,49.15203779880909,bart_well
2024,49.16586626786683,bart_well
2024,49.144703748995795,bart_well
2024,49.14092044506063,bart_well
2024,49.14768913140582,bart_well
2024,49.15239003238324,bart_well
2024,49.15698273203499,bart_well
2024,49.1437349648392,bart_well
2024,49.12936218000487,bart_well
2024,49.117181200083394,bart_well
2024,49.10733974614591,bart_well
2024,49.1159613140699,bart_well
2024,49.10812654497011,bart_well
2024,49.10894473306787,bart_well
2024,49.11323497467558,bart_well
2024,49.113056446978156,bart_well
2024,49.102683817480184,bart_well
2024,49.115664596525804,bart_well
2024,49.12970003628665,bart_well
2024,49.09837336501004,bart_well
2024,49.11932491562371,bart_well
2024,49.12051537560727,bart_well
2024,49.12834651573327,bart_well
2024,49.140093662965285,bart_well
2024,49.12637700130155,bart_well
2024,49.106029538712214,bart_well
2024,49.11944666774471,bart_well
2024,49.131583040476514,bart_well
2024,49.119188436549805,bart_well
2024,49.12796470109848,bart_well
2024,49.14623436578682,bart_well
2024,49.15139498669622,bart_well
2024,49.160406830555345,bart_well
2024,49.14614001989114,bart_well
2024,49.17292511693171,bart_well
2024,49.164665118887356,bart_well
2024,49.164852710935875,bart_well
2024,49.169018337008545,bart_well
2024,49.154927740588946,bart_well
2024,49.15214353831095,bart_well
2024,49.131449454223535,bart_well
2024,49.13196247682244,bart_well
2024,49.11888111207955,bart_well
2024,49.129663139893275,bart_well
2024,49.14829407431813,bart_well
2024,49.156169344308296,bart_well
2024,49.15786244181942,bart_well
2024,49.15732625039502,bart_well
2024,49.17887278819325,bart_well
2024,49.170265746200904,bart_well
2024,49.179300713294204,bart_well
2024,49.18313729522743,bart_well
2024,49.20256616195089,bart_well
2024,49.20415781155598,bart_well
2024,49.19775510649092,bart_well
2024,49.17911926035442,bart_well
2024,49.19145972210843,bart_well
2024,49.19338946258385,bart_well
2024,49.210201569103674,bart_well
2024,49.225596479952856,bart_well
2024,49.22374847959101,bart_well
2024,49.227524613257415,bart_well
2024,49.23564673714253,bart_well
2024,49.231825881008824,bart_well
2024,49.21086198736822,bart_well
2024,49.20452391316793,bart_well
2024,49.19693968114821,bart_well
2024,49.17771776366366,bart_well
2024,49.19101495473966,bart_well
2024,49.19452846739448,bart_well
2024,49.197628169959,bart_well
2024,49.19148291682406,bart_well
2024,49.190231266978444,bart_well
2024,49.16530927247113,bart_well
2024,49.18210481830808,bart_well
2024,49.19129550345859,bart_well
2024,49.19515091696999,bart_well
2024,49.2043643934616,bart_well
2024,49.21586841424364,bart_well
2024,49.21567792151103,bart_well
2024,49.224004629069114,bart_well
2024,49.205628503472134,bart_well
2024,49.200230312752495,bart_well
2024,49.1906723921394,bart_well
2024,49.174156715643825,bart_well
2024,49.17506446675792,bart_well
2024,49.16252875661727,bart_well
2024,49.170849260506614,bart_well
2024,49.189474505498005,bart_well
2024,49.19247349169435,bart_well
2024,49.18774197395284,bart_well
2024,49.195535121931485,bart_well
2024,49.1768185607872,bart_well
2024,49.1700511131102,bart_well
2024,49.1865588072826,bart_well
2024,49.18199744722965,bart_well
2024,49.17305791120906,bart_well
2024,49.168602567238615,bart_well
2024,49.1735240262871,bart_well
2024,49.181241942636305,bart_well
2024,49.16648282217487,bart_well
2024,49.17301154822562,bart_well
2024,49.18020565952069,bart_well
2024,49.19661706377687,bart_well
2024,49.202308628885504,bart_well
2024,49.203580519851435,bart_well
2024,49.20293640439306,bart_well
2024,49.18634109152125,bart_well
2024,49.18399094299565,bart_well
2024,49.17940048574641,bart_well
2024,49.168533996700205,bart_well
2024,49.14910751642104,bart_well
2024,49.12745853045649,bart_well
2024,49.11397899222011,bart_well
2024,49.09515337664617,bart_well
2024,49.07623416574095,bart_well
2024,49.06088073882116,bart_well
2024,49.06993188408102,bart_well
2024,49.0759551266397,bart_well
2024,49.07580981236174,bart_well
2024,49.05561614209396,bart_well
2024,49.03395298607654,bart_well
2024,49.04034790753706,bart_well
2024,49.053949438095984,bart_well
2024,49.05392260456756,bart_well
2024,49.047569020919404,bart_well
2024,49.050098245885614,bart_well
2024,49.04282999883584,bart_well
2024,49.02367888625784,bart_well
2024,49.02957595239579,bart_well
2024,49.03973814922844,bart_well
2024,49.03944457997029,bart_well
2024,49.054101756649786,bart_well
2024,49.07187790873363,bart_well
2024,49.049794478779795,bart_well
2024,49.04124441481865,bart_well
2024,49.02721009368417,bart_well
2024,49.01204849608321,bart_well
2024,49.00351642047501,bart_well
2024,48.99183053519772,bart_well
2024,48.98971390429588,bart_well
2024,48.98980832770504,bart_well
2024,49.00303695383424,bart_well
2024,48.995387033844,bart_well
2024,49.00830784692289,bart_well
2024,49.032976968452594,bart_well
2024,49.02845790577467,bart_well
2024,49.03004911248762,bart_well
2024,49.04212118643666,bart_well
2024,49.04440305260964,bart_well
2024,49.04095379806446,bart_well
2024,49.04805824674982,bart_well
2024,49.040466813977716,bart_well
2024,49.0304031780528,bart_well
2024,49.03440406496168,bart_well
2024,49.029079011003205,bart_well
2024,49.033789865486185,bart_well
2024,49.01269944133528,bart_well
2024,49.01183335937759,bart_well
2024,49.00919865258146,bart_well
2024,49.0242073369594,bart_well
2024,49.0353327324403,bart_well
2024,49.03659772886289,bart_well
2024,49.04265154059593,bart_well
2024,49.05998493009408,bart_well
2024,49.06412981081175,bart_well
2024,49.05544729691253,bart_well
2024,49.05202616346498,bart_well
2024,49.05080434477898,bart_well
2024,49.04112580420034,bart_well
2024,49.04418368568402,bart_well
2024,49.044395951755,bart_well
2024,49.04583476239845,bart_well
2024,49.034211865081936,bart_well
2024,49.025411555638804,bart_well
2024,49.021084130243,bart_well
2024,49.01500955361899,bart_well
2024,49.016512761125036,bart_well
2024,49.00973751912165,bart_well
2024,49.00820000775528,bart_well
2024,49.01918283634198,bart_well
2024,49.023678544081086,bart_well
2024,49.01720145892989,bart_well
2024,49.00267476913813,bart_well
2024,49.00821849672048,bart_well
2024,49.00457261928857,bart_well
2024,49.00525508803778,bart_well
2024,48.996359506031034,bart_well
2024,48.99082655795612,bart_well
2024,48.99589945424472,bart_well
2024,48.98352298616164,bart_well
2024,48.97845072039334,bart_well
2024,48.990648035058356,bart_well
2024,48.99466555400643,bart_well
2024,48.99010146587779,bart_well
2024,48.991571731418404,bart_well
2024,48.98158296227545,bart_well
2024,48.98071587259995,bart_well
2024,48.97135834435093,bart_well
2024,48.98305557073157,bart_well
2024,48.99353263951117,bart_well
2024,49.006259530384085,bart_well
2024,48.99751513394445,bart_well
2024,48.991186487689475,bart_well
2024,48.98385333019722,bart_well
2024,48.975241937093884,bart_well
2024,48.99923663774431,bart_well
2024,49.000922927531086,bart_well
2024,49.0024637675013,bart_well
2024,49.003932877558114,bart_well
2024,49.001336094509824,bart_well
2024,48.995428367550396,bart_well
2024,49.00542638806043,bart_well
2024,49.01105432489354,bart_well
2024,49.020886826336366,bart_well
2024,49.02299229167198,bart_well
2024,49.03558780926916,bart_well
2024,49.03516112559106,bart_well
2024,49.029511697116575,bart_well
2024,49.015384208013415,bart_well
2024,49.00751996004276,bart_well
2024,49.016607429891096,bart_well
2024,49.0177920717888,bart_well
2024,49.01187162408259,bart_well
2024,49.011920698320964,bart_well
2024,49.01051333042756,bart_well
2024,49.00616786131757,bart_well
2024,49.00780188751381,bart_well
2024,49.00209386802601,bart_well
2024,48.99106346150911,bart_well
2024,49.0029460226793,bart_well
2024,49.006295568912236,bart_well
2024,48.99704793046944,bart_well
2024,48.991398197202045,bart_well
2024,48.999440285037466,bart_well
2024,49.00677539950053,bart_well
2024,49.00011873437937,bart_well
2024,49.00805191485109,bart_well
2024,49.00118645519728,bart_well
2024,49.002815226031515,bart_well
2024,49.003730687750185,bart_well
2024,49.00472011093826,bart_well
2024,49.00480473316254,bart_well
2024,49.01190428254533,bart_well
2024,49.01626178569689,bart_well
2024,49.018406103355176,bart_well
2024,49.02505980453678,bart_well
2024,49.026320517155526,bart_well
2024,49.03357351027676,bart_well
2024,49.04354450779934,bart_well
2024,49.03856327554158,bart_well
2024,49.032138308588856,bart_well
2024,49.03747729349834,bart_well
2024,49.039104556763625,bart_well
2024,49.049860136900946,bart_well
2024,49.05502658856797,bart_well
2024,49.04390469791887,bart_well
2024,49.04892781449112,bart_well
2024,49.06010184450776,bart_well
2024,49.066789422749856,bart_well
2024,49.06097236802185,bart_well
2024,49.06407096875188,bart_well
2024,49.072775992519325,bart_well
2024,49.066447419796994,bart_well
2024,49.05679771711024,bart_well
2024,49.04994003610422,bart_well
2024,49.042288735969194,bart_well
2024,49.04835187651757,bart_well
2024,49.05823459618526,bart_well
2024,49.043307355767034,bart_well
2024,49.0385956970127,bart_well
2024,49.02669978009695,bart_well
2024,49.018725866882086,bart_well
2024,49.0176953167295,bart_well
2024,49.02393433283302,bart_well
2024,49.03179312607488,bart_well
2024,49.02880644904458,bart_well
2024,49.02787130474003,bart_well
2024,49.02225887443066,bart_well
2024,49.01577359398205,bart_well
2024,49.02071046157893,bart_well
2024,49.03370357334606,bart_well
2024,49.035681522381125,bart_well
2024,49.03808886177769,bart_well
2024,49.0344086234434,bart_well
2024,49.021947318362336,bart_well
2024,49.0338173756782,bart_well
2024,49.05057622542818,bart_well
2024,49.04757022285284,bart_well
2024,49.04749424219102,bart_well
2024,49.03847008502227,bart_well
2024,49.043352726991195,bart_well
2024,49.04724275573241,bart_well
2024,49.05196549660704,bart_well
2024,49.04827156301123,bart_well
2024,49.037919522697024,bart_well
2024,49.05010679850817,bart_well
2024,49.05408228370506,bart_well
2024,49.04824035658935,bart_well
2024,49.04634422096257,bart_well
2024,49.055594246233284,bart_well
2024,49.05724645140971,bart_well
2024,49.058871512276,bart_well
2024,49.058631840763,bart_well
2024,49.0631461170613,bart_well
2024,49.0618710944973,bart_well
2024,49.060795889997166,bart_well
2024,49.05270994017733,bart_well
2024,49.061019529521076,bart_well
2024,49.06261370211374,bart_well
2024,49.060667159391926,bart_well
2024,49.0699110154908,bart_well
2024,49.0658705892278,bart_well
2024,49.06442766383935,bart_well
2024,49.05519624980396,bart_well
2024,49.06468382811249,bart_well
2024,49.06622519103919,bart_well
2024,49.06645716362388,bart_well
2024,49.067921053827156,bart_well
2024,49.0748939478739,bart_well
2024,49.08457936240743,bart_well
2024,49.07970121528238,bart_well
2024,49.07693696297319,bart_well
2024,49.075331541612094,bart_well
2024,49.06943021664936,bart_well
2024,49.080305346102406,bart_well
2024,49.081962755727034,bart_well
2024,49.07676006202648,bart_well
2024,49.0857618980811,bart_well
2024,49.07751591294395,bart_well
2024,49.08263966291595,bart_well
2024,49.08294828960566,bart_well
2024,49.08490451160759,bart_well
2024,49.083771425028786,bart_well
2024,49.09278892158373,bart_well
2024,49.08953180495237,bart_well
2024,49.103923110536215,bart_well
2024,49.10979179208856,bart_well
2024,49.11284662716398,bart_well
2024,49.11036905791247,bart_well
2024,49.1037073653438,bart_well
2024,49.10725273122479,bart_well
2024,49.09696425899256,bart_well
2024,49.093520588286374,bart_well
2024,49.09519846515525,bart_well
2024,49.101257889958525,bart_well
2024,49.09153558990584,bart_well
2024,49.096912174700556,bart_well
2024,49.09596949387308,bart_well
2024,49.090487347560924,bart_well
2024,49.09615613027769,bart_well
2024,49.08970419563628,bart_well
2024,49.07952369927022,bart_well
2024,49.0844466761089,bart_well
2024,49.085683589981336,bart_well
2024,49.08946428833272,bart_well
2024,49.075723493328155,bart_well
2024,49.07273383824656,bart_well
2024,49.07119681445147,bart_well
2024,49.062086069617244,bart_well
2024,49.058499603541506,bart_well
2024,49.053275669630466,bart_well
2024,49.05874907745964,bart_well
2024,49.069271723042135,bart_well
2024,49.071806637743805,bart_well
2024,49.06848267633103,bart_well
2024,49.07511782852434,bart_well
2024,49.06812126701562,bart_well
2024,49.063270606268446,bart_well
2024,49.06100183407014,bart_well
2024,49.0641243245077,bart_well
2024,49.07887424458828,bart_well
2024,49.09025711915665,bart_well
2024,49.08503147420727,bart_well
2024,49.08872335884317,bart_well
2024,49.086646462433976,bart_well
2024,49.09758920767744,bart_well
2024,49.10199818255023,bart_well
2024,49.1052578309543,bart_well
2024,49.10599789862878,bart_well
2024,49.101050517160786,bart_well
2024,49.097332303929974,bart_well
2024,49.101717964394545,bart_well
2024,49.10769001921765,bart_well
2024,49.113056018391866,bart_well
2024,49.11583253010028,bart_well
2024,49.11862053257276,bart_well
2024,49.10089114805396,bart_well
2024,49.10703312136074,bart_well
2024,49.104858424689475,bart_well
2024,49.101933209642816,bart_well
2024,49.091945301711526,bart_well
2024,49.081686228745866,bart_well
2024,49.08659496644818,bart_well
2024,49.09091167387631,bart_well
2024,49.0893706882,bart_well
2024,49.091418746961885,bart_well
2024,49.09417514549823,bart_well
2024,49.09635394242766,bart_well
2024,49.09142390967114,bart_well
2024,49.09249148444526,bart_well
2024,49.09677288495215,bart_well
2024,49.09907086837071,bart_well
2024,49.106401262131826,bart_well
2024,49.107530385286644,bart_well
2024,49.111107954743375,bart_well
2024,49.110892511632244,bart_well
2024,49.11145992348561,bart_well
2024,49.11598589497571,bart_well
2024,49.11242580150721,bart_well
2024,49.10758645688259,bart_well
2024,49.116714033483184,bart_well
2024,49.1098528287592,bart_well
2024,49.10932260329676,bart_well
2024,49.10690019823392,bart_well
2024,49.112555595543625,bart_well
2024,49.11869949384997,bart_well
2024,49.12279860329292,bart_well
2024,49.119443182951386,bart_well
2024,49.11583084353087,bart_well
2024,49.11687174950291,bart_well
2024,49.12221283357792,bart_well
2024,49.12799927510902,bart_well
2024,49.130233090902784,bart_well
2024,49.12638116495104,bart_well
2024,49.13473911298335,bart_well
2024,49.129374015556714,bart_well
2024,49.13518329678075,bart_well
2024,49.14032764377349,bart_well
2024,49.14145428952263,bart_well
2024,49.141557702596685,bart_well
2024,49.147624429623264,bart_well
2024,49.14428554457007,bart_well
2024,49.14236240632145,bart_well
2024,49.140464777432214,bart_well
2024,49.148111178949925,bart_well
2024,49.147332131324944,bart_well
2024,49.14272566666694,bart_well
2024,49.14291004932844,bart_well
2024,49.14560225585706,bart_well
2024,49.148206626415295,bart_well
2024,49.147812170769,bart_well
2024,49.14763658505619,bart_well
2024,49.13791940549781,bart_well
2024,49.136236141035376,bart_well
2024,49.12832016312003,bart_well
2024,49.127566191979724,bart_well
2024,49.12891882594032,bart_well
2024,49.1384441427598,bart_well
2024,49.134102247330745,bart_well
2024,49.12073927775164,bart_well
2024,49.11345236917864,bart_well
2024,49.11173804062925,bart_well
2024,49.11607244529811,bart_well
2024,49.12040263721873,bart_well
2024,49.12145758773797,bart_well
2024,49.12063250239129,bart_well
2024,49.119546475674575,bart_well
2024,49.116556305909256,bart_well
2024,49.11698934777836,bart_well
2024,49.109833058635985,bart_well
2024,49.11526219337973,bart_well
2024,49.118856884991914,bart_well
2024,49.12039125670402,bart_well
2024,49.119314082826904,bart_well
2024,49.11418749887778,bart_well
2024,49.113620762067754,bart_well
2024,49.10709482286097,bart_well
2024,49.11461353998209,bart_well
2024,49.11354051260456,bart_well
2024,49.11033172788807,bart_well
2024,49.12732271430333,bart_well
2024,49.12707904736481,bart_well
2024,49.12061824519713,bart_well
2024,49.11865417774135,bart_well
2024,49.127150025480674,bart_well
2024,49.12546285797121,bart_well
2024,49.12539191931424,bart_well
2024,49.12487101542767,bart_well
2024,49.12357021445485,bart_well
2024,49.12716788708359,bart_well
2024,49.12499506694429,bart_well
2024,49.12743769412245,bart_well
2024,49.12691695991239,bart_well
2024,49.12571691596207,bart_well
2024,49.12948144662447,bart_well
2024,49.129622963605,bart_well
2024,49.12768398146022,bart_well
2024,49.11993722241579,bart_well
2024,49.120877372057734,bart_well
2024,49.1219651096712,bart_well
2024,49.123370234314784,bart_well
2024,49.125554022203204,bart_well
2024,49.125336392899534,bart_well
2024,49.116113505359955,bart_well
2024,49.11638519164146,bart_well
2024,49.124560444329845,bart_well
2024,49.12892443224319,bart_well
2024,49.129354617375746,bart_well
2024,49.123346085657055,bart_well
2024,49.12366913800246,bart_well
2024,49.12264743112322,bart_well
2024,49.12428994450587,bart_well
2024,49.12303618997095,bart_well
2024,49.12304042141958,bart_well
2024,49.127708875797794,bart_well
2024,49.12303650432394,bart_well
2024,49.1210786704388,bart_well
2024,49.123772999061394,bart_well
2024,49.12363243030808,bart_well
2024,49.12199906896117,bart_well
2024,49.112090120392175,bart_well
2024,49.11853481221775,bart_well
2024,49.12126629987203,bart_well
2024,49.12726765323089,bart_well
2024,49.13042783923965,bart_well
2024,49.134161265009084,bart_well
2024,49.13338187463932,bart_well
2024,49.13061701894822,bart_well
2024,49.13987140793748,bart_well
2024,49.14176688734575,bart_well
2024,49.133306346707286,bart_well
2024,49.130787316582136,bart_well
2024,49.12657969562213,bart_well
2024,49.12933834285765,bart_well
2024,49.12595415951941,bart_well
2024,49.12352700904816,bart_well
2024,49.124737575650975,bart_well
2024,49.125057914090895,bart_well
2024,49.128850994683724,bart_well
2024,49.131922933681444,bart_well
2024,49.13521283829925,bart_well
2024,49.13406657597213,bart_well
2024,49.13842897733987,bart_well
2024,49.14406491293269,bart_well
2024,49.14928116481133,bart_well
2024,49.15002267906392,bart_well
2024,49.149730500867314,bart_well
2024,49.153046031634396,bart_well
2024,49.15618350350657,bart_well
2024,49.15459833616201,bart_well
2024,49.15019290338293,bart_well
2024,49.14689367659554,bart_well
2024,49.14869139257645,bart_well
2024,49.15409448812578,bart_well
2024,49.146996088441725,bart_well
2024,49.1452480134923,bart_well
2024,49.14370537801956,bart_well
2024,49.14167817531647,bart_well
2024,49.14170184396058,bart_well
2024,49.137848320058524,bart_well
2024,49.13179099905321,bart_well
2024,49.1254501847102,bart_well
2024,49.12905469837342,bart_well
2024,49.12974040230539,bart_well
2024,49.131662984229,bart_well
2024,49.134477046835165,bart_well
2024,49.140781102933786,bart_well
2024,49.13970852888674,bart_well
2024,49.13868283973145,bart_well
2024,49.1421046034274,bart_well
2024,49.14055295506152,bart_well
2024,49.13262853081414,bart_well
2024,49.131292601389404,bart_well
2024,49.13517806840203,bart_well
2024,49.13332889522352,bart_well
2024,49.13068333413587,bart_well
2024,49.12810876334359,bart_well
2024,49.129661430813655,bart_well
2024,49.11856453091166,bart_well
2024,49.11853870506589,bart_well
2024,49.12138051033471,bart_well
2024,49.11617271079322,bart_well
2024,49.116165101612104,bart_well
2024,49.10906705312147,bart_well
2024,49.10339892720142,bart_well
2024,49.10292121858032,bart_well
2024,49.10072218776766,bart_well
2024,49.095146070677146,bart_well
2024,49.09618406099814,bart_well
2024,49.096195738905635,bart_well
2024,49.09381409038164,bart_well
2024,49.10253913785523,bart_well
2024,49.106933563875366,bart_well
2024,49.1072118300811,bart_well
2024,49.10811057736145,bart_well
2024,49.11123438891692,bart_well
2024,49.110984423260646,bart_well
2024,49.1088977059549,bart_well
2024,49.106533070045586,bart_well
2024,49.11052208883948,bart_well
2024,49.11044338031727,bart_well
2024,49.109297138774615,bart_well
2024,49.10789107420056,bart_well
2024,49.10821390483447,bart_well
2024,49.108100351645824,bart_well
2024,49.1097417172979,bart_well
2024,49.107475559236654,bart_well
2024,49.118059473634645,bart_well
2024,49.11586469304015,bart_well
2024,49.1183215407291,bart_well
2024,49.11837669056817,bart_well
2024,49.11734795764461,bart_well
2024,49.12309568537251,bart_well
2024,49.12612745858731,bart_well
2024,49.12961861607944,bart_well
2024,49.12606630040674,bart_well
2024,49.12548360581108,bart_well
2024,49.120045647264654,bart_well
2024,49.11459561241397,bart_well
2024,49.11481649690581,bart_well
2024,49.10434433260175,bart_well
2024,49.102662446271054,bart_well
2024,49.095728358352524,bart_well
2024,49.090459090485396,bart_well
2024,49.09256425626003,bart_well
2024,49.09107508027438,bart_well
2024,49.089085696237845,bart_well
2024,49.0957443375714,bart_well
2024,49.10177775414868,bart_well
2024,49.09423303288547,bart_well
2024,49.10351539167562,bart_well
2024,49.11011478916263,bart_well
2024,49.10841212978259,bart_well
2024,49.107913935182545,bart_well
2024,49.104385437486556,bart_well
2024,49.10156615126336,bart_well
2024,49.10374912580018,bart_well
2024,49.10738281020645,bart_well
2024,49.11109876863495,bart_well
2024,49.10582669875344,bart_well
2024,49.103239341841096,bart_well
2024,49.102289032297165,bart_well
2024,49.10456980903058,bart_well
2024,49.10928854987344,bart_well
2024,49.105872039382696,bart_well
2024,49.102197173372595,bart_well
2024,49.10852719459312,bart_well
2024,49.11073932040002,bart_well
2024,49.112398388468236,bart_well
2024,49.11593940874701,bart_well
2024,49.1177032234894,bart_well
2024,49.11621368554404,bart_well
2024,49.11649954540165,bart_well
2024,49.11155528614235,bart_well
2024,49.114589454280036,bart_well
2024,49.116590716187986,bart_well
2024,49.115609010903924,bart_well
2024,49.11649583109592,bart_well
2024,49.11532946999483,bart_well
2024,49.1205693533776,bart_well
2024,49.11876846641846,bart_well
2024,49.11880389236863,bart_well
2024,49.120741131365364,bart_well
2024,49.119739780590024,bart_well
2024,49.121044856634946,bart_well
2024,49.12500575010536,bart_well
2024,49.12629007319309,bart_well
2024,49.125294960226725,bart_well
2024,49.13052828029575,bart_well
2024,49.125038232752985,bart_well
2024,49.12067583740044,bart_well
2024,49.122342469409695,bart_well
2024,49.128171314814075,bart_well
2024,49.124347379283996,bart_well
2024,49.12536498397439,bart_well
2024,49.1201146686347,bart_well
2024,49.12061579843876,bart_well
2024,49.120933347506046,bart_well
2024,49.121152183783586,bart_well
2024,49.122490438543295,bart_well
2024,49.12313567072263,bart_well
2024,49.11781664222204,bart_well
2024,49.116426395448556,bart_well
2024,49.11651264384176,bart_well
2024,49.11979813034127,bart_well
2024,49.121945965498405,bart_well
2024,49.1197810336502,bart_well
2024,49.11958616585438,bart_well
2024,49.11597553492265,bart_well
2024,49.1184095149319,bart_well
2024,49.12372709785291,bart_well
2024,49.12284339035561,bart_well
2024,49.1255527721643,bart_well
2024,49.13037624372417,bart_well
2024,49.12956659778609,bart_well
2024,49.13025691756454,bart_well
2024,49.12989445178694,bart_well
2024,49.126971406368604,bart_well
2024,49.13580324890076,bart_well
2024,49.13673471912627,bart_well
2024,49.139836350211056,bart_well
2024,49.1375662989441,bart_well
2024,49.137013942241325,bart_well
2024,49.131900120645035,bart_well
2024,49.13383076947054,bart_well
2024,49.133252417289256,bart_well
2024,49.13201456456916,bart_well
2024,49.126247297645556,bart_well
2024,49.12550007854159,bart_well
2024,49.12434884386253,bart_well
2024,49.12618284281734,bart_well
2024,49.13173730339394,bart_well
2024,49.13326067571228,bart_well
2024,49.132343580220414,bart_well
2024,49.13659992582138,bart_well
2024,49.141831682880856,bart_well
2024,49.14052007034445,bart_well
2024,49.14213136244452,bart_well
2024,49.1401460340955,bart_well
2024,49.13922732224678,bart_well
2024,49.136857755960534,bart_well
2024,49.1387163726244,bart_well
2024,49.14506025999724,bart_well
2024,49.14524752372442,bart_well
2024,49.14650897551135,bart_well
2024,49.144454920955766,bart_well
2024,49.14718362977838,bart_well
2024,49.144437098348476,bart_well
2024,49.145625983490895,bart_well
2024,49.1503760810776,bart_well
2024,49.14891867965854,bart_well
2024,49.15000045210352,bart_well
2024,49.147986483229964,bart_well
2024,49.15260983830996,bart_well
2024,49.14932866288888,bart_well
2024,49.147509528276935,bart_well
2024,49.144356440350805,bart_well
2024,49.13708760237296,bart_well
2024,49.13968441744254,bart_well
2024,49.13816992341641,bart_well
2024,49.14067277473766,bart_well
2024,49.139943739672404,bart_well
2024,49.14442420643654,bart_well
2024,49.14824524470744,bart_well
2024,49.154852311441616,bart_well
2024,49.156295045970026,bart_well
2024,49.1587883863394,bart_well
2024,49.15559400741941,bart_well
2024,49.156259293175225,bart_well
2024,49.15640098691458,bart_well
2024,49.15637828568872,bart_well
2024,49.16052852104188,bart_well
2024,49.16377120544519,bart_well
2024,49.15824591480781,bart_well
2024,49.16498164755461,bart_well
2024,49.163527963899114,bart_well
2024,49.16152487362172,bart_well
2024,49.16800747856431,bart_well
2024,49.17050808510213,bart_well
2024,49.17380732271186,bart_well
2024,49.17229745543265,bart_well
2024,49.17695839438662,bart_well
2024,49.17549228965903,bart_well
2024,49.17205344502996,bart_well
2024,49.17297791116951,bart_well
2024,49.183781140596714,bart_well
2024,49.18383776043572,bart_well
2024,49.17992636531664,bart_well
2024,49.18352685001114,bart_well
2024,49.18835050176672,bart_well
2024,49.18251353367113,bart_well
2024,49.18320948428672,bart_well
2024,49.1836284525124,bart_well
2024,49.18321652500855,bart_well
2024,49.183805523030486,bart_well
2024,49.1856570549068,bart_well
2024,49.18375988251757,bart_well
2024,49.18027350740357,bart_well
2024,49.18479165979486,bart_well
2024,49.179380924143224,bart_well
2024,49.18267780168306,bart_well
2024,49.17781596778038,bart_well
2024,49.179323906780276,bart_well
2024,49.179633124225994,bart_well
2024,49.18111591540814,bart_well
2024,49.18316828805611,bart_well
2024,49.1788274397413,bart_well
2024,49.17977227036998,bart_well
2024,49.17711120989809,bart_well
2024,49.17387785682267,bart_well
2024,49.176480405413464,bart_well
2024,49.18047243956925,bart_well
2024,49.17389345984636,bart_well
2024,49.171565314646216,bart_well
2024,49.17228524494452,bart_well
2024,49.175747009929374,bart_well
2024,49.17704354071879,bart_well
2024,49.17335594115546,bart_well
2024,49.1662798460509,bart_well
2024,49.164463162816496,bart_well
2024,49.16715039581381,bart_well
2024,49.166879651851005,bart_well
2024,49.16720329286716,bart_well
2024,49.16220224671036,bart_well
2024,49.168724249805756,bart_well
2024,49.17071620580224,bart_well
2024,49.173145070778475,bart_well
2024,49.17800932267633,bart_well
2024,49.17951076871482,bart_well
2024,49.17693122837124,bart_well
2024,49.176889210913274,bart_well
2024,49.175087138774344,bart_well
2024,49.17364822846359,bart_well
2024,49.170795605524226,bart_well
2024,49.17119216375839,bart_well
2024,49.175633563256476,bart_well
2024,49.17963164608732,bart_well
2024,49.17792042035734,bart_well
2024,49.17802301026364,bart_well
2024,49.17802928848595,bart_well
